-- phpMyAdmin SQL Dump
-- version 4.7.4
-- https://www.phpmyadmin.net/
--
-- Host: 127.0.0.1
-- Generation Time: Dec 03, 2017 at 05:25 AM
-- Server version: 10.1.28-MariaDB
-- PHP Version: 7.1.10

SET SQL_MODE = "NO_AUTO_VALUE_ON_ZERO";
SET AUTOCOMMIT = 0;
START TRANSACTION;
SET time_zone = "+00:00";


/*!40101 SET @OLD_CHARACTER_SET_CLIENT=@@CHARACTER_SET_CLIENT */;
/*!40101 SET @OLD_CHARACTER_SET_RESULTS=@@CHARACTER_SET_RESULTS */;
/*!40101 SET @OLD_COLLATION_CONNECTION=@@COLLATION_CONNECTION */;
/*!40101 SET NAMES utf8mb4 */;

--
-- Database: `restaurant`
--

-- --------------------------------------------------------

--
-- Table structure for table `auth_assignment`
--

CREATE TABLE `auth_assignment` (
  `item_name` varchar(64) COLLATE utf8_unicode_ci NOT NULL,
  `user_id` varchar(64) COLLATE utf8_unicode_ci NOT NULL,
  `created_at` int(11) DEFAULT NULL
) ENGINE=InnoDB DEFAULT CHARSET=utf8 COLLATE=utf8_unicode_ci;

--
-- Dumping data for table `auth_assignment`
--

INSERT INTO `auth_assignment` (`item_name`, `user_id`, `created_at`) VALUES
('admin', '1', 1510324703);

-- --------------------------------------------------------

--
-- Table structure for table `auth_item`
--

CREATE TABLE `auth_item` (
  `name` varchar(64) COLLATE utf8_unicode_ci NOT NULL,
  `type` smallint(6) NOT NULL,
  `description` text COLLATE utf8_unicode_ci,
  `rule_name` varchar(64) COLLATE utf8_unicode_ci DEFAULT NULL,
  `data` blob,
  `created_at` int(11) DEFAULT NULL,
  `updated_at` int(11) DEFAULT NULL
) ENGINE=InnoDB DEFAULT CHARSET=utf8 COLLATE=utf8_unicode_ci;

--
-- Dumping data for table `auth_item`
--

INSERT INTO `auth_item` (`name`, `type`, `description`, `rule_name`, `data`, `created_at`, `updated_at`) VALUES
('admin', 1, NULL, NULL, NULL, 1510324701, 1510324701),
('createCity', 2, 'create City', NULL, NULL, 1510324697, 1510324697),
('createComment', 2, 'create Comment', NULL, NULL, 1510324699, 1510324699),
('createContact', 2, 'create Contact', NULL, NULL, 1510324701, 1510324701),
('createDistrict', 2, 'create District', NULL, NULL, 1510324698, 1510324698),
('createFood', 2, 'create Food', NULL, NULL, 1510324699, 1510324699),
('createOrders', 2, 'create Orders', NULL, NULL, 1510324700, 1510324700),
('createRating', 2, 'create Rating', NULL, NULL, 1510324699, 1510324699),
('createRestaurant', 2, 'create Restaurant', NULL, NULL, 1510324697, 1510324697),
('createRestaurantImage', 2, 'create RestaurantImage', NULL, NULL, 1510324700, 1510324700),
('createRestaurantUser', 2, 'create RestaurantUser', NULL, NULL, 1510324701, 1510324701),
('createSlider', 2, 'create Slider', NULL, NULL, 1510324700, 1510324700),
('createUser', 2, 'create User', NULL, NULL, 1510324699, 1510324699),
('deleteCity', 2, 'delete City', NULL, NULL, 1510324697, 1510324697),
('deleteComment', 2, 'delete Comment', NULL, NULL, 1510324699, 1510324699),
('deleteContact', 2, 'delete Contact', NULL, NULL, 1510324701, 1510324701),
('deleteDistrict', 2, 'delete District', NULL, NULL, 1510324698, 1510324698),
('deleteFood', 2, 'delete Food', NULL, NULL, 1510324698, 1510324698),
('deleteOrders', 2, 'delete Orders', NULL, NULL, 1510324700, 1510324700),
('deleteRating', 2, 'delete Rating', NULL, NULL, 1510324699, 1510324699),
('deleteRestaurant', 2, 'delete Restaurant', NULL, NULL, 1510324697, 1510324697),
('deleteRestaurantImage', 2, 'delete RestaurantImage', NULL, NULL, 1510324700, 1510324700),
('deleteRestaurantUser', 2, 'delete RestaurantUser', NULL, NULL, 1510324701, 1510324701),
('deleteSlider', 2, 'delete Slider', NULL, NULL, 1510324700, 1510324700),
('deleteUser', 2, 'delete User', NULL, NULL, 1510324699, 1510324699),
('indexCity', 2, 'index City', NULL, NULL, 1510324697, 1510324697),
('indexComment', 2, 'index Comment', NULL, NULL, 1510324699, 1510324699),
('indexContact', 2, 'index Contact', NULL, NULL, 1510324700, 1510324700),
('indexDistrict', 2, 'index District', NULL, NULL, 1510324697, 1510324697),
('indexFood', 2, 'index Food', NULL, NULL, 1510324698, 1510324698),
('indexOrders', 2, 'index Orders', NULL, NULL, 1510324699, 1510324699),
('indexRating', 2, 'index Rating', NULL, NULL, 1510324699, 1510324699),
('indexRestaurant', 2, 'index Restaurant', NULL, NULL, 1510324697, 1510324697),
('indexRestaurantImage', 2, 'index RestaurantImage', NULL, NULL, 1510324700, 1510324700),
('indexRestaurantUser', 2, 'index RestaurantUser', NULL, NULL, 1510324701, 1510324701),
('indexSlider', 2, 'index Slider', NULL, NULL, 1510324700, 1510324700),
('indexUser', 2, 'index User', NULL, NULL, 1510324699, 1510324699),
('updateCity', 2, 'Update City', NULL, NULL, 1510324697, 1510324697),
('updateComment', 2, 'Update Comment', NULL, NULL, 1510324699, 1510324699),
('updateContact', 2, 'Update Contact', NULL, NULL, 1510324700, 1510324700),
('updateDistrict', 2, 'Update District', NULL, NULL, 1510324697, 1510324697),
('updateFood', 2, 'Update Food', NULL, NULL, 1510324698, 1510324698),
('updateOrders', 2, 'Update Orders', NULL, NULL, 1510324700, 1510324700),
('updateRating', 2, 'Update Rating', NULL, NULL, 1510324699, 1510324699),
('updateRestaurant', 2, 'Update Restaurant', NULL, NULL, 1510324697, 1510324697),
('updateRestaurantImage', 2, 'Update RestaurantImage', NULL, NULL, 1510324700, 1510324700),
('updateRestaurantUser', 2, 'Update RestaurantUser', NULL, NULL, 1510324701, 1510324701),
('updateSlider', 2, 'Update Slider', NULL, NULL, 1510324700, 1510324700),
('updateUser', 2, 'Update User', NULL, NULL, 1510324699, 1510324699),
('viewCity', 2, 'view City', NULL, NULL, 1510324697, 1510324697),
('viewComment', 2, 'view Comment', NULL, NULL, 1510324699, 1510324699),
('viewContact', 2, 'view Contact', NULL, NULL, 1510324701, 1510324701),
('viewDistrict', 2, 'view District', NULL, NULL, 1510324698, 1510324698),
('viewFood', 2, 'view Food', NULL, NULL, 1510324698, 1510324698),
('viewOrders', 2, 'view Orders', NULL, NULL, 1510324700, 1510324700),
('viewRating', 2, 'view Rating', NULL, NULL, 1510324699, 1510324699),
('viewRestaurant', 2, 'view Restaurant', NULL, NULL, 1510324697, 1510324697),
('viewRestaurantImage', 2, 'view RestaurantImage', NULL, NULL, 1510324700, 1510324700),
('viewRestaurantUser', 2, 'view RestaurantUser', NULL, NULL, 1510324701, 1510324701),
('viewSlider', 2, 'view Slider', NULL, NULL, 1510324700, 1510324700),
('viewUser', 2, 'view User', NULL, NULL, 1510324699, 1510324699);

-- --------------------------------------------------------

--
-- Table structure for table `auth_item_child`
--

CREATE TABLE `auth_item_child` (
  `parent` varchar(64) COLLATE utf8_unicode_ci NOT NULL,
  `child` varchar(64) COLLATE utf8_unicode_ci NOT NULL
) ENGINE=InnoDB DEFAULT CHARSET=utf8 COLLATE=utf8_unicode_ci;

--
-- Dumping data for table `auth_item_child`
--

INSERT INTO `auth_item_child` (`parent`, `child`) VALUES
('admin', 'createCity'),
('admin', 'createComment'),
('admin', 'createContact'),
('admin', 'createDistrict'),
('admin', 'createFood'),
('admin', 'createOrders'),
('admin', 'createRating'),
('admin', 'createRestaurant'),
('admin', 'createRestaurantImage'),
('admin', 'createRestaurantUser'),
('admin', 'createSlider'),
('admin', 'deleteCity'),
('admin', 'deleteComment'),
('admin', 'deleteContact'),
('admin', 'deleteDistrict'),
('admin', 'deleteFood'),
('admin', 'deleteOrders'),
('admin', 'deleteRating'),
('admin', 'deleteRestaurant'),
('admin', 'deleteRestaurantImage'),
('admin', 'deleteRestaurantUser'),
('admin', 'deleteSlider'),
('admin', 'indexCity'),
('admin', 'indexComment'),
('admin', 'indexContact'),
('admin', 'indexDistrict'),
('admin', 'indexFood'),
('admin', 'indexOrders'),
('admin', 'indexRating'),
('admin', 'indexRestaurant'),
('admin', 'indexRestaurantImage'),
('admin', 'indexRestaurantUser'),
('admin', 'indexSlider'),
('admin', 'updateCity'),
('admin', 'updateComment'),
('admin', 'updateContact'),
('admin', 'updateDistrict'),
('admin', 'updateFood'),
('admin', 'updateOrders'),
('admin', 'updateRating'),
('admin', 'updateRestaurant'),
('admin', 'updateRestaurantImage'),
('admin', 'updateRestaurantUser'),
('admin', 'updateSlider'),
('admin', 'viewCity'),
('admin', 'viewComment'),
('admin', 'viewContact'),
('admin', 'viewDistrict'),
('admin', 'viewFood'),
('admin', 'viewOrders'),
('admin', 'viewRating'),
('admin', 'viewRestaurant'),
('admin', 'viewRestaurantImage'),
('admin', 'viewRestaurantUser'),
('admin', 'viewSlider');

-- --------------------------------------------------------

--
-- Table structure for table `auth_rule`
--

CREATE TABLE `auth_rule` (
  `name` varchar(64) COLLATE utf8_unicode_ci NOT NULL,
  `data` blob,
  `created_at` int(11) DEFAULT NULL,
  `updated_at` int(11) DEFAULT NULL
) ENGINE=InnoDB DEFAULT CHARSET=utf8 COLLATE=utf8_unicode_ci;

-- --------------------------------------------------------

--
-- Table structure for table `city`
--

CREATE TABLE `city` (
  `id` int(11) NOT NULL,
  `name` varchar(255) COLLATE utf8_unicode_ci NOT NULL,
  `created_at` int(11) NOT NULL,
  `updated_at` int(11) NOT NULL
) ENGINE=InnoDB DEFAULT CHARSET=utf8 COLLATE=utf8_unicode_ci;

--
-- Dumping data for table `city`
--

INSERT INTO `city` (`id`, `name`, `created_at`, `updated_at`) VALUES
(1, 'Đà Nẵng', 1508919151, 1508919151),
(2, 'Hồ Chí Minh', 1508919188, 1508919188),
(3, 'Hà Nội', 1508919195, 1508919195),
(4, 'Hải Phòng', 1508919200, 1508919200),
(5, 'Huế', 1508919205, 1508919205),
(6, 'Cần Thơ', 1508919210, 1508919210);

-- --------------------------------------------------------

--
-- Table structure for table `comment`
--

CREATE TABLE `comment` (
  `id` int(11) NOT NULL,
  `body` text COLLATE utf8_unicode_ci NOT NULL,
  `user_id` int(11) NOT NULL,
  `restaurant_id` int(11) NOT NULL,
  `created_at` int(11) NOT NULL,
  `updated_at` int(11) NOT NULL
) ENGINE=InnoDB DEFAULT CHARSET=utf8 COLLATE=utf8_unicode_ci;

--
-- Dumping data for table `comment`
--

INSERT INTO `comment` (`id`, `body`, `user_id`, `restaurant_id`, `created_at`, `updated_at`) VALUES
(17, 'Hay', 1, 27, 1509095203, 1509095203),
(18, 'Tốt', 1, 38, 1509095207, 1509095207),
(22, 'Hay', 1, 27, 1509095203, 1509095203),
(23, 'Tốt', 1, 38, 1509095207, 1509095207),
(24, 'kfd', 1, 27, 1509097128, 1509097128),
(26, 'Great !', 1, 35, 1509097500, 1509097500),
(27, 'Nhân viên phục vụ nhiệt tình !', 2, 35, 1509106246, 1509106246),
(28, 'Giá cả hơi cao một chút', 2, 35, 1509106290, 1509106290),
(29, 'Thức ăn ở đây rất ngon!', 2, 35, 1509106306, 1509106306),
(31, 'Tuyệt vời !', 9, 35, 1509106846, 1509106846),
(33, 'Quá tệ !', 1, 40, 1509109326, 1509109326),
(34, 'View thoáng mát rộng rãi, thích hợp với những party.', 11, 35, 1509109607, 1509109607),
(35, 'Good', 11, 35, 1509167888, 1509167888),
(36, 'Good', 11, 35, 1509167904, 1509167904),
(37, 'Good', 11, 35, 1509167911, 1509167911),
(38, 'Good', 11, 35, 1509168076, 1509168076),
(39, 'Nhà hàng ok lắm !', 11, 27, 1509168214, 1509168214),
(40, 'Được.', 11, 27, 1509168276, 1509168276),
(41, 'Được.', 11, 27, 1509168297, 1509168297),
(42, 'Ngon đó', 11, 27, 1509168368, 1509168368),
(43, 'OK lắm', 11, 27, 1509168393, 1509168393),
(44, 'Thức ăn rất ngon', 11, 27, 1509168418, 1509168418),
(45, 'Rất tuyệt vời !', 11, 35, 1509168960, 1509168960),
(46, 'Được lắm', 11, 35, 1509169123, 1509169123),
(47, 'Hello !', 11, 35, 1509171393, 1509171393),
(48, 'Very good restaurant !', 11, 35, 1509171485, 1509171485),
(49, 'Được lắm đó', 11, 35, 1509171535, 1509171535),
(50, 'Great !', 11, 35, 1509171690, 1509171690),
(51, 'OK!', 11, 35, 1509171718, 1509171718),
(52, 'Được lắm bạn ơi', 11, 35, 1509171746, 1509171746),
(53, 'Tuyệt vời', 11, 35, 1509172383, 1509172383),
(54, 'rgrg', 11, 35, 1509172544, 1509172544),
(55, 'OK !!', 11, 35, 1509172562, 1509172562),
(56, 'df', 11, 35, 1509172635, 1509172635),
(57, 'Hêlo', 11, 27, 1509174296, 1509174296),
(58, 'dsd', 11, 27, 1509174355, 1509174355),
(59, 'Chán', 11, 35, 1509174398, 1509174398),
(60, 'Chán', 11, 35, 1509174406, 1509174406),
(61, 'Good', 11, 38, 1509174435, 1509174435),
(62, 'OK!', 11, 38, 1509174505, 1509174505),
(63, 'Cũng được !', 11, 41, 1509175109, 1509175109),
(64, '..........', 11, 41, 1509175144, 1509175144),
(65, 'Cũng tạm được', 11, 28, 1509184384, 1509184384),
(66, 'Tuyệt lắm admin', 12, 35, 1509200662, 1509200662),
(67, 'Thức ăn giá cao quá', 12, 28, 1509200773, 1509200773),
(68, 'Cũng tạm được', 12, 26, 1509200789, 1509200789),
(69, 'OK', 12, 40, 1509200804, 1509200804),
(70, 'Được đó nha', 1, 35, 1509209105, 1509209105),
(71, 'Hello', 1, 35, 1509209147, 1509209147),
(72, 'Được đó nha', 13, 41, 1509209203, 1509209203),
(73, 'Mới ghé hôm qua ^^', 1, 42, 1509249891, 1509249891),
(74, 'Thích hợp cho những party', 7, 38, 0, 0),
(75, 'Tuyệt vời', 14, 41, 0, 0),
(76, 'Tuyệt vời', 6, 38, 0, 0),
(77, 'Mình nhất định sẽ ghé', 15, 27, 0, 0),
(78, 'Thức ăn ngon lắm', 13, 38, 0, 0),
(79, 'Cuối tuần vừa rồi mình mới ghé thăm đó', 14, 27, 0, 0),
(80, 'Đồ ăn hơi tệ', 7, 38, 0, 0),
(81, 'Đồ ăn hơi tệ', 9, 38, 0, 0),
(82, 'Thức ăn ngon lắm', 14, 35, 0, 0),
(83, 'Mình nhất định sẽ ghé', 7, 40, 0, 0),
(84, 'Cũng tạm được', 8, 45, 0, 0),
(85, 'Tuyệt vời', 12, 40, 0, 0),
(86, 'Mình nhất định sẽ ghé', 12, 35, 0, 0),
(87, 'Cố gắng phát huy nhé', 13, 38, 0, 0),
(88, 'Nhân viên phục vụ chưa tốt lắm', 6, 45, 0, 0),
(89, 'Cuối tuần vừa rồi mình mới ghé thăm đó', 9, 42, 0, 0),
(90, 'Mình nhất định sẽ ghé', 13, 43, 0, 0),
(91, 'Thích hợp cho những party', 8, 42, 0, 0),
(92, 'Thank you !', 9, 40, 0, 0),
(93, 'Thích hợp cho những party', 12, 45, 0, 0),
(94, 'Cố gắng phát huy nhé', 7, 41, 0, 0),
(95, 'Cuối tuần vừa rồi mình mới ghé thăm đó', 13, 42, 0, 0),
(96, 'Tuyệt vời', 14, 42, 0, 0),
(97, 'Thức ăn ngon lắm', 8, 40, 0, 0),
(98, 'Mình nhất định sẽ ghé', 15, 46, 0, 0),
(99, 'Cố gắng phát huy nhé', 6, 27, 0, 0),
(100, 'Thank you !', 13, 46, 0, 0),
(101, 'Thoáng mát rộng rãi', 6, 38, 0, 0),
(102, 'Đồ ăn hơi tệ', 13, 41, 0, 0),
(103, 'very good', 6, 42, 0, 0),
(104, 'Mình nhất định sẽ ghé', 12, 28, 0, 0),
(105, 'Cũng tạm được', 14, 43, 0, 0),
(106, 'Nhân viên phục vụ chưa tốt lắm', 9, 42, 0, 0),
(107, 'Tuyệt vời', 13, 27, 0, 0),
(108, 'Thoáng mát rộng rãi', 6, 44, 0, 0),
(109, 'Thoáng mát rộng rãi', 11, 43, 0, 0),
(110, 'Nhân viên phục vụ chưa tốt lắm', 9, 43, 0, 0),
(111, 'Mình nhất định sẽ ghé', 12, 46, 0, 0),
(112, 'Mình nhất định sẽ ghé', 15, 41, 0, 0),
(113, 'Thức ăn ngon lắm', 9, 26, 0, 0),
(114, 'Cố gắng phát huy nhé', 8, 44, 0, 0),
(115, 'Đồ ăn hơi tệ', 13, 35, 0, 0),
(116, 'Cố gắng phát huy nhé', 8, 44, 0, 0),
(117, 'Nhân viên phục vụ chưa tốt lắm', 8, 45, 0, 0),
(118, 'Tuyệt vời', 9, 44, 0, 0),
(119, 'very good', 9, 28, 0, 0),
(120, 'Đồ ăn hơi tệ', 7, 35, 0, 0),
(121, 'very good', 12, 38, 0, 0),
(122, 'Nhân viên phục vụ chưa tốt lắm', 9, 46, 0, 0),
(123, 'Thank you !', 11, 41, 0, 0),
(124, 'Mình nhất định sẽ ghé', 9, 27, 0, 0),
(125, 'Cũng tạm được', 10, 45, 0, 0),
(126, 'Tuyệt vời', 13, 46, 0, 0),
(127, 'Thank you !', 8, 38, 0, 0),
(128, 'Thích hợp cho những party', 6, 43, 0, 0),
(129, 'Đồ ăn hơi tệ', 7, 26, 0, 0),
(130, 'Cũng tạm được', 7, 43, 0, 0),
(131, 'Thức ăn ngon lắm', 7, 41, 0, 0),
(132, 'Chưa tốt lắm, 4 sao nhé', 13, 46, 0, 0),
(133, 'Chưa tốt lắm, 4 sao nhé', 8, 40, 0, 0),
(134, 'very good', 9, 43, 0, 0),
(135, 'Thức ăn ngon lắm', 12, 41, 0, 0),
(136, 'Nhân viên phục vụ chưa tốt lắm', 7, 44, 0, 0),
(137, 'Đồ ăn hơi tệ', 6, 42, 0, 0),
(138, 'Thức ăn ngon lắm', 7, 35, 0, 0),
(139, 'Nhân viên phục vụ chưa tốt lắm', 14, 27, 0, 0),
(140, 'Thoáng mát rộng rãi', 10, 35, 0, 0),
(141, 'Thức ăn ngon lắm', 13, 41, 0, 0),
(142, 'Đồ ăn hơi tệ', 12, 27, 0, 0),
(143, 'Thoáng mát rộng rãi', 10, 46, 0, 0),
(144, 'Thức ăn ngon lắm', 12, 40, 0, 0),
(145, 'Chưa tốt lắm, 4 sao nhé', 15, 45, 0, 0),
(146, 'Cố gắng phát huy nhé', 6, 45, 0, 0),
(147, 'Nhân viên phục vụ chưa tốt lắm', 15, 44, 0, 0),
(148, 'Tuyệt vời', 15, 42, 0, 0),
(149, 'Gía hơi đắt', 9, 27, 0, 0),
(150, 'Cố gắng phát huy nhé', 8, 35, 0, 0),
(151, 'Nhân viên phục vụ chưa tốt lắm', 14, 42, 0, 0),
(152, 'Cuối tuần vừa rồi mình mới ghé thăm đó', 11, 43, 0, 0),
(153, 'Thích hợp cho những party', 9, 45, 0, 0),
(154, 'very good', 6, 42, 0, 0),
(155, 'Mình nhất định sẽ ghé', 8, 35, 0, 0),
(156, 'Tuyệt vời', 8, 40, 0, 0),
(157, 'Thức ăn ngon lắm', 6, 45, 0, 0),
(158, 'very good', 11, 41, 0, 0),
(159, 'Nhân viên phục vụ chưa tốt lắm', 8, 44, 0, 0),
(160, 'Nhân viên phục vụ chưa tốt lắm', 13, 42, 0, 0),
(161, 'Tuyệt vời', 15, 46, 0, 0),
(162, 'Thoáng mát rộng rãi', 15, 46, 0, 0),
(163, 'Nhân viên phục vụ chưa tốt lắm', 12, 27, 0, 0),
(164, 'Chưa tốt lắm, 4 sao nhé', 15, 44, 0, 0),
(165, 'Thoáng mát rộng rãi', 10, 43, 0, 0),
(166, 'Nhân viên phục vụ chưa tốt lắm', 11, 26, 0, 0),
(167, 'Mình nhất định sẽ ghé', 9, 28, 0, 0),
(168, 'Thank you !', 13, 41, 0, 0),
(169, 'Cố gắng phát huy nhé', 10, 43, 0, 0),
(170, 'very good', 6, 38, 0, 0),
(171, 'Thank you !', 8, 46, 0, 0),
(172, 'Gía hơi đắt', 6, 38, 0, 0),
(173, 'Tuyệt vời', 13, 46, 0, 0),
(174, 'Cố gắng phát huy nhé', 10, 40, 0, 0),
(175, 'Tuyệt vời', 7, 27, 0, 0),
(176, 'Thức ăn ngon lắm', 11, 27, 0, 0),
(177, 'Thank you !', 15, 38, 0, 0),
(178, 'Gía hơi đắt', 6, 38, 0, 0),
(179, 'very good', 14, 40, 0, 0),
(180, 'Cũng tạm được', 10, 41, 0, 0),
(181, 'Nhân viên phục vụ chưa tốt lắm', 14, 46, 0, 0),
(182, 'Thoáng mát rộng rãi', 7, 44, 0, 0),
(183, 'Gía hơi đắt', 6, 41, 0, 0),
(184, 'Cuối tuần vừa rồi mình mới ghé thăm đó', 13, 43, 0, 0),
(185, 'Gía hơi đắt', 11, 27, 0, 0),
(186, 'Nhân viên phục vụ chưa tốt lắm', 12, 45, 0, 0),
(187, 'Thức ăn ngon lắm', 13, 26, 0, 0),
(188, 'Thích hợp cho những party', 14, 35, 0, 0),
(189, 'very good', 10, 41, 0, 0),
(190, 'very good', 11, 43, 0, 0),
(191, 'Gía hơi đắt', 7, 46, 0, 0),
(192, 'Thoáng mát rộng rãi', 13, 40, 0, 0),
(193, 'Cuối tuần vừa rồi mình mới ghé thăm đó', 8, 43, 0, 0),
(194, 'Cuối tuần vừa rồi mình mới ghé thăm đó', 7, 42, 0, 0),
(195, 'Thank you !', 12, 46, 0, 0),
(196, 'Cũng tạm được', 15, 27, 0, 0),
(197, 'Thức ăn ngon lắm', 7, 26, 0, 0),
(198, 'Gía hơi đắt', 13, 28, 0, 0),
(199, 'Gía hơi đắt', 13, 26, 0, 0),
(200, 'Thoáng mát rộng rãi', 11, 44, 0, 0),
(201, 'Đồ ăn hơi tệ', 8, 40, 0, 0),
(202, 'Mình nhất định sẽ ghé', 9, 40, 0, 0),
(203, 'Thích hợp cho những party', 6, 41, 0, 0),
(204, 'Cũng tạm được', 10, 28, 0, 0),
(205, 'very good', 13, 42, 0, 0),
(206, 'Mình nhất định sẽ ghé', 6, 42, 0, 0),
(207, 'Thức ăn ngon lắm', 9, 38, 0, 0),
(208, 'Chưa tốt lắm, 4 sao nhé', 11, 41, 0, 0),
(209, 'Cũng tạm được', 6, 38, 0, 0),
(210, 'Cuối tuần vừa rồi mình mới ghé thăm đó', 11, 42, 0, 0),
(211, 'Đồ ăn hơi tệ', 12, 43, 0, 0),
(212, 'Chưa tốt lắm, 4 sao nhé', 10, 27, 0, 0),
(213, 'Thoáng mát rộng rãi', 8, 45, 0, 0),
(214, 'Thích hợp cho những party', 15, 28, 0, 0),
(215, 'Cũng tạm được', 6, 46, 0, 0),
(216, 'Đồ ăn hơi tệ', 6, 41, 0, 0),
(217, 'Nhân viên phục vụ chưa tốt lắm', 8, 42, 0, 0),
(218, 'very good', 6, 38, 0, 0),
(219, 'Cũng tạm được', 8, 42, 0, 0),
(220, 'Gía hơi đắt', 13, 44, 0, 0),
(221, 'Tuyệt vời', 7, 42, 0, 0),
(222, 'Thoáng mát rộng rãi', 9, 35, 0, 0),
(223, 'Được lắm !', 17, 35, 1509258550, 1509258550),
(224, 'dsd', 17, 41, 1509260653, 1509260653),
(225, 'dg', 17, 41, 1509260668, 1509260668),
(226, 'dgfg', 17, 41, 1509260673, 1509260673),
(227, 'sdsd', 17, 41, 1509260716, 1509260716),
(228, 'Tốt', 17, 26, 1509261159, 1509261159),
(229, 'Hay !', 17, 27, 1509261167, 1509261167),
(230, 'Good', 17, 28, 1509261174, 1509261174),
(231, 'Hihi', 17, 42, 1509261179, 1509261179),
(232, 'Ngon đó', 17, 38, 1509261187, 1509261187),
(233, 'Mát mẻ', 17, 40, 1509261194, 1509261194),
(234, 'Thoáng mát lắm', 17, 42, 1509261201, 1509261201),
(235, 'Hehe', 17, 43, 1509261206, 1509261206),
(236, 'Ai đi với mình không?', 17, 44, 1509261216, 1509261216),
(237, 'Very good', 17, 45, 1509261225, 1509261225),
(238, 'Cũng ok', 17, 46, 1509261232, 1509261232),
(239, '..........', 17, 35, 1509261281, 1509261281),
(240, 'Hhahah', 17, 27, 1509261300, 1509261300),
(241, 'Đẹp\r\n', 1, 35, 1509604592, 1509604592),
(242, 'Hâp dẫn quá\r\n', 207, 35, 1509606582, 1509606582),
(243, 'Đẹp', 207, 42, 1509606728, 1509606728),
(244, 'Được', 207, 45, 1509606816, 1509606816),
(245, 'Sang trọng quá', 207, 27, 1509606894, 1509606894),
(246, 'Good', 207, 47, 1510125281, 1510125281),
(247, 'Đồ ăn ở đây ngon lắm mọi người ơi\r\n', 209, 35, 1510202910, 1510202910),
(248, 'Good', 209, 42, 1510202948, 1510202948),
(249, 'Tuyệt', 209, 47, 1510202982, 1510202982),
(250, 'Đẹp quá', 209, 45, 1510203064, 1510203064),
(251, 'Tuyệt', 209, 27, 1510203105, 1510203105),
(252, 'Helo', 209, 43, 1510203127, 1510203127),
(253, 'Nhân viên tận tình', 209, 44, 1510203166, 1510203166),
(254, 'Sang trọng quá', 209, 51, 1510203196, 1510203196),
(255, 'Đẹp', 209, 26, 1510203215, 1510203215),
(256, 'Hấp dẫn quá', 209, 26, 1510203378, 1510203378),
(257, 'Cũng tạm được', 209, 48, 1510203526, 1510203526),
(258, 'Sang trọng quá', 209, 49, 1510203559, 1510203559),
(259, 'Đẹp', 209, 50, 1510203579, 1510203579),
(260, 'Đẹp', 209, 52, 1510203589, 1510203589),
(261, 'Đẹp', 209, 53, 1510203609, 1510203609),
(262, 'Good', 209, 54, 1510203620, 1510203620),
(263, 'Hấp dẫn quá', 209, 55, 1510203637, 1510203637),
(264, 'Hello', 209, 56, 1510203657, 1510203657),
(265, 'Ngon quá', 209, 58, 1510203671, 1510203671),
(266, 'Lãng mạn', 209, 59, 1510203693, 1510203693),
(267, 'Ngon lắm', 209, 60, 1510203716, 1510203716),
(268, 'Đẹp quá', 209, 63, 1510203735, 1510203735),
(269, 'Sang trọng quá', 209, 64, 1510203748, 1510203748),
(270, 'Tuyệt', 209, 66, 1510203765, 1510203765),
(271, 'Quá tuyệt', 209, 67, 1510203783, 1510203783),
(272, 'Hello', 209, 68, 1510203795, 1510203795),
(273, 'Đệp đấy', 1, 69, 1510203915, 1510203915),
(274, 'Tao nhã lắm', 1, 70, 1510203933, 1510203933),
(275, 'Ngon', 1, 71, 1510203947, 1510203947),
(276, 'Hello', 210, 47, 1510204236, 1510204236),
(277, 'Sang trọng lắm', 210, 35, 1510204271, 1510204271),
(278, 'Tuyệt', 210, 42, 1510204292, 1510204292),
(279, 'Good', 211, 35, 1510204376, 1510204376),
(280, 'Cũng được đó', 141, 50, 0, 0),
(281, 'View thoáng mát rộng rãi', 86, 54, 0, 0),
(282, 'Tạm được', 94, 51, 0, 0),
(283, 'Thức ăn đắt quá', 85, 56, 0, 0),
(284, 'Cũng được đó', 92, 50, 0, 0),
(285, 'OK lắm bạn', 127, 50, 0, 0),
(286, 'Cũng được đó', 120, 55, 0, 0),
(287, 'Thức ăn ngon lắm', 120, 47, 0, 0),
(288, 'Khá lắm', 150, 49, 0, 0),
(289, 'Nhà hàng sang trọng đó', 149, 55, 0, 0),
(290, 'Thức ăn ngon lắm', 135, 50, 0, 0),
(291, 'Giá hơi cao', 102, 51, 0, 0),
(292, 'Nhân viên nhiệt tình', 122, 54, 0, 0),
(293, 'Nhân viên nhiệt tình', 90, 51, 0, 0),
(294, 'View thoáng mát rộng rãi', 128, 50, 0, 0),
(295, 'Cũng được', 91, 56, 0, 0),
(296, 'Khá lắm', 126, 54, 0, 0),
(297, 'Tuyệt vời', 92, 49, 0, 0),
(298, 'Cũng được', 88, 56, 0, 0),
(299, 'Thức ăn đắt quá', 144, 56, 0, 0),
(300, 'Thức ăn ngon lắm', 149, 52, 0, 0),
(301, 'Thức ăn ngon lắm', 117, 53, 0, 0),
(302, 'View thoáng mát rộng rãi', 139, 55, 0, 0),
(303, 'Tuyệt vời', 144, 55, 0, 0),
(304, 'Khá lắm', 127, 54, 0, 0),
(305, 'Very good', 91, 53, 0, 0),
(306, 'Cũng được', 143, 50, 0, 0),
(307, 'Được đó', 99, 56, 0, 0),
(308, 'OK lắm bạn', 138, 49, 0, 0),
(309, 'Chờ thức ăn lâu quá', 129, 52, 0, 0),
(310, 'Cố gắng phát huy nhé', 92, 56, 0, 0),
(311, 'OK lắm bạn', 89, 47, 0, 0),
(312, 'Nhà hàng sang trọng đó', 105, 52, 0, 0),
(313, 'Chờ thức ăn lâu quá', 111, 56, 0, 0),
(314, 'Cố gắng phát huy nhé', 143, 54, 0, 0),
(315, 'Cố gắng phát huy nhé', 100, 47, 0, 0),
(316, 'Tuyệt vời', 80, 48, 0, 0),
(317, 'View thoáng mát rộng rãi', 84, 55, 0, 0),
(318, 'Khá lắm', 84, 54, 0, 0),
(319, 'Tuyệt vời', 96, 52, 0, 0),
(320, 'Thức ăn ngon lắm', 132, 49, 0, 0),
(321, 'Thức ăn ngon lắm', 148, 55, 0, 0),
(322, 'Chờ thức ăn lâu quá', 112, 49, 0, 0),
(323, 'Thức ăn ngon lắm', 107, 50, 0, 0),
(324, 'Very good', 110, 51, 0, 0),
(325, 'Very good', 100, 49, 0, 0),
(326, 'Cũng được đó', 88, 52, 0, 0),
(327, 'Nhân viên chưa nhiệt tình lắm', 84, 50, 0, 0),
(328, 'Khá lắm', 118, 49, 0, 0),
(329, 'Cố gắng phát huy nhé', 130, 55, 0, 0),
(330, 'Tạm được', 92, 51, 0, 0),
(331, 'View thoáng mát rộng rãi', 121, 47, 0, 0),
(332, 'Chờ thức ăn lâu quá', 144, 47, 0, 0),
(333, 'OK lắm bạn', 85, 49, 0, 0),
(334, 'View thoáng mát rộng rãi', 86, 48, 0, 0),
(335, 'Chờ thức ăn lâu quá', 150, 51, 0, 0),
(336, 'Nhân viên chưa nhiệt tình lắm', 112, 50, 0, 0),
(337, 'Cũng được đó', 83, 50, 0, 0),
(338, 'Cố gắng phát huy nhé', 134, 47, 0, 0),
(339, 'Chờ thức ăn lâu quá', 82, 48, 0, 0),
(340, 'Nhân viên chưa nhiệt tình lắm', 100, 54, 0, 0),
(341, 'Được đó', 84, 52, 0, 0),
(342, 'Cũng được đó', 114, 47, 0, 0),
(343, 'Cũng được', 143, 55, 0, 0),
(344, 'View thoáng mát rộng rãi', 116, 51, 0, 0),
(345, 'Cũng được đó', 145, 49, 0, 0),
(346, 'Thức ăn đắt quá', 142, 51, 0, 0),
(347, 'Thức ăn đắt quá', 131, 47, 0, 0),
(348, 'Nhân viên chưa nhiệt tình lắm', 102, 54, 0, 0),
(349, 'Nhà hàng sang trọng đó', 85, 55, 0, 0),
(350, 'Nhân viên chưa nhiệt tình lắm', 114, 51, 0, 0),
(351, 'Nhân viên nhiệt tình', 105, 47, 0, 0),
(352, 'Nhân viên nhiệt tình', 123, 51, 0, 0),
(353, 'Nhà hàng sang trọng đó', 116, 47, 0, 0),
(354, 'View thoáng mát rộng rãi', 136, 49, 0, 0),
(355, 'Cũng được', 88, 50, 0, 0),
(356, 'Tuyệt vời', 103, 55, 0, 0),
(357, 'Cũng được đó', 108, 51, 0, 0),
(358, 'Cũng được', 88, 50, 0, 0),
(359, 'Được đó', 89, 48, 0, 0),
(360, 'Nhân viên nhiệt tình', 119, 53, 0, 0),
(361, 'Chờ thức ăn lâu quá', 106, 53, 0, 0),
(362, 'Cũng được đó', 101, 47, 0, 0),
(363, 'Tạm được', 148, 48, 0, 0),
(364, 'Very good', 131, 48, 0, 0),
(365, 'Được đó', 149, 50, 0, 0),
(366, 'Nhân viên chưa nhiệt tình lắm', 136, 48, 0, 0),
(367, 'View thoáng mát rộng rãi', 95, 47, 0, 0),
(368, 'Thức ăn đắt quá', 116, 55, 0, 0),
(369, 'Tạm được', 135, 53, 0, 0),
(370, 'Tuyệt vời', 88, 51, 0, 0),
(371, 'OK lắm bạn', 137, 56, 0, 0),
(372, 'Chờ thức ăn lâu quá', 143, 51, 0, 0),
(373, 'Nhà hàng sang trọng đó', 85, 49, 0, 0),
(374, 'Chờ thức ăn lâu quá', 135, 49, 0, 0),
(375, 'Cũng được', 89, 51, 0, 0),
(376, 'Thức ăn đắt quá', 128, 53, 0, 0),
(377, 'Very good', 130, 47, 0, 0),
(378, 'Cũng được', 147, 54, 0, 0),
(379, 'Tạm được', 97, 51, 0, 0),
(380, 'Khá lắm', 83, 51, 0, 0),
(381, 'Thức ăn đắt quá', 120, 50, 0, 0),
(382, 'Thức ăn đắt quá', 94, 55, 0, 0),
(383, 'OK lắm bạn', 100, 50, 0, 0),
(384, 'Chờ thức ăn lâu quá', 129, 47, 0, 0),
(385, 'Cũng được đó', 120, 48, 0, 0),
(386, 'Thức ăn ngon lắm', 134, 55, 0, 0),
(387, 'View thoáng mát rộng rãi', 136, 56, 0, 0),
(388, 'Khá lắm', 134, 54, 0, 0),
(389, 'Cũng được đó', 130, 47, 0, 0),
(390, 'OK lắm bạn', 102, 56, 0, 0),
(391, 'Cố gắng phát huy nhé', 107, 49, 0, 0),
(392, 'Chờ thức ăn lâu quá', 147, 56, 0, 0),
(393, 'Very good', 81, 50, 0, 0),
(394, 'Tạm được', 144, 53, 0, 0),
(395, 'View thoáng mát rộng rãi', 140, 53, 0, 0),
(396, 'Được đó', 125, 52, 0, 0),
(397, 'OK lắm bạn', 125, 47, 0, 0),
(398, 'Thức ăn ngon lắm', 135, 49, 0, 0),
(399, 'Tuyệt vời', 84, 55, 0, 0),
(400, 'Thức ăn đắt quá', 127, 50, 0, 0),
(401, 'OK lắm bạn', 108, 55, 0, 0),
(402, 'Nhân viên nhiệt tình', 88, 47, 0, 0),
(403, 'Cố gắng phát huy nhé', 91, 49, 0, 0),
(404, 'Nhân viên nhiệt tình', 150, 56, 0, 0),
(405, 'OK lắm bạn', 128, 47, 0, 0),
(406, 'Được đó', 106, 50, 0, 0),
(407, 'Tạm được', 148, 52, 0, 0),
(408, 'Nhân viên chưa nhiệt tình lắm', 107, 53, 0, 0),
(409, 'Khá lắm', 150, 52, 0, 0),
(410, 'Nhà hàng sang trọng đó', 119, 50, 0, 0),
(411, 'Tạm được', 86, 53, 0, 0),
(412, 'Cũng được', 84, 47, 0, 0),
(413, 'Thức ăn ngon lắm', 123, 48, 0, 0),
(414, 'Giá hơi cao', 137, 56, 0, 0),
(415, 'OK lắm bạn', 123, 54, 0, 0),
(416, 'View thoáng mát rộng rãi', 128, 52, 0, 0),
(417, 'Tuyệt vời', 117, 54, 0, 0),
(418, 'Tuyệt vời', 81, 48, 0, 0),
(419, 'Cố gắng phát huy nhé', 144, 49, 0, 0),
(420, 'Tạm được', 143, 48, 0, 0),
(421, 'Tạm được', 122, 55, 0, 0),
(422, 'Được đó', 135, 48, 0, 0),
(423, 'Cũng được đó', 129, 54, 0, 0),
(424, 'Khá lắm', 114, 55, 0, 0),
(425, 'Thức ăn đắt quá', 106, 56, 0, 0),
(426, 'Cũng được', 123, 48, 0, 0),
(427, 'Thức ăn ngon lắm', 116, 48, 0, 0),
(428, 'Được đó', 110, 54, 0, 0),
(429, 'Tuyệt vời', 88, 53, 0, 0),
(430, 'Nhà hàng sang trọng đó', 134, 54, 0, 0),
(431, 'Thức ăn đắt quá', 110, 54, 0, 0),
(432, 'Cố gắng phát huy nhé', 95, 50, 0, 0),
(433, 'Very good', 115, 48, 0, 0),
(434, 'Nhân viên chưa nhiệt tình lắm', 108, 54, 0, 0),
(435, 'Nhân viên nhiệt tình', 129, 55, 0, 0),
(436, 'Giá hơi cao', 113, 53, 0, 0),
(437, 'Tuyệt vời', 109, 55, 0, 0),
(438, 'Thức ăn ngon lắm', 99, 54, 0, 0),
(439, 'Khá lắm', 80, 53, 0, 0),
(440, 'Cũng được đó', 101, 47, 0, 0),
(441, 'Cố gắng phát huy nhé', 89, 51, 0, 0),
(442, 'Khá lắm', 114, 53, 0, 0),
(443, 'Nhân viên chưa nhiệt tình lắm', 105, 48, 0, 0),
(444, 'Very good', 109, 55, 0, 0),
(445, 'Được đó', 111, 50, 0, 0),
(446, 'Thức ăn ngon lắm', 138, 48, 0, 0),
(447, 'Giá hơi cao', 126, 52, 0, 0),
(448, 'Nhân viên nhiệt tình', 123, 52, 0, 0),
(449, 'OK lắm bạn', 124, 51, 0, 0),
(450, 'Cố gắng phát huy nhé', 110, 47, 0, 0),
(451, 'Nhân viên nhiệt tình', 108, 52, 0, 0),
(452, 'Được đó', 139, 49, 0, 0),
(453, 'Nhân viên nhiệt tình', 100, 51, 0, 0),
(454, 'Cũng được đó', 121, 47, 0, 0),
(455, 'Thức ăn ngon lắm', 97, 50, 0, 0),
(456, 'Thức ăn đắt quá', 117, 48, 0, 0),
(457, 'Thức ăn đắt quá', 116, 49, 0, 0),
(458, 'Giá hơi cao', 82, 47, 0, 0),
(459, 'Giá hơi cao', 117, 50, 0, 0),
(460, 'Cũng được đó', 148, 51, 0, 0),
(461, 'Nhà hàng sang trọng đó', 145, 55, 0, 0),
(462, 'Cũng được', 81, 52, 0, 0),
(463, 'Nhà hàng sang trọng đó', 130, 50, 0, 0),
(464, 'Thức ăn đắt quá', 89, 54, 0, 0),
(465, 'Nhà hàng sang trọng đó', 145, 52, 0, 0),
(466, 'Tuyệt vời', 131, 52, 0, 0),
(467, 'Thức ăn ngon lắm', 112, 53, 0, 0),
(468, 'Cũng được', 99, 56, 0, 0),
(469, 'Thức ăn đắt quá', 129, 54, 0, 0),
(470, 'Khá lắm', 146, 53, 0, 0),
(471, 'OK lắm bạn', 109, 49, 0, 0),
(472, 'Tạm được', 86, 52, 0, 0),
(473, 'Chờ thức ăn lâu quá', 112, 48, 0, 0),
(474, 'Khá lắm', 126, 48, 0, 0),
(475, 'Chờ thức ăn lâu quá', 83, 52, 0, 0),
(476, 'Tuyệt vời', 88, 56, 0, 0),
(477, 'Thức ăn đắt quá', 105, 55, 0, 0),
(478, 'Very good', 80, 52, 0, 0),
(479, 'Khá lắm', 97, 55, 0, 0),
(979, '67', 123, 54, 0, 0),
(980, 'Very good', 87, 108, 0, 0),
(981, 'Very good', 132, 67, 0, 0),
(982, 'Chờ thức ăn lâu quá', 140, 83, 0, 0),
(983, 'Thức ăn đắt quá', 91, 108, 0, 0),
(984, 'Giá hơi cao', 145, 109, 0, 0),
(985, 'Very good', 105, 58, 0, 0),
(986, 'Được đó', 145, 109, 0, 0),
(987, 'Thức ăn đắt quá', 144, 109, 0, 0),
(988, 'Nhân viên nhiệt tình', 135, 59, 0, 0),
(989, 'Thức ăn đắt quá', 142, 67, 0, 0),
(990, 'Tuyệt vời', 147, 63, 0, 0),
(991, 'Tuyệt vời', 132, 80, 0, 0),
(992, 'Nhân viên chưa nhiệt tình lắm', 83, 58, 0, 0),
(993, 'Thức ăn ngon lắm', 121, 59, 0, 0),
(994, 'Cũng được', 149, 84, 0, 0),
(995, 'Được đó', 136, 63, 0, 0),
(996, 'Very good', 103, 108, 0, 0),
(997, 'Tạm được', 120, 63, 0, 0),
(998, 'OK lắm bạn', 106, 64, 0, 0),
(999, 'Nhân viên nhiệt tình', 104, 67, 0, 0),
(1000, 'Nhà hàng sang trọng đó', 129, 84, 0, 0),
(1001, 'OK lắm bạn', 144, 108, 0, 0),
(1002, 'Very good', 134, 60, 0, 0),
(1003, 'Nhà hàng sang trọng đó', 81, 109, 0, 0),
(1004, 'Được đó', 97, 108, 0, 0),
(1005, 'Very good', 84, 80, 0, 0),
(1006, 'Giá hơi cao', 139, 59, 0, 0),
(1007, 'Nhân viên chưa nhiệt tình lắm', 110, 67, 0, 0),
(1008, 'Nhân viên nhiệt tình', 115, 66, 0, 0),
(1009, 'Tạm được', 117, 64, 0, 0),
(1010, 'Giá hơi cao', 94, 67, 0, 0),
(1011, 'OK lắm bạn', 110, 80, 0, 0),
(1012, 'View thoáng mát rộng rãi', 88, 84, 0, 0),
(1013, 'Cũng được đó', 89, 84, 0, 0),
(1014, 'Cũng được đó', 98, 64, 0, 0),
(1015, 'Chờ thức ăn lâu quá', 146, 82, 0, 0),
(1016, 'Tạm được', 98, 83, 0, 0),
(1017, 'Được đó', 82, 84, 0, 0),
(1018, 'Cũng được đó', 83, 60, 0, 0),
(1019, 'OK lắm bạn', 136, 108, 0, 0),
(1020, 'Cũng được đó', 90, 79, 0, 0),
(1021, 'Chờ thức ăn lâu quá', 142, 108, 0, 0),
(1022, 'Cũng được đó', 87, 80, 0, 0),
(1023, 'Nhà hàng sang trọng đó', 112, 66, 0, 0),
(1024, 'Very good', 146, 82, 0, 0),
(1025, 'Giá hơi cao', 144, 59, 0, 0),
(1026, 'Chờ thức ăn lâu quá', 80, 64, 0, 0),
(1027, 'Nhân viên chưa nhiệt tình lắm', 99, 109, 0, 0),
(1028, 'Chờ thức ăn lâu quá', 149, 58, 0, 0),
(1029, 'Khá lắm', 102, 59, 0, 0),
(1030, 'Thức ăn đắt quá', 145, 58, 0, 0),
(1031, 'Khá lắm', 100, 59, 0, 0),
(1032, 'View thoáng mát rộng rãi', 102, 63, 0, 0),
(1033, 'Thức ăn ngon lắm', 105, 82, 0, 0),
(1034, 'Cũng được', 117, 84, 0, 0),
(1035, 'Thức ăn đắt quá', 81, 109, 0, 0),
(1036, 'Tuyệt vời', 139, 67, 0, 0),
(1037, 'Very good', 80, 79, 0, 0),
(1038, 'Cố gắng phát huy nhé', 102, 82, 0, 0),
(1039, 'Very good', 89, 79, 0, 0),
(1040, 'Cũng được đó', 132, 60, 0, 0),
(1041, 'Cố gắng phát huy nhé', 118, 82, 0, 0),
(1042, 'Tuyệt vời', 132, 83, 0, 0),
(1043, 'Thức ăn ngon lắm', 139, 80, 0, 0),
(1044, 'Tạm được', 83, 82, 0, 0),
(1045, 'Very good', 128, 66, 0, 0),
(1046, 'Chờ thức ăn lâu quá', 131, 66, 0, 0),
(1047, 'OK lắm bạn', 134, 83, 0, 0),
(1048, 'Cũng được', 106, 82, 0, 0),
(1049, 'View thoáng mát rộng rãi', 104, 80, 0, 0),
(1050, 'Được đó', 80, 79, 0, 0),
(1051, 'Tuyệt vời', 131, 64, 0, 0),
(1052, 'Thức ăn đắt quá', 142, 59, 0, 0),
(1053, 'Cố gắng phát huy nhé', 135, 83, 0, 0),
(1054, 'Cũng được đó', 125, 82, 0, 0),
(1055, 'Cũng được', 90, 58, 0, 0),
(1056, 'Chờ thức ăn lâu quá', 110, 63, 0, 0),
(1057, 'View thoáng mát rộng rãi', 128, 108, 0, 0),
(1058, 'Cũng được', 148, 58, 0, 0),
(1059, 'Nhân viên nhiệt tình', 145, 83, 0, 0),
(1060, 'Thức ăn ngon lắm', 98, 109, 0, 0),
(1061, 'Nhà hàng sang trọng đó', 83, 58, 0, 0),
(1062, 'Được đó', 81, 60, 0, 0),
(1063, 'Cũng được', 120, 60, 0, 0),
(1064, 'Cố gắng phát huy nhé', 146, 63, 0, 0),
(1065, 'Thức ăn ngon lắm', 103, 59, 0, 0),
(1066, 'Thức ăn ngon lắm', 116, 79, 0, 0),
(1067, 'Được đó', 117, 83, 0, 0),
(1068, 'OK lắm bạn', 95, 63, 0, 0),
(1069, 'Tuyệt vời', 147, 63, 0, 0),
(1070, 'Cũng được đó', 127, 84, 0, 0),
(1071, 'Nhân viên nhiệt tình', 128, 108, 0, 0),
(1072, 'Chờ thức ăn lâu quá', 83, 63, 0, 0),
(1073, 'Tạm được', 80, 64, 0, 0),
(1074, 'View thoáng mát rộng rãi', 130, 67, 0, 0),
(1075, 'Nhân viên chưa nhiệt tình lắm', 133, 64, 0, 0),
(1076, 'View thoáng mát rộng rãi', 129, 64, 0, 0),
(1077, 'Tuyệt vời', 111, 80, 0, 0),
(1078, 'Khá lắm', 126, 79, 0, 0),
(1079, 'Thức ăn ngon lắm', 82, 60, 0, 0),
(1080, 'Cố gắng phát huy nhé', 100, 108, 0, 0),
(1081, 'Cố gắng phát huy nhé', 81, 108, 0, 0),
(1082, 'OK lắm bạn', 150, 79, 0, 0),
(1083, 'Thức ăn đắt quá', 132, 63, 0, 0),
(1084, 'Cũng được đó', 105, 59, 0, 0),
(1085, 'View thoáng mát rộng rãi', 134, 109, 0, 0),
(1086, 'Cố gắng phát huy nhé', 144, 83, 0, 0),
(1087, 'Nhân viên chưa nhiệt tình lắm', 123, 79, 0, 0),
(1088, 'Very good', 138, 82, 0, 0),
(1089, 'Very good', 112, 83, 0, 0),
(1090, 'Thức ăn đắt quá', 142, 109, 0, 0),
(1091, 'Được đó', 107, 108, 0, 0),
(1092, 'Cố gắng phát huy nhé', 99, 58, 0, 0),
(1093, 'Tạm được', 147, 82, 0, 0),
(1094, 'Thức ăn ngon lắm', 134, 59, 0, 0),
(1095, 'Nhân viên nhiệt tình', 116, 82, 0, 0),
(1096, 'Very good', 147, 64, 0, 0),
(1097, 'Khá lắm', 133, 80, 0, 0),
(1098, 'Thức ăn ngon lắm', 114, 82, 0, 0),
(1099, 'View thoáng mát rộng rãi', 88, 83, 0, 0),
(1100, 'Nhân viên nhiệt tình', 86, 64, 0, 0),
(1101, 'Nhà hàng sang trọng đó', 112, 108, 0, 0),
(1102, 'Nhà hàng sang trọng đó', 148, 84, 0, 0),
(1103, 'Cũng được', 111, 58, 0, 0),
(1104, 'Khá lắm', 81, 83, 0, 0),
(1105, 'Được đó', 105, 67, 0, 0),
(1106, 'Cố gắng phát huy nhé', 101, 60, 0, 0),
(1107, 'Very good', 105, 66, 0, 0),
(1108, 'Chờ thức ăn lâu quá', 129, 59, 0, 0),
(1109, 'Very good', 81, 60, 0, 0),
(1110, 'View thoáng mát rộng rãi', 150, 60, 0, 0),
(1111, 'Tuyệt vời', 136, 109, 0, 0),
(1112, 'Tạm được', 109, 67, 0, 0),
(1113, 'Thức ăn ngon lắm', 109, 109, 0, 0),
(1114, 'Cố gắng phát huy nhé', 134, 83, 0, 0),
(1115, 'Khá lắm', 136, 63, 0, 0),
(1116, 'Thức ăn ngon lắm', 95, 66, 0, 0),
(1117, 'Thức ăn đắt quá', 103, 58, 0, 0),
(1118, 'Nhân viên nhiệt tình', 132, 64, 0, 0),
(1119, 'Nhân viên nhiệt tình', 100, 79, 0, 0),
(1120, 'Cũng được đó', 125, 58, 0, 0),
(1121, 'Very good', 121, 67, 0, 0),
(1122, 'View thoáng mát rộng rãi', 121, 83, 0, 0),
(1123, 'Thức ăn đắt quá', 117, 83, 0, 0),
(1124, 'Nhà hàng sang trọng đó', 140, 79, 0, 0),
(1125, 'Được đó', 99, 67, 0, 0),
(1126, 'Tạm được', 138, 80, 0, 0),
(1127, 'View thoáng mát rộng rãi', 97, 108, 0, 0),
(1128, 'Thức ăn ngon lắm', 131, 79, 0, 0),
(1129, 'OK lắm bạn', 139, 82, 0, 0),
(1130, 'Chờ thức ăn lâu quá', 131, 83, 0, 0),
(1131, 'Được đó', 98, 83, 0, 0),
(1132, 'Nhân viên chưa nhiệt tình lắm', 138, 79, 0, 0),
(1133, 'Nhà hàng sang trọng đó', 122, 82, 0, 0),
(1134, 'Nhà hàng sang trọng đó', 129, 84, 0, 0),
(1135, 'Thức ăn đắt quá', 138, 109, 0, 0),
(1136, 'View thoáng mát rộng rãi', 107, 83, 0, 0),
(1137, 'Cũng được đó', 98, 83, 0, 0),
(1138, 'Nhà hàng sang trọng đó', 81, 64, 0, 0),
(1139, 'Được đó', 135, 84, 0, 0),
(1140, 'Cũng được đó', 147, 64, 0, 0),
(1141, 'Cố gắng phát huy nhé', 134, 64, 0, 0),
(1142, 'Thức ăn ngon lắm', 84, 66, 0, 0),
(1143, 'Cũng được', 139, 108, 0, 0),
(1144, 'Cũng được', 114, 84, 0, 0),
(1145, 'Nhân viên nhiệt tình', 145, 79, 0, 0),
(1146, 'Khá lắm', 145, 64, 0, 0),
(1147, 'Khá lắm', 123, 58, 0, 0),
(1148, 'Very good', 142, 67, 0, 0),
(1149, 'Được đó', 106, 59, 0, 0),
(1150, 'Cố gắng phát huy nhé', 87, 58, 0, 0),
(1151, 'Very good', 136, 80, 0, 0),
(1152, 'Cố gắng phát huy nhé', 134, 59, 0, 0),
(1153, 'Tuyệt vời', 141, 109, 0, 0),
(1154, 'Thức ăn đắt quá', 137, 60, 0, 0),
(1155, 'Nhân viên chưa nhiệt tình lắm', 117, 66, 0, 0),
(1156, 'Thức ăn ngon lắm', 109, 108, 0, 0),
(1157, 'Thức ăn đắt quá', 111, 83, 0, 0),
(1158, 'Giá hơi cao', 132, 108, 0, 0),
(1159, 'Nhân viên chưa nhiệt tình lắm', 137, 83, 0, 0),
(1160, 'Tạm được', 82, 80, 0, 0),
(1161, 'Chờ thức ăn lâu quá', 125, 60, 0, 0),
(1162, 'Cũng được đó', 87, 60, 0, 0),
(1163, 'Nhà hàng sang trọng đó', 147, 84, 0, 0),
(1164, 'Tuyệt vời', 119, 60, 0, 0),
(1165, 'Cũng được đó', 113, 109, 0, 0),
(1166, 'Tạm được', 121, 60, 0, 0),
(1167, 'Chờ thức ăn lâu quá', 145, 108, 0, 0),
(1168, 'Khá lắm', 142, 109, 0, 0),
(1169, 'Cố gắng phát huy nhé', 128, 82, 0, 0),
(1170, 'Very good', 129, 84, 0, 0),
(1171, 'Cũng được đó', 103, 67, 0, 0),
(1172, 'Giá hơi cao', 114, 66, 0, 0),
(1173, 'Nhân viên nhiệt tình', 134, 83, 0, 0),
(1174, 'Cố gắng phát huy nhé', 140, 63, 0, 0),
(1175, 'Very good', 135, 60, 0, 0),
(1176, 'Giá hơi cao', 119, 84, 0, 0),
(1177, 'Nhân viên chưa nhiệt tình lắm', 139, 64, 0, 0),
(1178, 'Nhân viên chưa nhiệt tình lắm', 138, 84, 0, 0),
(1179, 'Chờ thức ăn lâu quá', 91, 60, 0, 0),
(1180, 'Nhân viên chưa nhiệt tình lắm', 95, 67, 0, 0),
(1181, 'Tạm được', 82, 67, 0, 0),
(1182, 'Thức ăn đắt quá', 92, 67, 0, 0),
(1183, 'Cũng được đó', 143, 84, 0, 0),
(1184, 'Cố gắng phát huy nhé', 120, 63, 0, 0),
(1185, 'Very good', 88, 60, 0, 0),
(1186, 'Tuyệt vời', 106, 84, 0, 0),
(1187, 'OK lắm bạn', 111, 67, 0, 0),
(1188, 'Cố gắng phát huy nhé', 85, 84, 0, 0),
(1189, 'Very good', 97, 84, 0, 0),
(1190, 'Chờ thức ăn lâu quá', 80, 59, 0, 0),
(1191, 'Giá hơi cao', 110, 59, 0, 0),
(1192, 'Nhà hàng sang trọng đó', 138, 66, 0, 0),
(1193, 'Được đó', 133, 83, 0, 0),
(1194, 'Nhân viên chưa nhiệt tình lắm', 110, 108, 0, 0),
(1195, 'Được đó', 98, 82, 0, 0),
(1196, 'Giá hơi cao', 91, 60, 0, 0),
(1197, 'Nhân viên chưa nhiệt tình lắm', 123, 64, 0, 0),
(1198, 'Cố gắng phát huy nhé', 133, 82, 0, 0),
(1199, 'OK lắm bạn', 98, 79, 0, 0),
(1200, 'Cũng được đó', 146, 67, 0, 0),
(1201, 'Chờ thức ăn lâu quá', 144, 79, 0, 0),
(1202, 'Thức ăn ngon lắm', 90, 60, 0, 0),
(1203, 'Very good', 143, 66, 0, 0),
(1204, 'Cũng được', 85, 80, 0, 0),
(1205, 'Cũng được', 111, 84, 0, 0),
(1206, 'Chờ thức ăn lâu quá', 81, 83, 0, 0),
(1207, 'Thức ăn ngon lắm', 118, 109, 0, 0),
(1208, 'Cũng được đó', 82, 59, 0, 0),
(1209, 'Nhân viên nhiệt tình', 96, 80, 0, 0),
(1210, 'Very good', 139, 109, 0, 0),
(1211, 'Cũng được đó', 126, 80, 0, 0),
(1212, 'View thoáng mát rộng rãi', 80, 59, 0, 0),
(1213, 'Nhà hàng sang trọng đó', 109, 82, 0, 0),
(1214, 'Very good', 97, 66, 0, 0),
(1215, 'Thức ăn đắt quá', 130, 84, 0, 0),
(1216, 'Nhân viên chưa nhiệt tình lắm', 143, 67, 0, 0),
(1217, 'OK lắm bạn', 143, 108, 0, 0),
(1218, 'Giá hơi cao', 86, 84, 0, 0),
(1219, 'Nhà hàng sang trọng đó', 115, 59, 0, 0),
(1220, 'Tuyệt vời', 138, 64, 0, 0),
(1221, 'Được đó', 127, 79, 0, 0),
(1222, 'Tuyệt vời', 102, 60, 0, 0),
(1223, 'Cũng được', 90, 58, 0, 0),
(1224, 'Giá hơi cao', 147, 84, 0, 0),
(1225, 'Nhân viên chưa nhiệt tình lắm', 148, 67, 0, 0),
(1226, 'Tuyệt vời', 108, 58, 0, 0),
(1227, 'Nhà hàng sang trọng đó', 92, 64, 0, 0),
(1228, 'Giá hơi cao', 109, 79, 0, 0),
(1229, 'View thoáng mát rộng rãi', 101, 66, 0, 0),
(1230, 'Cố gắng phát huy nhé', 133, 108, 0, 0),
(1231, 'Khá lắm', 91, 83, 0, 0),
(1232, 'Chờ thức ăn lâu quá', 123, 58, 0, 0),
(1233, 'Giá hơi cao', 144, 109, 0, 0),
(1234, 'OK lắm bạn', 142, 58, 0, 0),
(1235, 'OK lắm bạn', 119, 83, 0, 0),
(1236, 'Thức ăn ngon lắm', 111, 84, 0, 0),
(1237, 'Thức ăn ngon lắm', 140, 79, 0, 0),
(1238, 'Nhân viên nhiệt tình', 148, 79, 0, 0),
(1239, 'Nhân viên chưa nhiệt tình lắm', 123, 58, 0, 0),
(1240, 'Thức ăn ngon lắm', 146, 58, 0, 0),
(1241, 'Cố gắng phát huy nhé', 97, 108, 0, 0),
(1242, 'Được đó', 87, 109, 0, 0),
(1243, 'Được đó', 143, 60, 0, 0),
(1244, 'Cũng được', 90, 79, 0, 0),
(1245, 'Cố gắng phát huy nhé', 101, 79, 0, 0),
(1246, 'Giá hơi cao', 132, 80, 0, 0),
(1247, 'View thoáng mát rộng rãi', 141, 80, 0, 0),
(1248, 'Khá lắm', 121, 79, 0, 0),
(1249, 'Tạm được', 134, 59, 0, 0),
(1250, 'Nhà hàng sang trọng đó', 95, 60, 0, 0),
(1251, 'View thoáng mát rộng rãi', 121, 60, 0, 0),
(1252, 'Thức ăn đắt quá', 110, 108, 0, 0),
(1253, 'Thức ăn ngon lắm', 108, 109, 0, 0),
(1254, 'Giá hơi cao', 117, 64, 0, 0),
(1255, 'Very good', 135, 59, 0, 0),
(1256, 'Giá hơi cao', 122, 82, 0, 0),
(1257, 'Tạm được', 95, 109, 0, 0),
(1258, 'Cũng được', 149, 84, 0, 0),
(1259, 'Cũng được', 82, 66, 0, 0),
(1260, 'View thoáng mát rộng rãi', 132, 80, 0, 0),
(1261, 'Cũng được đó', 110, 64, 0, 0),
(1262, 'Giá hơi cao', 94, 108, 0, 0),
(1263, 'Khá lắm', 120, 63, 0, 0),
(1264, 'Được đó', 113, 109, 0, 0),
(1265, 'Nhân viên nhiệt tình', 142, 59, 0, 0),
(1266, 'View thoáng mát rộng rãi', 141, 58, 0, 0),
(1267, 'Tuyệt vời', 136, 84, 0, 0),
(1268, 'Nhân viên chưa nhiệt tình lắm', 135, 108, 0, 0),
(1269, 'Tuyệt vời', 100, 67, 0, 0),
(1270, 'Cũng được đó', 115, 109, 0, 0),
(1271, 'Very good', 121, 66, 0, 0),
(1272, 'Chờ thức ăn lâu quá', 135, 82, 0, 0),
(1273, 'Tạm được', 96, 60, 0, 0),
(1274, 'Khá lắm', 87, 59, 0, 0),
(1275, 'Cũng được', 91, 58, 0, 0),
(1276, 'Very good', 125, 80, 0, 0),
(1277, 'Thức ăn ngon lắm', 82, 59, 0, 0),
(1278, 'Cố gắng phát huy nhé', 122, 63, 0, 0),
(1279, 'Very good', 139, 109, 0, 0),
(1280, 'Nhân viên nhiệt tình', 104, 84, 0, 0),
(1281, 'Cũng được đó', 115, 66, 0, 0),
(1282, 'View thoáng mát rộng rãi', 110, 82, 0, 0),
(1283, 'Nhân viên nhiệt tình', 130, 67, 0, 0),
(1284, 'Được đó', 117, 59, 0, 0),
(1285, 'OK lắm bạn', 93, 64, 0, 0),
(1286, 'Khá lắm', 112, 83, 0, 0),
(1287, 'Tạm được', 146, 64, 0, 0),
(1288, 'Cũng được', 136, 80, 0, 0),
(1289, 'Giá hơi cao', 123, 108, 0, 0),
(1290, 'Giá hơi cao', 98, 79, 0, 0),
(1291, 'Giá hơi cao', 122, 59, 0, 0),
(1292, 'Tạm được', 107, 80, 0, 0),
(1293, 'Tạm được', 128, 60, 0, 0),
(1294, 'Được đó', 98, 79, 0, 0),
(1295, 'Nhà hàng sang trọng đó', 88, 84, 0, 0),
(1296, 'Nhân viên chưa nhiệt tình lắm', 89, 82, 0, 0),
(1297, 'Giá hơi cao', 91, 59, 0, 0),
(1298, 'Thức ăn đắt quá', 144, 66, 0, 0),
(1299, 'Khá lắm', 123, 67, 0, 0),
(1300, 'Giá hơi cao', 126, 80, 0, 0),
(1301, 'Chờ thức ăn lâu quá', 132, 64, 0, 0),
(1302, 'Thức ăn ngon lắm', 105, 82, 0, 0),
(1303, 'Cố gắng phát huy nhé', 143, 79, 0, 0),
(1304, 'Tạm được', 117, 84, 0, 0),
(1305, 'OK lắm bạn', 121, 64, 0, 0),
(1306, 'Giá hơi cao', 116, 82, 0, 0),
(1307, 'Chờ thức ăn lâu quá', 104, 67, 0, 0),
(1308, 'Chờ thức ăn lâu quá', 102, 59, 0, 0),
(1309, 'Giá hơi cao', 142, 80, 0, 0),
(1310, 'Nhân viên nhiệt tình', 141, 67, 0, 0),
(1311, 'View thoáng mát rộng rãi', 103, 109, 0, 0),
(1312, 'Giá hơi cao', 82, 84, 0, 0),
(1313, 'Cũng được đó', 103, 109, 0, 0),
(1314, 'Cũng được đó', 101, 79, 0, 0),
(1315, 'Được đó', 114, 58, 0, 0),
(1316, 'Nhân viên nhiệt tình', 93, 63, 0, 0),
(1317, 'Được đó', 104, 66, 0, 0),
(1318, 'Thức ăn ngon lắm', 84, 82, 0, 0),
(1319, 'Nhân viên nhiệt tình', 116, 80, 0, 0),
(1320, 'Khá lắm', 91, 83, 0, 0),
(1321, 'Nhân viên chưa nhiệt tình lắm', 134, 84, 0, 0),
(1322, 'Chờ thức ăn lâu quá', 103, 108, 0, 0),
(1323, 'Cố gắng phát huy nhé', 112, 63, 0, 0),
(1324, 'Nhà hàng sang trọng đó', 149, 79, 0, 0),
(1325, 'View thoáng mát rộng rãi', 121, 60, 0, 0),
(1326, 'Tạm được', 110, 83, 0, 0),
(1327, 'Giá hơi cao', 149, 64, 0, 0),
(1328, 'Chờ thức ăn lâu quá', 139, 109, 0, 0),
(1329, 'Khá lắm', 110, 82, 0, 0),
(1330, 'View thoáng mát rộng rãi', 110, 58, 0, 0),
(1331, 'Very good', 103, 60, 0, 0),
(1332, 'Chờ thức ăn lâu quá', 115, 80, 0, 0),
(1333, 'Nhân viên chưa nhiệt tình lắm', 142, 64, 0, 0),
(1334, 'Chờ thức ăn lâu quá', 88, 60, 0, 0),
(1335, 'Cố gắng phát huy nhé', 136, 83, 0, 0),
(1336, 'Khá lắm', 81, 63, 0, 0),
(1337, 'Giá hơi cao', 135, 59, 0, 0),
(1338, 'Chờ thức ăn lâu quá', 90, 59, 0, 0),
(1339, 'Nhân viên chưa nhiệt tình lắm', 147, 59, 0, 0),
(1340, 'Cũng được đó', 113, 83, 0, 0),
(1341, 'Very good', 95, 82, 0, 0),
(1342, 'Thức ăn đắt quá', 123, 108, 0, 0),
(1343, 'Cố gắng phát huy nhé', 136, 59, 0, 0),
(1344, 'Khá lắm', 100, 83, 0, 0),
(1345, 'Thức ăn đắt quá', 107, 66, 0, 0),
(1346, 'Cố gắng phát huy nhé', 125, 79, 0, 0),
(1347, 'Chờ thức ăn lâu quá', 115, 83, 0, 0),
(1348, 'Thức ăn ngon lắm', 136, 82, 0, 0),
(1349, 'Very good', 139, 67, 0, 0),
(1350, 'Cũng được đó', 119, 80, 0, 0),
(1351, 'OK lắm bạn', 141, 79, 0, 0),
(1352, 'Nhà hàng sang trọng đó', 106, 67, 0, 0),
(1353, 'Cũng được đó', 82, 59, 0, 0),
(1354, 'Nhân viên nhiệt tình', 134, 80, 0, 0),
(1355, 'Cũng được đó', 98, 108, 0, 0),
(1356, 'Nhà hàng sang trọng đó', 150, 79, 0, 0),
(1357, 'Cũng được', 125, 109, 0, 0),
(1358, 'Giá hơi cao', 143, 66, 0, 0),
(1359, 'Chờ thức ăn lâu quá', 106, 66, 0, 0),
(1360, 'View thoáng mát rộng rãi', 124, 109, 0, 0),
(1361, 'Thức ăn ngon lắm', 111, 63, 0, 0),
(1362, 'Cũng được đó', 127, 80, 0, 0),
(1363, 'Nhân viên nhiệt tình', 87, 79, 0, 0),
(1364, 'Tạm được', 130, 79, 0, 0),
(1365, 'View thoáng mát rộng rãi', 126, 79, 0, 0),
(1366, 'Nhà hàng sang trọng đó', 113, 64, 0, 0),
(1367, 'Nhân viên chưa nhiệt tình lắm', 95, 64, 0, 0),
(1368, 'Nhà hàng sang trọng đó', 145, 79, 0, 0),
(1369, 'Thức ăn đắt quá', 140, 84, 0, 0),
(1370, 'Tuyệt vời', 116, 83, 0, 0),
(1371, 'Khá lắm', 125, 82, 0, 0),
(1372, 'Cố gắng phát huy nhé', 98, 60, 0, 0),
(1373, 'Cũng được đó', 95, 60, 0, 0),
(1374, 'Tạm được', 141, 79, 0, 0),
(1375, 'Thức ăn đắt quá', 118, 64, 0, 0),
(1376, 'Nhà hàng sang trọng đó', 106, 58, 0, 0),
(1377, 'Nhân viên chưa nhiệt tình lắm', 144, 60, 0, 0),
(1378, 'Chờ thức ăn lâu quá', 96, 109, 0, 0),
(1379, 'Thức ăn đắt quá', 119, 59, 0, 0),
(1380, 'Khá lắm', 134, 108, 0, 0),
(1381, 'Cũng được đó', 92, 60, 0, 0),
(1382, 'Cũng được', 86, 67, 0, 0),
(1383, 'Cũng được đó', 105, 67, 0, 0),
(1384, 'Cũng được đó', 126, 59, 0, 0),
(1385, 'Cũng được đó', 123, 79, 0, 0),
(1386, 'Thức ăn đắt quá', 143, 58, 0, 0),
(1387, 'Chờ thức ăn lâu quá', 119, 109, 0, 0),
(1388, 'Tạm được', 86, 83, 0, 0),
(1389, 'Thức ăn ngon lắm', 81, 109, 0, 0),
(1390, 'Thức ăn ngon lắm', 106, 60, 0, 0),
(1391, 'Cũng được', 147, 67, 0, 0),
(1392, 'View thoáng mát rộng rãi', 143, 82, 0, 0),
(1393, 'Nhân viên chưa nhiệt tình lắm', 84, 80, 0, 0),
(1394, 'Cũng được đó', 143, 82, 0, 0),
(1395, 'Được đó', 93, 79, 0, 0),
(1396, 'Thức ăn đắt quá', 88, 59, 0, 0),
(1397, 'Nhà hàng sang trọng đó', 92, 59, 0, 0),
(1398, 'Nhà hàng sang trọng đó', 138, 60, 0, 0),
(1399, 'OK lắm bạn', 97, 84, 0, 0),
(1400, 'View thoáng mát rộng rãi', 124, 67, 0, 0),
(1401, 'Nhân viên nhiệt tình', 117, 109, 0, 0),
(1402, 'Tuyệt vời', 92, 79, 0, 0),
(1403, 'Khá lắm', 134, 60, 0, 0),
(1404, 'Khá lắm', 100, 66, 0, 0),
(1405, 'Giá hơi cao', 85, 59, 0, 0),
(1406, 'OK lắm bạn', 131, 59, 0, 0),
(1407, 'Tuyệt vời', 115, 79, 0, 0),
(1408, 'Nhân viên chưa nhiệt tình lắm', 143, 58, 0, 0),
(1409, 'Very good', 101, 64, 0, 0),
(1410, 'Nhà hàng sang trọng đó', 118, 60, 0, 0),
(1411, 'Cũng được', 93, 63, 0, 0),
(1412, 'Tạm được', 101, 58, 0, 0),
(1413, 'View thoáng mát rộng rãi', 120, 59, 0, 0),
(1414, 'Chờ thức ăn lâu quá', 88, 84, 0, 0),
(1415, 'Giá hơi cao', 101, 60, 0, 0),
(1416, 'Khá lắm', 144, 79, 0, 0),
(1417, 'Chờ thức ăn lâu quá', 86, 79, 0, 0),
(1418, 'Tạm được', 135, 109, 0, 0),
(1419, 'View thoáng mát rộng rãi', 99, 84, 0, 0),
(1420, 'Nhân viên chưa nhiệt tình lắm', 118, 84, 0, 0),
(1421, 'OK lắm bạn', 85, 64, 0, 0),
(1422, 'Được đó', 115, 66, 0, 0),
(1423, 'Chờ thức ăn lâu quá', 93, 108, 0, 0),
(1424, 'Thức ăn đắt quá', 125, 59, 0, 0),
(1425, 'OK lắm bạn', 139, 109, 0, 0),
(1426, 'Nhà hàng sang trọng đó', 101, 82, 0, 0),
(1427, 'Giá hơi cao', 91, 58, 0, 0),
(1428, 'Khá lắm', 118, 58, 0, 0),
(1429, 'Thức ăn đắt quá', 110, 64, 0, 0),
(1430, 'Thức ăn ngon lắm', 128, 84, 0, 0),
(1431, 'Được đó', 113, 63, 0, 0),
(1432, 'Nhân viên nhiệt tình', 117, 59, 0, 0),
(1433, 'Chờ thức ăn lâu quá', 126, 109, 0, 0),
(1434, 'Cố gắng phát huy nhé', 138, 66, 0, 0),
(1435, 'Nhà hàng sang trọng đó', 112, 60, 0, 0),
(1436, 'Được đó', 87, 67, 0, 0),
(1437, 'Thức ăn ngon lắm', 115, 109, 0, 0),
(1438, 'Cố gắng phát huy nhé', 133, 64, 0, 0),
(1439, 'OK lắm bạn', 106, 80, 0, 0),
(1440, 'Thức ăn đắt quá', 87, 80, 0, 0),
(1441, 'Thức ăn đắt quá', 88, 66, 0, 0),
(1442, 'Cũng được', 142, 108, 0, 0),
(1443, 'OK lắm bạn', 126, 109, 0, 0),
(1444, 'Cố gắng phát huy nhé', 91, 84, 0, 0),
(1445, 'Khá lắm', 141, 109, 0, 0),
(1446, 'Chờ thức ăn lâu quá', 81, 108, 0, 0),
(1447, 'Very good', 117, 63, 0, 0),
(1448, 'Giá hơi cao', 144, 84, 0, 0),
(1449, 'Giá hơi cao', 138, 84, 0, 0),
(1450, 'Thức ăn ngon lắm', 95, 64, 0, 0),
(1451, 'Được đó', 125, 84, 0, 0),
(1452, 'OK lắm bạn', 130, 82, 0, 0),
(1453, 'Nhân viên chưa nhiệt tình lắm', 117, 108, 0, 0),
(1454, 'Giá hơi cao', 116, 80, 0, 0),
(1455, 'Nhân viên chưa nhiệt tình lắm', 102, 109, 0, 0),
(1456, 'Cũng được', 134, 63, 0, 0),
(1457, 'Cũng được', 105, 66, 0, 0),
(1458, 'Cũng được đó', 147, 109, 0, 0),
(1459, 'Cũng được', 141, 64, 0, 0),
(1460, 'Nhân viên chưa nhiệt tình lắm', 133, 83, 0, 0),
(1461, 'Very good', 141, 66, 0, 0),
(1462, 'OK lắm bạn', 116, 58, 0, 0),
(1463, 'Thức ăn đắt quá', 108, 84, 0, 0),
(1464, 'Thức ăn ngon lắm', 95, 80, 0, 0),
(1465, 'Cũng được', 95, 63, 0, 0),
(1466, 'Giá hơi cao', 97, 64, 0, 0),
(1467, 'Tuyệt vời', 140, 63, 0, 0),
(1468, 'Nhân viên nhiệt tình', 129, 63, 0, 0),
(1469, 'View thoáng mát rộng rãi', 108, 66, 0, 0),
(1470, 'Tạm được', 144, 108, 0, 0),
(1471, 'View thoáng mát rộng rãi', 80, 64, 0, 0),
(1472, 'OK lắm bạn', 126, 80, 0, 0),
(1473, 'Được đó', 101, 63, 0, 0),
(1474, 'Nhân viên chưa nhiệt tình lắm', 115, 80, 0, 0),
(1475, 'Cố gắng phát huy nhé', 131, 58, 0, 0),
(1476, 'Chờ thức ăn lâu quá', 98, 83, 0, 0),
(1477, 'Thức ăn ngon lắm', 110, 64, 0, 0),
(1478, 'Khá lắm', 85, 109, 0, 0),
(1479, 'Cũng được', 123, 84, 0, 0),
(1480, 'Tạm được', 122, 96, 0, 0),
(1481, 'Cũng được đó', 136, 100, 0, 0),
(1482, 'Thức ăn ngon lắm', 135, 95, 0, 0),
(1483, 'Very good', 128, 96, 0, 0),
(1485, 'View thoáng mát rộng rãi', 92, 103, 0, 0),
(1486, 'Tạm được', 100, 87, 0, 0),
(1487, 'Nhà hàng sang trọng đó', 94, 95, 0, 0),
(1488, 'Giá hơi cao', 103, 103, 0, 0),
(1489, 'Khá lắm', 96, 94, 0, 0),
(1490, 'Cũng được', 102, 92, 0, 0),
(1491, 'OK lắm bạn', 110, 94, 0, 0),
(1492, 'Nhà hàng sang trọng đó', 100, 87, 0, 0),
(1493, 'Tạm được', 101, 89, 0, 0),
(1494, 'Cũng được', 121, 93, 0, 0),
(1495, 'Nhân viên nhiệt tình', 105, 105, 0, 0),
(1496, 'Giá hơi cao', 117, 96, 0, 0),
(1497, 'Nhân viên nhiệt tình', 80, 98, 0, 0),
(1498, 'View thoáng mát rộng rãi', 148, 101, 0, 0),
(1499, 'Chờ thức ăn lâu quá', 138, 88, 0, 0),
(1501, 'Chờ thức ăn lâu quá', 99, 106, 0, 0),
(1502, 'Thức ăn đắt quá', 131, 100, 0, 0),
(1503, 'Giá hơi cao', 124, 98, 0, 0),
(1504, 'Cũng được', 111, 106, 0, 0),
(1505, 'Nhân viên nhiệt tình', 137, 95, 0, 0),
(1506, 'Cũng được đó', 148, 91, 0, 0),
(1507, 'OK lắm bạn', 96, 88, 0, 0),
(1508, 'Tạm được', 84, 103, 0, 0),
(1509, 'Tuyệt vời', 82, 103, 0, 0),
(1510, 'Nhân viên nhiệt tình', 117, 87, 0, 0),
(1511, 'Cố gắng phát huy nhé', 116, 94, 0, 0),
(1512, 'Cũng được đó', 121, 92, 0, 0),
(1513, 'Được đó', 86, 95, 0, 0),
(1514, 'Giá hơi cao', 150, 103, 0, 0),
(1516, 'Very good', 95, 89, 0, 0),
(1517, 'Tuyệt vời', 119, 91, 0, 0),
(1518, 'Cũng được đó', 129, 88, 0, 0),
(1519, 'Giá hơi cao', 142, 97, 0, 0),
(1520, 'Khá lắm', 96, 101, 0, 0),
(1521, 'Very good', 101, 94, 0, 0),
(1522, 'OK lắm bạn', 123, 98, 0, 0),
(1523, 'OK lắm bạn', 98, 91, 0, 0),
(1525, 'Cố gắng phát huy nhé', 148, 97, 0, 0),
(1526, 'Tạm được', 94, 95, 0, 0),
(1527, 'Thức ăn đắt quá', 109, 94, 0, 0),
(1528, 'Thức ăn ngon lắm', 103, 90, 0, 0),
(1529, 'Nhân viên chưa nhiệt tình lắm', 148, 95, 0, 0),
(1531, 'Cũng được', 143, 108, 0, 0),
(1532, 'Cố gắng phát huy nhé', 100, 98, 0, 0),
(1533, 'Chờ thức ăn lâu quá', 101, 109, 0, 0),
(1534, 'Nhà hàng sang trọng đó', 108, 122, 0, 0),
(1535, 'View thoáng mát rộng rãi', 136, 108, 0, 0),
(1536, 'Chờ thức ăn lâu quá', 106, 108, 0, 0),
(1537, 'Giá hơi cao', 89, 108, 0, 0),
(1538, 'View thoáng mát rộng rãi', 93, 105, 0, 0),
(1539, 'Tạm được', 146, 106, 0, 0),
(1540, 'Cố gắng phát huy nhé', 91, 108, 0, 0),
(1541, 'Very good', 103, 98, 0, 0),
(1542, 'Cũng được đó', 113, 103, 0, 0),
(1543, 'Thức ăn ngon lắm', 93, 122, 0, 0),
(1544, 'Tạm được', 82, 105, 0, 0),
(1545, 'Cũng được đó', 93, 108, 0, 0),
(1546, 'Nhà hàng sang trọng đó', 142, 98, 0, 0),
(1547, 'Tuyệt vời', 80, 122, 0, 0),
(1548, 'Cũng được', 141, 108, 0, 0),
(1549, 'Chờ thức ăn lâu quá', 114, 103, 0, 0),
(1550, 'Very good', 131, 122, 0, 0),
(1551, 'Very good', 147, 122, 0, 0),
(1552, 'Giá hơi cao', 134, 105, 0, 0),
(1553, 'Nhân viên chưa nhiệt tình lắm', 119, 108, 0, 0),
(1554, 'Tạm được', 112, 98, 0, 0),
(1555, 'OK lắm bạn', 81, 122, 0, 0),
(1556, 'Cũng được', 123, 122, 0, 0),
(1557, 'OK lắm bạn', 150, 106, 0, 0),
(1558, 'Cũng được', 104, 98, 0, 0),
(1559, 'Cố gắng phát huy nhé', 102, 122, 0, 0),
(1560, 'Chờ thức ăn lâu quá', 90, 122, 0, 0),
(1561, 'Nhân viên nhiệt tình', 135, 122, 0, 0),
(1562, 'Giá hơi cao', 133, 106, 0, 0),
(1563, 'Cố gắng phát huy nhé', 107, 109, 0, 0),
(1564, 'Very good', 99, 103, 0, 0),
(1565, 'Nhân viên chưa nhiệt tình lắm', 138, 103, 0, 0),
(1566, 'Tuyệt vời', 135, 105, 0, 0),
(1567, 'Tuyệt vời', 91, 122, 0, 0),
(1568, 'Giá hơi cao', 81, 98, 0, 0),
(1569, 'Tuyệt vời', 136, 108, 0, 0),
(1570, 'View thoáng mát rộng rãi', 128, 122, 0, 0),
(1571, 'Tạm được', 100, 106, 0, 0),
(1572, 'Nhân viên chưa nhiệt tình lắm', 83, 122, 0, 0),
(1573, 'Tuyệt vời', 125, 109, 0, 0),
(1574, 'Nhân viên chưa nhiệt tình lắm', 83, 108, 0, 0),
(1575, 'Chờ thức ăn lâu quá', 149, 109, 0, 0),
(1576, 'Thức ăn ngon lắm', 107, 98, 0, 0),
(1577, 'Very good', 96, 108, 0, 0),
(1578, 'Cũng được', 96, 105, 0, 0),
(1579, 'Cũng được', 88, 106, 0, 0),
(1580, 'Tạm được', 113, 106, 0, 0),
(1581, 'Giá hơi cao', 114, 103, 0, 0),
(1582, 'OK lắm bạn', 98, 98, 0, 0),
(1583, 'Nhân viên chưa nhiệt tình lắm', 80, 122, 0, 0),
(1584, 'Giá hơi cao', 117, 109, 0, 0),
(1585, 'OK lắm bạn', 83, 103, 0, 0),
(1586, 'Cũng được đó', 126, 106, 0, 0),
(1587, 'Giá hơi cao', 102, 103, 0, 0),
(1588, 'Cũng được đó', 87, 106, 0, 0),
(1589, 'Nhà hàng sang trọng đó', 122, 105, 0, 0),
(1590, 'Khá lắm', 112, 103, 0, 0),
(1591, 'Nhân viên chưa nhiệt tình lắm', 129, 106, 0, 0),
(1592, 'Tạm được', 103, 106, 0, 0),
(1593, 'Tuyệt vời', 146, 98, 0, 0),
(1594, 'Giá hơi cao', 123, 108, 0, 0),
(1595, 'Cố gắng phát huy nhé', 81, 105, 0, 0),
(1596, 'Cũng được đó', 141, 105, 0, 0),
(1597, 'Thức ăn ngon lắm', 115, 108, 0, 0),
(1598, 'Khá lắm', 132, 103, 0, 0),
(1599, 'Được đó', 146, 122, 0, 0),
(1600, 'View thoáng mát rộng rãi', 116, 106, 0, 0),
(1601, 'Nhân viên chưa nhiệt tình lắm', 134, 106, 0, 0),
(1602, 'Nhân viên chưa nhiệt tình lắm', 134, 105, 0, 0),
(1603, 'Cũng được đó', 126, 98, 0, 0),
(1604, 'Cũng được đó', 134, 105, 0, 0),
(1605, 'Very good', 91, 122, 0, 0),
(1606, 'Khá lắm', 146, 105, 0, 0),
(1607, 'Cũng được đó', 117, 106, 0, 0),
(1608, 'Giá hơi cao', 135, 106, 0, 0),
(1609, 'Thức ăn đắt quá', 136, 108, 0, 0),
(1610, 'OK lắm bạn', 116, 122, 0, 0),
(1611, 'Thức ăn ngon lắm', 146, 122, 0, 0),
(1612, 'Thức ăn ngon lắm', 143, 108, 0, 0),
(1613, 'Chờ thức ăn lâu quá', 118, 106, 0, 0),
(1614, 'Cũng được đó', 106, 105, 0, 0),
(1615, 'Thức ăn đắt quá', 118, 106, 0, 0),
(1616, 'Cũng được', 126, 108, 0, 0),
(1617, 'Chờ thức ăn lâu quá', 109, 103, 0, 0),
(1618, 'Cũng được đó', 145, 108, 0, 0),
(1619, 'Khá lắm', 108, 122, 0, 0),
(1620, 'View thoáng mát rộng rãi', 88, 109, 0, 0),
(1621, 'Cũng được đó', 116, 109, 0, 0),
(1622, 'View thoáng mát rộng rãi', 88, 106, 0, 0),
(1623, 'Cũng được', 101, 122, 0, 0),
(1624, 'Nhân viên nhiệt tình', 117, 103, 0, 0),
(1625, 'OK lắm bạn', 112, 108, 0, 0),
(1626, 'Chờ thức ăn lâu quá', 112, 106, 0, 0),
(1627, 'View thoáng mát rộng rãi', 97, 122, 0, 0),
(1628, 'Tuyệt vời', 147, 106, 0, 0),
(1629, 'Nhân viên chưa nhiệt tình lắm', 119, 105, 0, 0),
(1630, 'Chờ thức ăn lâu quá', 98, 122, 0, 0),
(1631, 'Nhân viên nhiệt tình', 139, 103, 0, 0),
(1632, 'Cũng được', 109, 109, 0, 0),
(1633, 'Very good', 138, 98, 0, 0),
(1634, 'Tuyệt vời', 83, 105, 0, 0),
(1635, 'View thoáng mát rộng rãi', 80, 109, 0, 0),
(1636, 'Giá hơi cao', 127, 98, 0, 0),
(1637, 'Khá lắm', 90, 103, 0, 0),
(1638, 'Cũng được đó', 144, 106, 0, 0),
(1639, 'Cố gắng phát huy nhé', 128, 122, 0, 0),
(1640, 'View thoáng mát rộng rãi', 89, 103, 0, 0),
(1641, 'Thức ăn ngon lắm', 96, 122, 0, 0),
(1642, 'Thức ăn ngon lắm', 143, 103, 0, 0),
(1643, 'Được đó', 108, 122, 0, 0),
(1644, 'OK lắm bạn', 146, 122, 0, 0),
(1645, 'Nhân viên nhiệt tình', 101, 122, 0, 0),
(1646, 'Được đó', 91, 122, 0, 0),
(1647, 'Giá hơi cao', 96, 98, 0, 0),
(1648, 'View thoáng mát rộng rãi', 140, 106, 0, 0),
(1649, 'Thức ăn ngon lắm', 145, 106, 0, 0),
(1650, 'Thức ăn ngon lắm', 109, 109, 0, 0),
(1651, 'Được đó', 87, 105, 0, 0),
(1652, 'Nhân viên nhiệt tình', 141, 122, 0, 0),
(1653, 'View thoáng mát rộng rãi', 118, 106, 0, 0),
(1654, 'Giá hơi cao', 149, 109, 0, 0),
(1655, 'Nhân viên nhiệt tình', 143, 122, 0, 0),
(1656, 'Thức ăn đắt quá', 134, 108, 0, 0),
(1657, 'Tạm được', 138, 106, 0, 0),
(1658, 'Nhân viên chưa nhiệt tình lắm', 122, 108, 0, 0),
(1659, 'Thức ăn đắt quá', 99, 106, 0, 0),
(1660, 'View thoáng mát rộng rãi', 114, 109, 0, 0),
(1661, 'Chờ thức ăn lâu quá', 82, 108, 0, 0),
(1662, 'Cũng được đó', 90, 109, 0, 0),
(1663, 'OK lắm bạn', 84, 105, 0, 0),
(1664, 'Được đó', 96, 108, 0, 0),
(1665, 'Nhân viên nhiệt tình', 99, 122, 0, 0),
(1666, 'Thức ăn ngon lắm', 92, 98, 0, 0),
(1667, 'Nhân viên chưa nhiệt tình lắm', 89, 98, 0, 0),
(1668, 'Cố gắng phát huy nhé', 97, 109, 0, 0),
(1669, 'Nhân viên nhiệt tình', 132, 109, 0, 0),
(1670, 'Very good', 140, 103, 0, 0),
(1671, 'Thức ăn ngon lắm', 146, 108, 0, 0),
(1672, 'Tạm được', 150, 103, 0, 0),
(1673, 'Giá hơi cao', 85, 122, 0, 0),
(1674, 'Cũng được', 96, 98, 0, 0),
(1675, 'Tuyệt vời', 85, 109, 0, 0),
(1676, 'Nhân viên chưa nhiệt tình lắm', 150, 106, 0, 0),
(1677, 'Cũng được đó', 87, 109, 0, 0),
(1678, 'Khá lắm', 135, 108, 0, 0),
(1679, 'Nhân viên chưa nhiệt tình lắm', 90, 98, 0, 0),
(1680, 'Thức ăn đắt quá', 130, 98, 0, 0),
(1681, 'Thức ăn ngon lắm', 101, 105, 0, 0),
(1682, 'Thức ăn ngon lắm', 111, 103, 0, 0),
(1683, 'Cũng được đó', 92, 105, 0, 0),
(1684, 'Được đó', 100, 109, 0, 0),
(1685, 'Nhà hàng sang trọng đó', 107, 108, 0, 0),
(1686, 'Được đó', 150, 108, 0, 0),
(1687, 'Cũng được', 139, 105, 0, 0),
(1688, 'Giá hơi cao', 127, 108, 0, 0),
(1689, 'Very good', 148, 122, 0, 0),
(1690, 'Thức ăn đắt quá', 147, 106, 0, 0),
(1691, 'Tuyệt vời', 148, 103, 0, 0),
(1692, 'Very good', 125, 105, 0, 0),
(1693, 'Nhân viên chưa nhiệt tình lắm', 114, 106, 0, 0),
(1694, 'Giá hơi cao', 130, 103, 0, 0),
(1695, 'Được đó', 94, 98, 0, 0),
(1696, 'Nhân viên chưa nhiệt tình lắm', 87, 109, 0, 0),
(1697, 'Chờ thức ăn lâu quá', 102, 108, 0, 0),
(1698, 'Cũng được', 99, 106, 0, 0),
(1699, 'Được đó', 117, 98, 0, 0),
(1700, 'Nhân viên chưa nhiệt tình lắm', 144, 105, 0, 0),
(1701, 'Cũng được', 130, 98, 0, 0),
(1702, 'Khá lắm', 96, 106, 0, 0),
(1703, 'Chờ thức ăn lâu quá', 123, 103, 0, 0),
(1704, 'Cũng được', 89, 122, 0, 0),
(1705, 'Nhân viên chưa nhiệt tình lắm', 102, 98, 0, 0),
(1706, 'Tuyệt vời', 141, 98, 0, 0),
(1707, 'Cũng được', 85, 106, 0, 0),
(1708, 'Thức ăn đắt quá', 89, 108, 0, 0),
(1709, 'Tuyệt vời', 107, 108, 0, 0),
(1710, 'Very good', 95, 122, 0, 0),
(1711, 'Nhân viên chưa nhiệt tình lắm', 126, 122, 0, 0),
(1712, 'Thức ăn ngon lắm', 101, 105, 0, 0),
(1713, 'Nhân viên nhiệt tình', 83, 108, 0, 0),
(1714, 'Very good', 80, 122, 0, 0),
(1715, 'Tuyệt vời', 80, 109, 0, 0),
(1716, 'Tạm được', 139, 98, 0, 0),
(1717, 'Cố gắng phát huy nhé', 108, 106, 0, 0),
(1718, 'Giá hơi cao', 135, 103, 0, 0),
(1719, 'Thức ăn ngon lắm', 110, 106, 0, 0),
(1720, 'View thoáng mát rộng rãi', 124, 109, 0, 0),
(1721, 'Tạm được', 106, 106, 0, 0),
(1722, 'Tạm được', 100, 98, 0, 0),
(1723, 'Tuyệt vời', 143, 108, 0, 0),
(1724, 'Thức ăn ngon lắm', 147, 109, 0, 0),
(1725, 'Giá hơi cao', 139, 105, 0, 0),
(1726, 'Chờ thức ăn lâu quá', 122, 108, 0, 0),
(1727, 'Thức ăn đắt quá', 83, 105, 0, 0),
(1728, 'Cũng được đó', 138, 108, 0, 0),
(1729, 'Tạm được', 96, 105, 0, 0),
(1730, 'Nhà hàng sang trọng đó', 105, 108, 0, 0),
(1731, 'Giá hơi cao', 130, 122, 0, 0),
(1732, 'Giá hơi cao', 108, 98, 0, 0),
(1733, 'Cũng được', 131, 98, 0, 0),
(1734, 'Thức ăn ngon lắm', 119, 108, 0, 0),
(1735, 'View thoáng mát rộng rãi', 148, 108, 0, 0),
(1736, 'Thức ăn ngon lắm', 99, 98, 0, 0),
(1737, 'Được đó', 119, 108, 0, 0),
(1738, 'Khá lắm', 81, 122, 0, 0),
(1739, 'Khá lắm', 101, 103, 0, 0),
(1740, 'Very good', 80, 122, 0, 0),
(1741, 'Giá hơi cao', 144, 109, 0, 0),
(1742, 'Được đó', 127, 103, 0, 0),
(1743, 'Tuyệt vời', 117, 98, 0, 0),
(1744, 'Cũng được', 80, 108, 0, 0),
(1745, 'Được đó', 83, 103, 0, 0),
(1746, 'OK lắm bạn', 92, 108, 0, 0),
(1747, 'Very good', 134, 106, 0, 0),
(1748, 'Chờ thức ăn lâu quá', 137, 122, 0, 0),
(1749, 'Tạm được', 120, 108, 0, 0),
(1750, 'OK lắm bạn', 105, 98, 0, 0),
(1751, 'Nhân viên nhiệt tình', 139, 109, 0, 0),
(1752, 'Very good', 97, 106, 0, 0),
(1753, 'Chờ thức ăn lâu quá', 105, 106, 0, 0),
(1754, 'Very good', 124, 98, 0, 0),
(1755, 'Tuyệt vời', 150, 105, 0, 0),
(1756, 'View thoáng mát rộng rãi', 100, 106, 0, 0),
(1757, 'Chờ thức ăn lâu quá', 82, 103, 0, 0),
(1758, 'Cũng được', 132, 108, 0, 0),
(1759, 'Cố gắng phát huy nhé', 131, 109, 0, 0),
(1760, 'Chờ thức ăn lâu quá', 121, 98, 0, 0),
(1761, 'Nhân viên nhiệt tình', 123, 103, 0, 0),
(1762, 'Thức ăn đắt quá', 138, 106, 0, 0),
(1763, 'Nhà hàng sang trọng đó', 134, 108, 0, 0);
INSERT INTO `comment` (`id`, `body`, `user_id`, `restaurant_id`, `created_at`, `updated_at`) VALUES
(1764, 'Thức ăn đắt quá', 100, 103, 0, 0),
(1765, 'Nhà hàng sang trọng đó', 128, 105, 0, 0),
(1766, 'Nhân viên nhiệt tình', 83, 108, 0, 0),
(1767, 'Khá lắm', 95, 108, 0, 0),
(1768, 'Cố gắng phát huy nhé', 145, 109, 0, 0),
(1769, 'Tuyệt vời', 145, 122, 0, 0),
(1770, 'Nhân viên nhiệt tình', 130, 105, 0, 0),
(1771, 'Very good', 99, 103, 0, 0),
(1772, 'Thức ăn đắt quá', 98, 122, 0, 0),
(1773, 'Chờ thức ăn lâu quá', 112, 105, 0, 0),
(1774, 'Nhà hàng sang trọng đó', 101, 106, 0, 0),
(1775, 'Được đó', 145, 98, 0, 0),
(1776, 'Tạm được', 142, 106, 0, 0),
(1777, 'OK lắm bạn', 96, 98, 0, 0),
(1778, 'Giá hơi cao', 119, 98, 0, 0),
(1779, 'Khá lắm', 121, 122, 0, 0),
(1780, 'Chờ thức ăn lâu quá', 113, 105, 0, 0),
(1781, 'Được đó', 96, 109, 0, 0),
(1782, 'Thức ăn ngon lắm', 119, 103, 0, 0),
(1783, 'Cố gắng phát huy nhé', 91, 108, 0, 0),
(1784, 'Thức ăn ngon lắm', 135, 109, 0, 0),
(1785, 'Tuyệt vời', 100, 108, 0, 0),
(1786, 'Tuyệt vời', 150, 105, 0, 0),
(1787, 'Cũng được', 120, 108, 0, 0),
(1788, 'Nhân viên nhiệt tình', 131, 108, 0, 0),
(1789, 'Thức ăn ngon lắm', 90, 108, 0, 0),
(1790, 'Được đó', 106, 103, 0, 0),
(1791, 'Cũng được đó', 124, 105, 0, 0),
(1792, 'OK lắm bạn', 107, 109, 0, 0),
(1793, 'Cố gắng phát huy nhé', 81, 106, 0, 0),
(1794, 'Tuyệt vời', 138, 122, 0, 0),
(1795, 'Tuyệt vời', 124, 106, 0, 0),
(1796, 'Cố gắng phát huy nhé', 125, 109, 0, 0),
(1797, 'Nhân viên chưa nhiệt tình lắm', 86, 106, 0, 0),
(1798, 'Cố gắng phát huy nhé', 126, 106, 0, 0),
(1799, 'Được đó', 96, 105, 0, 0),
(1800, 'Thức ăn đắt quá', 146, 103, 0, 0),
(1801, 'Khá lắm', 95, 122, 0, 0),
(1802, 'Cũng được đó', 112, 109, 0, 0),
(1803, 'Giá hơi cao', 146, 122, 0, 0),
(1804, 'Khá lắm', 123, 105, 0, 0),
(1805, 'Nhà hàng sang trọng đó', 122, 109, 0, 0),
(1806, 'Chờ thức ăn lâu quá', 150, 122, 0, 0),
(1807, 'Cố gắng phát huy nhé', 89, 122, 0, 0),
(1808, 'Cố gắng phát huy nhé', 93, 109, 0, 0),
(1809, 'Cố gắng phát huy nhé', 129, 108, 0, 0),
(1810, 'Thức ăn đắt quá', 149, 105, 0, 0),
(1811, 'Chờ thức ăn lâu quá', 114, 105, 0, 0),
(1812, 'Thức ăn ngon lắm', 126, 98, 0, 0),
(1813, 'OK lắm bạn', 99, 103, 0, 0),
(1814, 'Thức ăn đắt quá', 124, 108, 0, 0),
(1815, 'Thức ăn ngon lắm', 88, 105, 0, 0),
(1816, 'Chờ thức ăn lâu quá', 134, 98, 0, 0),
(1817, 'Được đó', 137, 98, 0, 0),
(1818, 'Khá lắm', 140, 98, 0, 0),
(1819, 'Được đó', 134, 106, 0, 0),
(1820, 'Cũng được', 114, 122, 0, 0),
(1821, 'Nhân viên chưa nhiệt tình lắm', 100, 103, 0, 0),
(1822, 'View thoáng mát rộng rãi', 113, 108, 0, 0),
(1823, 'Cũng được đó', 90, 122, 0, 0),
(1824, 'Very good', 85, 109, 0, 0),
(1825, 'Cố gắng phát huy nhé', 144, 108, 0, 0),
(1826, 'Cũng được đó', 81, 103, 0, 0),
(1827, 'Giá hơi cao', 150, 122, 0, 0),
(1828, 'View thoáng mát rộng rãi', 127, 109, 0, 0),
(1829, 'Tuyệt vời', 96, 109, 0, 0),
(1830, 'Nhà hàng sang trọng đó', 98, 103, 0, 0),
(1831, 'Nhân viên chưa nhiệt tình lắm', 85, 122, 0, 0),
(1832, 'Thức ăn ngon lắm', 94, 106, 0, 0),
(1833, 'Cố gắng phát huy nhé', 134, 106, 0, 0),
(1834, 'Nhân viên nhiệt tình', 129, 98, 0, 0),
(1835, 'Cũng được', 95, 109, 0, 0),
(1836, 'Cũng được', 121, 109, 0, 0),
(1837, 'Chờ thức ăn lâu quá', 136, 105, 0, 0),
(1838, 'Cũng được', 117, 98, 0, 0),
(1839, 'Nhà hàng sang trọng đó', 144, 105, 0, 0),
(1840, 'OK lắm bạn', 98, 108, 0, 0),
(1841, 'Giá hơi cao', 138, 105, 0, 0),
(1842, 'Cũng được', 136, 106, 0, 0),
(1843, 'Thức ăn đắt quá', 102, 103, 0, 0),
(1844, 'Thức ăn đắt quá', 129, 108, 0, 0),
(1845, 'Khá lắm', 139, 122, 0, 0),
(1846, 'Được đó', 83, 108, 0, 0),
(1847, 'Nhà hàng sang trọng đó', 137, 98, 0, 0),
(1848, 'Thức ăn đắt quá', 111, 109, 0, 0),
(1849, 'Thức ăn đắt quá', 142, 122, 0, 0),
(1850, 'Nhân viên chưa nhiệt tình lắm', 150, 109, 0, 0),
(1851, 'Nhân viên chưa nhiệt tình lắm', 126, 106, 0, 0),
(1852, 'Nhà hàng sang trọng đó', 92, 108, 0, 0),
(1853, 'Khá lắm', 141, 106, 0, 0),
(1854, 'Cố gắng phát huy nhé', 118, 103, 0, 0),
(1855, 'Thức ăn đắt quá', 114, 109, 0, 0),
(1856, 'Very good', 141, 122, 0, 0),
(1857, 'Tạm được', 139, 98, 0, 0),
(1858, 'OK lắm bạn', 121, 122, 0, 0),
(1859, 'Tạm được', 146, 105, 0, 0),
(1860, 'Tạm được', 131, 103, 0, 0),
(1861, 'Cũng được', 114, 109, 0, 0),
(1862, 'Tạm được', 89, 106, 0, 0),
(1863, 'Nhân viên chưa nhiệt tình lắm', 147, 122, 0, 0),
(1864, 'Thức ăn đắt quá', 140, 109, 0, 0),
(1865, 'OK lắm bạn', 118, 103, 0, 0),
(1866, 'Nhà hàng sang trọng đó', 83, 109, 0, 0),
(1867, 'Nhà hàng sang trọng đó', 140, 109, 0, 0),
(1868, 'Tuyệt vời', 103, 105, 0, 0),
(1869, 'Cũng được đó', 140, 109, 0, 0),
(1870, 'View thoáng mát rộng rãi', 81, 106, 0, 0),
(1871, 'Tạm được', 81, 105, 0, 0),
(1872, 'Thức ăn đắt quá', 134, 108, 0, 0),
(1873, 'Very good', 135, 122, 0, 0),
(1874, 'Giá hơi cao', 94, 109, 0, 0),
(1875, 'View thoáng mát rộng rãi', 83, 108, 0, 0),
(1876, 'OK lắm bạn', 130, 103, 0, 0),
(1877, 'OK lắm bạn', 148, 105, 0, 0),
(1878, 'Cũng được', 87, 122, 0, 0),
(1879, 'Nhà hàng sang trọng đó', 89, 103, 0, 0),
(1880, 'Tạm được', 150, 106, 0, 0),
(1881, 'Nhân viên chưa nhiệt tình lắm', 120, 122, 0, 0),
(1882, 'Cố gắng phát huy nhé', 81, 103, 0, 0),
(1883, 'Được đó', 138, 98, 0, 0),
(1884, 'Cố gắng phát huy nhé', 98, 105, 0, 0),
(1885, 'View thoáng mát rộng rãi', 126, 122, 0, 0),
(1886, 'Thức ăn đắt quá', 126, 103, 0, 0),
(1887, 'Chờ thức ăn lâu quá', 136, 122, 0, 0),
(1888, 'Cũng được', 101, 106, 0, 0),
(1889, 'Tạm được', 126, 122, 0, 0),
(1890, 'Giá hơi cao', 108, 103, 0, 0),
(1891, 'View thoáng mát rộng rãi', 105, 105, 0, 0),
(1892, 'Thức ăn ngon lắm', 135, 122, 0, 0),
(1893, 'Giá hơi cao', 130, 105, 0, 0),
(1894, 'Nhà hàng sang trọng đó', 96, 98, 0, 0),
(1895, 'Giá hơi cao', 88, 105, 0, 0),
(1896, 'Cũng được', 116, 108, 0, 0),
(1897, 'Giá hơi cao', 140, 98, 0, 0),
(1898, 'Cũng được', 132, 108, 0, 0),
(1899, 'Được đó', 146, 103, 0, 0),
(1900, 'View thoáng mát rộng rãi', 92, 122, 0, 0),
(1901, 'Thức ăn đắt quá', 86, 122, 0, 0),
(1902, 'Nhân viên chưa nhiệt tình lắm', 96, 106, 0, 0),
(1903, 'Tuyệt vời', 82, 98, 0, 0),
(1904, 'Khá lắm', 113, 108, 0, 0),
(1905, 'View thoáng mát rộng rãi', 144, 98, 0, 0),
(1906, 'View thoáng mát rộng rãi', 108, 122, 0, 0),
(1907, 'Tạm được', 85, 109, 0, 0),
(1908, 'OK lắm bạn', 100, 122, 0, 0),
(1909, 'Giá hơi cao', 102, 108, 0, 0),
(1910, 'Thức ăn ngon lắm', 111, 103, 0, 0),
(1911, 'Khá lắm', 121, 109, 0, 0),
(1912, 'Thức ăn đắt quá', 95, 108, 0, 0),
(1913, 'View thoáng mát rộng rãi', 85, 105, 0, 0),
(1914, 'Thức ăn ngon lắm', 130, 98, 0, 0),
(1915, 'Khá lắm', 98, 98, 0, 0),
(1916, 'Very good', 95, 109, 0, 0),
(1917, 'OK lắm bạn', 97, 98, 0, 0),
(1918, 'Được đó', 102, 108, 0, 0),
(1919, 'Cũng được', 91, 122, 0, 0),
(1920, 'Tạm được', 104, 108, 0, 0),
(1921, 'Cũng được đó', 132, 106, 0, 0),
(1922, 'Thức ăn ngon lắm', 95, 108, 0, 0),
(1923, 'Cố gắng phát huy nhé', 127, 109, 0, 0),
(1924, 'Nhân viên chưa nhiệt tình lắm', 146, 105, 0, 0),
(1925, 'Thức ăn ngon lắm', 97, 122, 0, 0),
(1926, 'Cố gắng phát huy nhé', 126, 106, 0, 0),
(1927, 'Thức ăn ngon lắm', 126, 109, 0, 0),
(1928, 'Được đó', 88, 106, 0, 0),
(1929, 'View thoáng mát rộng rãi', 127, 98, 0, 0),
(1930, 'Nhân viên chưa nhiệt tình lắm', 144, 98, 0, 0),
(1931, 'Very good', 126, 106, 0, 0),
(1932, 'Cũng được', 82, 103, 0, 0),
(1933, 'Very good', 144, 109, 0, 0),
(1934, 'Giá hơi cao', 138, 109, 0, 0),
(1935, 'Nhân viên chưa nhiệt tình lắm', 132, 108, 0, 0),
(1936, 'Thức ăn ngon lắm', 112, 103, 0, 0),
(1937, 'Được đó', 145, 106, 0, 0),
(1938, 'Thức ăn đắt quá', 136, 98, 0, 0),
(1939, 'Chờ thức ăn lâu quá', 130, 106, 0, 0),
(1940, 'View thoáng mát rộng rãi', 146, 109, 0, 0),
(1941, 'Giá hơi cao', 102, 122, 0, 0),
(1942, 'Nhà hàng sang trọng đó', 92, 108, 0, 0),
(1943, 'Thức ăn ngon lắm', 103, 109, 0, 0),
(1944, 'Khá lắm', 129, 106, 0, 0),
(1945, 'Nhà hàng sang trọng đó', 85, 122, 0, 0),
(1946, 'Chờ thức ăn lâu quá', 143, 105, 0, 0),
(1947, 'Nhà hàng sang trọng đó', 81, 108, 0, 0),
(1948, 'Thức ăn ngon lắm', 103, 108, 0, 0),
(1949, 'Tuyệt vời', 146, 106, 0, 0),
(1950, 'Giá hơi cao', 86, 122, 0, 0),
(1951, 'Khá lắm', 102, 122, 0, 0),
(1952, 'Giá hơi cao', 128, 105, 0, 0),
(1953, 'OK lắm bạn', 88, 105, 0, 0),
(1954, 'Cũng được', 128, 106, 0, 0),
(1955, 'Thức ăn ngon lắm', 105, 122, 0, 0),
(1956, 'Được đó', 80, 105, 0, 0),
(1957, 'Thức ăn đắt quá', 118, 122, 0, 0),
(1958, 'Chờ thức ăn lâu quá', 120, 109, 0, 0),
(1959, 'Tạm được', 104, 108, 0, 0),
(1960, 'Cũng được', 140, 105, 0, 0),
(1961, 'Nhà hàng sang trọng đó', 150, 108, 0, 0),
(1962, 'Chờ thức ăn lâu quá', 96, 105, 0, 0),
(1963, 'Tuyệt vời', 131, 103, 0, 0),
(1964, 'Giá hơi cao', 122, 106, 0, 0),
(1965, 'Thức ăn ngon lắm', 142, 105, 0, 0),
(1966, 'Nhân viên nhiệt tình', 94, 122, 0, 0),
(1967, 'View thoáng mát rộng rãi', 82, 98, 0, 0),
(1968, 'Nhà hàng sang trọng đó', 135, 106, 0, 0),
(1969, 'Nhà hàng sang trọng đó', 100, 122, 0, 0),
(1970, 'View thoáng mát rộng rãi', 99, 98, 0, 0),
(1971, 'Giá hơi cao', 128, 108, 0, 0),
(1972, 'OK lắm bạn', 122, 98, 0, 0),
(1973, 'Cũng được', 87, 106, 0, 0),
(1974, 'Very good', 93, 109, 0, 0),
(1975, 'OK lắm bạn', 118, 106, 0, 0),
(1976, 'Được đó', 137, 98, 0, 0),
(1977, 'Cũng được', 97, 98, 0, 0),
(1978, 'Thức ăn đắt quá', 125, 103, 0, 0),
(1979, 'Cũng được', 130, 105, 0, 0),
(1980, 'Nhân viên chưa nhiệt tình lắm', 81, 105, 0, 0),
(1981, 'Tuyệt vời', 137, 105, 0, 0),
(1982, 'Thức ăn ngon lắm', 122, 105, 0, 0),
(1983, 'Cũng được đó', 86, 98, 0, 0),
(1984, 'Chờ thức ăn lâu quá', 92, 122, 0, 0),
(1985, 'Thức ăn ngon lắm', 103, 108, 0, 0),
(1986, 'OK lắm bạn', 134, 109, 0, 0),
(1987, 'Thức ăn đắt quá', 108, 105, 0, 0),
(1988, 'Cũng được', 135, 109, 0, 0),
(1989, 'Nhân viên chưa nhiệt tình lắm', 119, 106, 0, 0),
(1990, 'Nhân viên chưa nhiệt tình lắm', 130, 122, 0, 0),
(1991, 'Tạm được', 124, 122, 0, 0),
(1992, 'Cũng được đó', 94, 103, 0, 0),
(1993, 'View thoáng mát rộng rãi', 139, 106, 0, 0),
(1994, 'Thức ăn ngon lắm', 146, 98, 0, 0),
(1995, 'Thức ăn đắt quá', 123, 98, 0, 0),
(1996, 'Chờ thức ăn lâu quá', 144, 105, 0, 0),
(1997, 'Nhân viên chưa nhiệt tình lắm', 134, 122, 0, 0),
(1998, 'Khá lắm', 111, 122, 0, 0),
(1999, 'Tạm được', 114, 103, 0, 0),
(2000, 'Chờ thức ăn lâu quá', 123, 98, 0, 0),
(2001, 'Thức ăn ngon lắm', 87, 105, 0, 0),
(2002, 'Tạm được', 148, 109, 0, 0),
(2003, 'Được đó', 115, 103, 0, 0),
(2004, 'Giá hơi cao', 93, 98, 0, 0),
(2005, 'Thức ăn ngon lắm', 108, 105, 0, 0),
(2006, 'Khá lắm', 102, 103, 0, 0),
(2007, 'View thoáng mát rộng rãi', 113, 106, 0, 0),
(2008, 'Cũng được', 89, 103, 0, 0),
(2009, 'View thoáng mát rộng rãi', 131, 98, 0, 0),
(2010, 'View thoáng mát rộng rãi', 130, 105, 0, 0),
(2011, 'Cũng được đó', 101, 109, 0, 0),
(2012, 'Được đó', 112, 122, 0, 0),
(2013, 'Nhân viên nhiệt tình', 86, 108, 0, 0),
(2014, 'Thức ăn đắt quá', 127, 109, 0, 0),
(2015, 'Very good', 141, 105, 0, 0),
(2016, 'Thức ăn đắt quá', 103, 108, 0, 0),
(2017, 'Very good', 140, 98, 0, 0),
(2018, 'Nhân viên nhiệt tình', 141, 109, 0, 0),
(2019, 'View thoáng mát rộng rãi', 146, 98, 0, 0),
(2020, 'Nhân viên nhiệt tình', 110, 122, 0, 0),
(2021, 'Cố gắng phát huy nhé', 123, 98, 0, 0),
(2022, 'Nhân viên chưa nhiệt tình lắm', 84, 108, 0, 0),
(2023, 'OK lắm bạn', 119, 122, 0, 0),
(2024, 'Thức ăn ngon lắm', 86, 106, 0, 0),
(2025, 'Nhân viên chưa nhiệt tình lắm', 115, 105, 0, 0),
(2026, 'Tuyệt vời', 146, 122, 0, 0),
(2027, 'Tuyệt vời', 104, 103, 0, 0),
(2028, 'Thức ăn đắt quá', 103, 122, 0, 0),
(2029, 'Giá hơi cao', 93, 105, 0, 0),
(2030, 'Cũng được đó', 141, 108, 0, 0),
(2031, 'Hello', 213, 109, 1510283435, 1510283435),
(2032, 'Good', 213, 100, 1510283944, 1510283944),
(2033, 'Hello', 213, 73, 1510284206, 1510284206),
(2034, 'Nhân viên chưa nhiệt tình lắm', 91, 68, 0, 0),
(2035, 'Được đó', 104, 76, 0, 0),
(2036, 'Cũng được', 85, 70, 0, 0),
(2037, 'Nhân viên nhiệt tình', 80, 70, 0, 0),
(2038, 'Được đó', 130, 72, 0, 0),
(2039, 'Thức ăn đắt quá', 105, 74, 0, 0),
(2040, 'Nhân viên chưa nhiệt tình lắm', 110, 66, 0, 0),
(2041, 'Tạm được', 147, 71, 0, 0),
(2042, 'OK lắm bạn', 119, 76, 0, 0),
(2043, 'Chờ thức ăn lâu quá', 136, 71, 0, 0),
(2044, 'Cố gắng phát huy nhé', 92, 77, 0, 0),
(2045, 'Thức ăn ngon lắm', 102, 67, 0, 0),
(2046, 'Tạm được', 113, 74, 0, 0),
(2047, 'Giá hơi cao', 117, 73, 0, 0),
(2048, 'Cố gắng phát huy nhé', 119, 67, 0, 0),
(2049, 'Cũng được', 139, 72, 0, 0),
(2050, 'Chờ thức ăn lâu quá', 95, 76, 0, 0),
(2051, 'Cố gắng phát huy nhé', 108, 73, 0, 0),
(2052, 'Cũng được', 106, 74, 0, 0),
(2053, 'View thoáng mát rộng rãi', 120, 77, 0, 0),
(2054, 'Cũng được đó', 112, 73, 0, 0),
(2055, 'Cố gắng phát huy nhé', 87, 77, 0, 0),
(2056, 'Nhân viên chưa nhiệt tình lắm', 150, 71, 0, 0),
(2057, 'Nhân viên nhiệt tình', 116, 74, 0, 0),
(2058, 'Nhân viên nhiệt tình', 80, 76, 0, 0),
(2059, 'Cố gắng phát huy nhé', 127, 67, 0, 0),
(2060, 'Cố gắng phát huy nhé', 149, 68, 0, 0),
(2061, 'Thức ăn đắt quá', 139, 74, 0, 0),
(2062, 'Nhân viên chưa nhiệt tình lắm', 148, 74, 0, 0),
(2063, 'Tuyệt vời', 138, 66, 0, 0),
(2064, 'Cũng được đó', 131, 72, 0, 0),
(2065, 'Nhân viên chưa nhiệt tình lắm', 118, 70, 0, 0),
(2066, 'Khá lắm', 110, 71, 0, 0),
(2067, 'Very good', 133, 73, 0, 0),
(2068, 'Cũng được đó', 108, 70, 0, 0),
(2069, 'Thức ăn đắt quá', 137, 70, 0, 0),
(2070, 'Được đó', 137, 73, 0, 0),
(2071, 'Nhân viên chưa nhiệt tình lắm', 83, 66, 0, 0),
(2072, 'Khá lắm', 119, 66, 0, 0),
(2073, 'Cố gắng phát huy nhé', 106, 68, 0, 0),
(2074, 'Thức ăn đắt quá', 83, 69, 0, 0),
(2075, 'OK lắm bạn', 82, 66, 0, 0),
(2076, 'Cũng được', 145, 67, 0, 0),
(2077, 'Khá lắm', 132, 68, 0, 0),
(2078, 'Nhân viên nhiệt tình', 92, 68, 0, 0),
(2079, 'View thoáng mát rộng rãi', 115, 66, 0, 0),
(2080, 'Cũng được đó', 110, 72, 0, 0),
(2081, 'Cố gắng phát huy nhé', 89, 76, 0, 0),
(2082, 'Cố gắng phát huy nhé', 126, 74, 0, 0),
(2083, 'Tuyệt vời', 127, 71, 0, 0),
(2084, 'Cố gắng phát huy nhé', 100, 67, 0, 0),
(2085, 'Cố gắng phát huy nhé', 92, 70, 0, 0),
(2086, 'Nhà hàng sang trọng đó', 95, 75, 0, 0),
(2087, 'Nhà hàng sang trọng đó', 128, 68, 0, 0),
(2088, 'Khá lắm', 91, 67, 0, 0),
(2089, 'Chờ thức ăn lâu quá', 107, 69, 0, 0),
(2090, 'Giá hơi cao', 99, 72, 0, 0),
(2091, 'Cũng được', 122, 75, 0, 0),
(2092, 'Nhân viên nhiệt tình', 100, 73, 0, 0),
(2093, 'Nhân viên nhiệt tình', 146, 77, 0, 0),
(2094, 'Được đó', 117, 71, 0, 0),
(2095, 'Thức ăn đắt quá', 147, 67, 0, 0),
(2096, 'Được đó', 88, 67, 0, 0),
(2097, 'Tuyệt vời', 122, 73, 0, 0),
(2098, 'Được đó', 134, 71, 0, 0),
(2099, 'View thoáng mát rộng rãi', 87, 67, 0, 0),
(2100, 'Chờ thức ăn lâu quá', 138, 72, 0, 0),
(2101, 'View thoáng mát rộng rãi', 84, 71, 0, 0),
(2102, 'Nhân viên nhiệt tình', 97, 77, 0, 0),
(2103, 'Tuyệt vời', 105, 66, 0, 0),
(2104, 'Được đó', 109, 72, 0, 0),
(2105, 'Nhân viên chưa nhiệt tình lắm', 138, 69, 0, 0),
(2106, 'Được đó', 107, 70, 0, 0),
(2107, 'Chờ thức ăn lâu quá', 106, 74, 0, 0),
(2108, 'Thức ăn đắt quá', 124, 72, 0, 0),
(2109, 'Khá lắm', 101, 67, 0, 0),
(2110, 'Giá hơi cao', 126, 69, 0, 0),
(2111, 'Khá lắm', 146, 70, 0, 0),
(2112, 'View thoáng mát rộng rãi', 81, 74, 0, 0),
(2113, 'Very good', 117, 72, 0, 0),
(2114, 'Cố gắng phát huy nhé', 101, 67, 0, 0),
(2115, 'Nhà hàng sang trọng đó', 125, 76, 0, 0),
(2116, 'View thoáng mát rộng rãi', 122, 69, 0, 0),
(2117, 'Giá hơi cao', 107, 67, 0, 0),
(2118, 'Tạm được', 139, 69, 0, 0),
(2119, 'Cố gắng phát huy nhé', 107, 73, 0, 0),
(2120, 'Nhà hàng sang trọng đó', 117, 72, 0, 0),
(2121, 'Khá lắm', 101, 67, 0, 0),
(2122, 'Thức ăn ngon lắm', 84, 76, 0, 0),
(2123, 'Khá lắm', 101, 70, 0, 0),
(2124, 'Cố gắng phát huy nhé', 112, 69, 0, 0),
(2125, 'Nhân viên nhiệt tình', 124, 70, 0, 0),
(2126, 'Tuyệt vời', 121, 70, 0, 0),
(2127, 'Nhân viên chưa nhiệt tình lắm', 83, 67, 0, 0),
(2128, 'Tuyệt vời', 120, 73, 0, 0),
(2129, 'OK lắm bạn', 135, 68, 0, 0),
(2130, 'Chờ thức ăn lâu quá', 130, 76, 0, 0),
(2131, 'Được đó', 99, 69, 0, 0),
(2132, 'Very good', 95, 69, 0, 0),
(2133, 'Tuyệt vời', 111, 69, 0, 0),
(2134, 'Tạm được', 127, 74, 0, 0),
(2135, 'Cũng được', 116, 67, 0, 0),
(2136, 'Cố gắng phát huy nhé', 150, 76, 0, 0),
(2137, 'Nhân viên chưa nhiệt tình lắm', 103, 75, 0, 0),
(2138, 'OK lắm bạn', 98, 66, 0, 0),
(2139, 'Khá lắm', 110, 72, 0, 0),
(2140, 'Cố gắng phát huy nhé', 81, 75, 0, 0),
(2141, 'View thoáng mát rộng rãi', 81, 70, 0, 0),
(2142, 'OK lắm bạn', 120, 74, 0, 0),
(2143, 'View thoáng mát rộng rãi', 136, 77, 0, 0),
(2144, 'Được đó', 123, 70, 0, 0),
(2145, 'Thức ăn đắt quá', 105, 72, 0, 0),
(2146, 'Cũng được đó', 134, 77, 0, 0),
(2147, 'OK lắm bạn', 105, 70, 0, 0),
(2148, 'Cố gắng phát huy nhé', 121, 73, 0, 0),
(2149, 'Nhân viên chưa nhiệt tình lắm', 142, 75, 0, 0),
(2150, 'Giá hơi cao', 131, 67, 0, 0),
(2151, 'Khá lắm', 142, 70, 0, 0),
(2152, 'Very good', 108, 69, 0, 0),
(2153, 'Cũng được đó', 110, 67, 0, 0),
(2154, 'Khá lắm', 121, 73, 0, 0),
(2155, 'Giá hơi cao', 95, 75, 0, 0),
(2156, 'Cố gắng phát huy nhé', 108, 77, 0, 0),
(2157, 'Very good', 120, 73, 0, 0),
(2158, 'Được đó', 96, 73, 0, 0),
(2159, 'View thoáng mát rộng rãi', 142, 71, 0, 0),
(2160, 'Very good', 129, 71, 0, 0),
(2161, 'Được đó', 96, 66, 0, 0),
(2162, 'OK lắm bạn', 137, 75, 0, 0),
(2163, 'Giá hơi cao', 114, 74, 0, 0),
(2164, 'Tuyệt vời', 147, 73, 0, 0),
(2165, 'Được đó', 130, 70, 0, 0),
(2166, 'View thoáng mát rộng rãi', 109, 70, 0, 0),
(2167, 'Khá lắm', 110, 70, 0, 0),
(2168, 'Giá hơi cao', 87, 66, 0, 0),
(2169, 'Nhân viên chưa nhiệt tình lắm', 140, 67, 0, 0),
(2170, 'Nhân viên nhiệt tình', 101, 77, 0, 0),
(2171, 'Thức ăn ngon lắm', 81, 70, 0, 0),
(2172, 'Very good', 117, 68, 0, 0),
(2173, 'Cố gắng phát huy nhé', 80, 76, 0, 0),
(2174, 'Cũng được đó', 90, 68, 0, 0),
(2175, 'Very good', 117, 68, 0, 0),
(2176, 'Giá hơi cao', 139, 76, 0, 0),
(2177, 'Nhà hàng sang trọng đó', 87, 66, 0, 0),
(2178, 'Thức ăn đắt quá', 140, 74, 0, 0),
(2179, 'Nhà hàng sang trọng đó', 95, 73, 0, 0),
(2180, 'Cũng được đó', 97, 73, 0, 0),
(2181, 'Cố gắng phát huy nhé', 146, 73, 0, 0),
(2182, 'Cũng được đó', 111, 72, 0, 0),
(2183, 'Nhân viên chưa nhiệt tình lắm', 106, 77, 0, 0),
(2184, 'Được đó', 97, 69, 0, 0),
(2185, 'Cũng được', 113, 72, 0, 0),
(2186, 'Very good', 121, 77, 0, 0),
(2187, 'Được đó', 140, 67, 0, 0),
(2188, 'Khá lắm', 146, 73, 0, 0),
(2189, 'Nhân viên nhiệt tình', 109, 71, 0, 0),
(2190, 'Tuyệt vời', 136, 68, 0, 0),
(2191, 'Giá hơi cao', 103, 66, 0, 0),
(2192, 'Chờ thức ăn lâu quá', 147, 68, 0, 0),
(2193, 'Khá lắm', 119, 75, 0, 0),
(2194, 'Tuyệt vời', 87, 69, 0, 0),
(2195, 'Nhà hàng sang trọng đó', 122, 76, 0, 0),
(2196, 'Thức ăn đắt quá', 110, 68, 0, 0),
(2197, 'Được đó', 86, 75, 0, 0),
(2198, 'Giá hơi cao', 144, 74, 0, 0),
(2199, 'Very good', 111, 70, 0, 0),
(2200, 'Nhân viên chưa nhiệt tình lắm', 117, 70, 0, 0),
(2201, 'Thức ăn ngon lắm', 85, 76, 0, 0),
(2202, 'Thức ăn đắt quá', 125, 77, 0, 0),
(2203, 'Thức ăn đắt quá', 121, 67, 0, 0),
(2204, 'Very good', 146, 68, 0, 0),
(2205, 'Tuyệt vời', 97, 74, 0, 0),
(2206, 'Nhà hàng sang trọng đó', 98, 75, 0, 0),
(2207, 'View thoáng mát rộng rãi', 146, 68, 0, 0),
(2208, 'Very good', 138, 70, 0, 0),
(2209, 'OK lắm bạn', 97, 66, 0, 0),
(2210, 'Nhà hàng sang trọng đó', 102, 68, 0, 0),
(2211, 'Khá lắm', 83, 70, 0, 0),
(2212, 'Nhân viên nhiệt tình', 136, 70, 0, 0),
(2213, 'Nhân viên chưa nhiệt tình lắm', 91, 77, 0, 0),
(2214, 'Thức ăn ngon lắm', 128, 74, 0, 0),
(2215, 'Very good', 132, 74, 0, 0),
(2216, 'Very good', 147, 68, 0, 0),
(2217, 'Thức ăn ngon lắm', 105, 69, 0, 0),
(2218, 'Thức ăn đắt quá', 108, 75, 0, 0),
(2219, 'Nhân viên nhiệt tình', 135, 66, 0, 0),
(2220, 'Nhà hàng sang trọng đó', 113, 66, 0, 0),
(2221, 'Thức ăn đắt quá', 139, 67, 0, 0),
(2222, 'Được đó', 99, 69, 0, 0),
(2223, 'View thoáng mát rộng rãi', 147, 66, 0, 0),
(2224, 'Nhân viên chưa nhiệt tình lắm', 147, 67, 0, 0),
(2225, 'Nhân viên chưa nhiệt tình lắm', 123, 69, 0, 0),
(2226, 'Nhân viên nhiệt tình', 146, 67, 0, 0),
(2227, 'Chờ thức ăn lâu quá', 117, 76, 0, 0),
(2228, 'Khá lắm', 81, 67, 0, 0),
(2229, 'Thức ăn ngon lắm', 125, 75, 0, 0),
(2230, 'Cố gắng phát huy nhé', 87, 74, 0, 0),
(2231, 'Thức ăn ngon lắm', 122, 74, 0, 0),
(2232, 'Cũng được đó', 150, 75, 0, 0),
(2233, 'Nhà hàng sang trọng đó', 92, 72, 0, 0),
(2234, 'Khá lắm', 120, 67, 0, 0),
(2235, 'Nhân viên chưa nhiệt tình lắm', 104, 72, 0, 0),
(2236, 'Giá hơi cao', 106, 74, 0, 0),
(2237, 'Được đó', 125, 70, 0, 0),
(2238, 'Nhân viên nhiệt tình', 150, 70, 0, 0),
(2239, 'Khá lắm', 128, 67, 0, 0),
(2240, 'Khá lắm', 149, 69, 0, 0),
(2241, 'OK lắm bạn', 109, 67, 0, 0),
(2242, 'Được đó', 126, 75, 0, 0),
(2243, 'Nhân viên nhiệt tình', 98, 77, 0, 0),
(2244, 'View thoáng mát rộng rãi', 80, 71, 0, 0),
(2245, 'Giá hơi cao', 141, 74, 0, 0),
(2246, 'Nhà hàng sang trọng đó', 116, 76, 0, 0),
(2247, 'Cũng được', 94, 76, 0, 0),
(2248, 'Very good', 94, 70, 0, 0),
(2249, 'Nhân viên chưa nhiệt tình lắm', 85, 72, 0, 0),
(2250, 'Khá lắm', 136, 69, 0, 0),
(2251, 'Giá hơi cao', 143, 66, 0, 0),
(2252, 'Thức ăn đắt quá', 86, 70, 0, 0),
(2253, 'Nhà hàng sang trọng đó', 129, 70, 0, 0),
(2254, 'Nhân viên chưa nhiệt tình lắm', 103, 67, 0, 0),
(2255, 'Nhà hàng sang trọng đó', 92, 76, 0, 0),
(2256, 'Very good', 82, 66, 0, 0),
(2257, 'Nhân viên nhiệt tình', 108, 72, 0, 0),
(2258, 'Nhân viên chưa nhiệt tình lắm', 105, 76, 0, 0),
(2259, 'Cũng được đó', 100, 67, 0, 0),
(2260, 'Very good', 82, 68, 0, 0),
(2261, 'Giá hơi cao', 114, 74, 0, 0),
(2262, 'Giá hơi cao', 95, 73, 0, 0),
(2263, 'OK lắm bạn', 89, 75, 0, 0),
(2264, 'Thức ăn đắt quá', 85, 74, 0, 0),
(2265, 'Chờ thức ăn lâu quá', 125, 69, 0, 0),
(2266, 'View thoáng mát rộng rãi', 82, 66, 0, 0),
(2267, 'Cố gắng phát huy nhé', 135, 66, 0, 0),
(2268, 'Giá hơi cao', 81, 68, 0, 0),
(2269, 'Nhà hàng sang trọng đó', 88, 76, 0, 0),
(2270, 'Cũng được', 115, 69, 0, 0),
(2271, 'Thức ăn ngon lắm', 118, 72, 0, 0),
(2272, 'Cũng được', 150, 76, 0, 0),
(2273, 'Thức ăn đắt quá', 140, 75, 0, 0),
(2274, 'Cố gắng phát huy nhé', 92, 68, 0, 0),
(2275, 'Được đó', 109, 70, 0, 0),
(2276, 'Thức ăn đắt quá', 107, 74, 0, 0),
(2277, 'Giá hơi cao', 139, 72, 0, 0),
(2278, 'Chờ thức ăn lâu quá', 120, 75, 0, 0),
(2279, 'Nhân viên nhiệt tình', 135, 73, 0, 0),
(2280, 'Tạm được', 101, 76, 0, 0),
(2281, 'View thoáng mát rộng rãi', 127, 75, 0, 0),
(2282, 'Nhà hàng sang trọng đó', 101, 77, 0, 0),
(2283, 'View thoáng mát rộng rãi', 98, 71, 0, 0),
(2284, 'Được đó', 143, 69, 0, 0),
(2285, 'Chờ thức ăn lâu quá', 135, 68, 0, 0),
(2286, 'Tuyệt vời', 103, 73, 0, 0),
(2287, 'Nhân viên chưa nhiệt tình lắm', 128, 68, 0, 0),
(2288, 'Tuyệt vời', 122, 70, 0, 0),
(2289, 'Nhà hàng sang trọng đó', 144, 67, 0, 0),
(2290, 'Thức ăn đắt quá', 130, 71, 0, 0),
(2291, 'Cũng được đó', 127, 66, 0, 0),
(2292, 'Tuyệt vời', 119, 66, 0, 0),
(2293, 'Nhân viên chưa nhiệt tình lắm', 81, 66, 0, 0),
(2294, 'Khá lắm', 140, 68, 0, 0),
(2295, 'OK lắm bạn', 82, 70, 0, 0),
(2296, 'Nhân viên nhiệt tình', 102, 72, 0, 0),
(2297, 'Cũng được đó', 127, 73, 0, 0),
(2298, 'Tạm được', 145, 70, 0, 0),
(2299, 'OK lắm bạn', 121, 68, 0, 0),
(2300, 'Giá hơi cao', 121, 69, 0, 0),
(2301, 'Cố gắng phát huy nhé', 110, 73, 0, 0),
(2302, 'Được đó', 137, 74, 0, 0),
(2303, 'Cũng được đó', 85, 67, 0, 0),
(2304, 'Tạm được', 126, 75, 0, 0),
(2305, 'Chờ thức ăn lâu quá', 111, 67, 0, 0),
(2306, 'OK lắm bạn', 150, 74, 0, 0),
(2307, 'Cũng được', 149, 70, 0, 0),
(2308, 'Tuyệt vời', 107, 74, 0, 0),
(2309, 'Cũng được đó', 140, 73, 0, 0),
(2310, 'Tuyệt vời', 82, 68, 0, 0),
(2311, 'Được đó', 128, 74, 0, 0),
(2312, 'Nhân viên nhiệt tình', 95, 74, 0, 0),
(2313, 'Chờ thức ăn lâu quá', 89, 70, 0, 0),
(2314, 'Cũng được đó', 137, 70, 0, 0),
(2315, 'Cũng được đó', 94, 72, 0, 0),
(2316, 'Cũng được đó', 142, 72, 0, 0),
(2317, 'Tuyệt vời', 119, 68, 0, 0),
(2318, 'Tạm được', 83, 74, 0, 0),
(2319, 'Cũng được', 113, 72, 0, 0),
(2320, 'Cố gắng phát huy nhé', 122, 75, 0, 0),
(2321, 'Very good', 138, 76, 0, 0),
(2322, 'Very good', 130, 68, 0, 0),
(2323, 'Thức ăn ngon lắm', 121, 66, 0, 0),
(2324, 'View thoáng mát rộng rãi', 133, 76, 0, 0),
(2325, 'Tuyệt vời', 108, 69, 0, 0),
(2326, 'Giá hơi cao', 120, 72, 0, 0),
(2327, 'OK lắm bạn', 99, 68, 0, 0),
(2328, 'Very good', 130, 73, 0, 0),
(2329, 'Cố gắng phát huy nhé', 124, 72, 0, 0),
(2330, 'Thức ăn ngon lắm', 139, 71, 0, 0),
(2331, 'Thức ăn ngon lắm', 93, 71, 0, 0),
(2332, 'Nhà hàng sang trọng đó', 85, 74, 0, 0),
(2333, 'Giá hơi cao', 96, 74, 0, 0),
(2334, 'Giá hơi cao', 106, 70, 0, 0),
(2335, 'Nhân viên chưa nhiệt tình lắm', 142, 71, 0, 0),
(2336, 'Nhà hàng sang trọng đó', 109, 69, 0, 0),
(2337, 'View thoáng mát rộng rãi', 83, 67, 0, 0),
(2338, 'Giá hơi cao', 146, 66, 0, 0),
(2339, 'View thoáng mát rộng rãi', 127, 67, 0, 0),
(2340, 'Tạm được', 137, 66, 0, 0),
(2341, 'Thức ăn ngon lắm', 111, 71, 0, 0),
(2342, 'Cũng được', 122, 73, 0, 0),
(2343, 'Nhân viên chưa nhiệt tình lắm', 146, 75, 0, 0),
(2344, 'Tạm được', 136, 77, 0, 0),
(2345, 'Thức ăn đắt quá', 119, 76, 0, 0),
(2346, 'Cũng được', 101, 70, 0, 0),
(2347, 'Thức ăn ngon lắm', 92, 77, 0, 0),
(2348, 'Nhân viên nhiệt tình', 125, 70, 0, 0),
(2349, 'Được đó', 113, 69, 0, 0),
(2350, 'Được đó', 113, 75, 0, 0),
(2351, 'Thức ăn ngon lắm', 109, 69, 0, 0),
(2352, 'Nhân viên nhiệt tình', 101, 75, 0, 0),
(2353, 'Thức ăn ngon lắm', 126, 75, 0, 0),
(2354, 'Khá lắm', 130, 73, 0, 0),
(2355, 'Cố gắng phát huy nhé', 98, 67, 0, 0),
(2356, 'OK lắm bạn', 122, 71, 0, 0),
(2357, 'Khá lắm', 140, 73, 0, 0),
(2358, 'View thoáng mát rộng rãi', 150, 72, 0, 0),
(2359, 'Nhân viên chưa nhiệt tình lắm', 83, 76, 0, 0),
(2360, 'Nhân viên chưa nhiệt tình lắm', 85, 72, 0, 0),
(2361, 'Nhà hàng sang trọng đó', 126, 66, 0, 0),
(2362, 'Được đó', 140, 74, 0, 0),
(2363, 'View thoáng mát rộng rãi', 148, 66, 0, 0),
(2364, 'Nhân viên chưa nhiệt tình lắm', 101, 76, 0, 0),
(2365, 'OK lắm bạn', 135, 73, 0, 0),
(2366, 'Khá lắm', 110, 73, 0, 0),
(2367, 'Nhân viên nhiệt tình', 134, 72, 0, 0),
(2368, 'Được đó', 145, 66, 0, 0),
(2369, 'View thoáng mát rộng rãi', 142, 76, 0, 0),
(2370, 'Tuyệt vời', 141, 75, 0, 0),
(2371, 'Cũng được', 139, 68, 0, 0),
(2372, 'Tuyệt vời', 146, 67, 0, 0),
(2373, 'Khá lắm', 120, 71, 0, 0),
(2374, 'Giá hơi cao', 104, 75, 0, 0),
(2375, 'Cố gắng phát huy nhé', 127, 74, 0, 0),
(2376, 'Very good', 95, 72, 0, 0),
(2377, 'Cố gắng phát huy nhé', 113, 73, 0, 0),
(2378, 'Thức ăn đắt quá', 123, 66, 0, 0),
(2379, 'Nhân viên chưa nhiệt tình lắm', 144, 73, 0, 0),
(2380, 'Nhân viên chưa nhiệt tình lắm', 103, 66, 0, 0),
(2381, 'Nhà hàng sang trọng đó', 91, 73, 0, 0),
(2382, 'Nhân viên chưa nhiệt tình lắm', 124, 66, 0, 0),
(2383, 'Nhân viên nhiệt tình', 137, 70, 0, 0),
(2384, 'Nhà hàng sang trọng đó', 114, 69, 0, 0),
(2385, 'Chờ thức ăn lâu quá', 108, 68, 0, 0),
(2386, 'Giá hơi cao', 85, 71, 0, 0),
(2387, 'Cũng được đó', 136, 68, 0, 0),
(2388, 'Cũng được đó', 137, 71, 0, 0),
(2389, 'Chờ thức ăn lâu quá', 137, 77, 0, 0),
(2390, 'Very good', 88, 68, 0, 0),
(2391, 'Very good', 130, 74, 0, 0),
(2392, 'Thức ăn đắt quá', 90, 73, 0, 0),
(2393, 'Cũng được', 145, 72, 0, 0),
(2394, 'Cũng được đó', 89, 70, 0, 0),
(2395, 'Cố gắng phát huy nhé', 104, 67, 0, 0),
(2396, 'Chờ thức ăn lâu quá', 112, 73, 0, 0),
(2397, 'View thoáng mát rộng rãi', 126, 66, 0, 0),
(2398, 'Nhân viên nhiệt tình', 90, 77, 0, 0),
(2399, 'Cũng được', 148, 68, 0, 0),
(2400, 'Tuyệt vời', 93, 76, 0, 0),
(2401, 'View thoáng mát rộng rãi', 126, 66, 0, 0),
(2402, 'Cố gắng phát huy nhé', 111, 75, 0, 0),
(2403, 'Tạm được', 121, 77, 0, 0),
(2404, 'Nhân viên chưa nhiệt tình lắm', 131, 72, 0, 0),
(2405, 'Thức ăn ngon lắm', 80, 73, 0, 0),
(2406, 'Được đó', 148, 68, 0, 0),
(2407, 'Được đó', 130, 71, 0, 0),
(2408, 'Cố gắng phát huy nhé', 87, 68, 0, 0),
(2409, 'Very good', 82, 74, 0, 0),
(2410, 'OK lắm bạn', 120, 76, 0, 0),
(2411, 'View thoáng mát rộng rãi', 123, 69, 0, 0),
(2412, 'Thức ăn đắt quá', 136, 77, 0, 0),
(2413, 'OK lắm bạn', 140, 74, 0, 0),
(2414, 'Nhân viên nhiệt tình', 129, 69, 0, 0),
(2415, 'Nhân viên nhiệt tình', 150, 76, 0, 0),
(2416, 'Tuyệt vời', 129, 73, 0, 0),
(2417, 'Cố gắng phát huy nhé', 101, 77, 0, 0),
(2418, 'Thức ăn ngon lắm', 136, 76, 0, 0),
(2419, 'Chờ thức ăn lâu quá', 146, 68, 0, 0),
(2420, 'Cố gắng phát huy nhé', 135, 75, 0, 0),
(2421, 'OK lắm bạn', 116, 76, 0, 0),
(2422, 'Nhân viên chưa nhiệt tình lắm', 93, 74, 0, 0),
(2423, 'Chờ thức ăn lâu quá', 107, 66, 0, 0),
(2424, 'Very good', 107, 70, 0, 0),
(2425, 'Chờ thức ăn lâu quá', 142, 70, 0, 0),
(2426, 'Nhân viên chưa nhiệt tình lắm', 81, 68, 0, 0),
(2427, 'Cũng được đó', 92, 74, 0, 0),
(2428, 'Tạm được', 81, 68, 0, 0),
(2429, 'Thức ăn đắt quá', 142, 68, 0, 0),
(2430, 'Nhà hàng sang trọng đó', 132, 71, 0, 0),
(2431, 'Chờ thức ăn lâu quá', 88, 75, 0, 0),
(2432, 'Khá lắm', 100, 75, 0, 0),
(2433, 'Được đó', 119, 72, 0, 0),
(2434, 'Thức ăn đắt quá', 133, 77, 0, 0),
(2435, 'Thức ăn ngon lắm', 89, 68, 0, 0),
(2436, 'Tuyệt vời', 111, 73, 0, 0),
(2437, 'Thức ăn đắt quá', 97, 77, 0, 0),
(2438, 'Giá hơi cao', 114, 72, 0, 0),
(2439, 'Được đó', 112, 71, 0, 0),
(2440, 'Nhà hàng sang trọng đó', 139, 77, 0, 0),
(2441, 'Khá lắm', 105, 68, 0, 0),
(2442, 'Nhân viên chưa nhiệt tình lắm', 97, 73, 0, 0),
(2443, 'Very good', 100, 73, 0, 0),
(2444, 'Nhân viên chưa nhiệt tình lắm', 134, 70, 0, 0),
(2445, 'Thức ăn ngon lắm', 120, 66, 0, 0),
(2446, 'Nhà hàng sang trọng đó', 133, 74, 0, 0),
(2447, 'Giá hơi cao', 90, 76, 0, 0),
(2448, 'Cũng được đó', 149, 67, 0, 0),
(2449, 'Cũng được đó', 149, 71, 0, 0),
(2450, 'Giá hơi cao', 101, 67, 0, 0),
(2451, 'Được đó', 100, 72, 0, 0),
(2452, 'Giá hơi cao', 125, 68, 0, 0),
(2453, 'Nhân viên nhiệt tình', 150, 76, 0, 0),
(2454, 'Nhân viên nhiệt tình', 120, 74, 0, 0),
(2455, 'Giá hơi cao', 87, 69, 0, 0),
(2456, 'Được đó', 102, 69, 0, 0),
(2457, 'Giá hơi cao', 117, 70, 0, 0),
(2458, 'Giá hơi cao', 99, 75, 0, 0),
(2459, 'Nhân viên nhiệt tình', 97, 77, 0, 0),
(2460, 'Khá lắm', 96, 69, 0, 0),
(2461, 'Nhân viên nhiệt tình', 111, 70, 0, 0),
(2462, 'Tạm được', 130, 75, 0, 0),
(2463, 'Thức ăn đắt quá', 84, 72, 0, 0),
(2464, 'Được đó', 95, 75, 0, 0),
(2465, 'Nhà hàng sang trọng đó', 121, 69, 0, 0),
(2466, 'Cũng được đó', 122, 77, 0, 0),
(2467, 'Very good', 86, 70, 0, 0),
(2468, 'Tạm được', 113, 71, 0, 0),
(2469, 'Cố gắng phát huy nhé', 132, 71, 0, 0),
(2470, 'Nhà hàng sang trọng đó', 111, 77, 0, 0),
(2471, 'Very good', 134, 74, 0, 0),
(2472, 'Nhân viên nhiệt tình', 142, 72, 0, 0),
(2473, 'OK lắm bạn', 95, 70, 0, 0),
(2474, 'Thức ăn ngon lắm', 93, 68, 0, 0),
(2475, 'OK lắm bạn', 124, 68, 0, 0),
(2476, 'Giá hơi cao', 146, 72, 0, 0),
(2477, 'Cũng được', 132, 77, 0, 0),
(2478, 'Cũng được', 91, 69, 0, 0),
(2479, 'Tuyệt vời', 89, 75, 0, 0),
(2480, 'Thức ăn đắt quá', 83, 68, 0, 0),
(2481, 'Giá hơi cao', 113, 69, 0, 0),
(2482, 'Cố gắng phát huy nhé', 129, 67, 0, 0),
(2483, 'Khá lắm', 138, 68, 0, 0),
(2484, 'Thức ăn đắt quá', 121, 67, 0, 0),
(2485, 'Giá hơi cao', 142, 75, 0, 0),
(2486, 'Khá lắm', 89, 72, 0, 0),
(2487, 'Tuyệt vời', 119, 69, 0, 0),
(2488, 'Được đó', 80, 75, 0, 0),
(2489, 'Tuyệt vời', 140, 66, 0, 0),
(2490, 'Tạm được', 127, 69, 0, 0),
(2491, 'Nhân viên nhiệt tình', 141, 71, 0, 0),
(2492, 'OK lắm bạn', 103, 71, 0, 0),
(2493, 'Khá lắm', 82, 74, 0, 0),
(2494, 'Nhà hàng sang trọng đó', 98, 77, 0, 0),
(2495, 'Khá lắm', 145, 66, 0, 0),
(2496, 'Giá hơi cao', 126, 66, 0, 0),
(2497, 'Very good', 150, 71, 0, 0),
(2498, 'Nhân viên chưa nhiệt tình lắm', 103, 67, 0, 0),
(2499, 'Cũng được đó', 146, 73, 0, 0),
(2500, 'Nhân viên chưa nhiệt tình lắm', 125, 66, 0, 0),
(2501, 'Nhà hàng sang trọng đó', 84, 73, 0, 0),
(2502, 'Tuyệt vời', 101, 70, 0, 0),
(2503, 'Chờ thức ăn lâu quá', 85, 66, 0, 0),
(2504, 'Được đó', 81, 71, 0, 0),
(2505, 'Thức ăn ngon lắm', 143, 66, 0, 0),
(2506, 'Very good', 142, 74, 0, 0),
(2507, 'Nhà hàng sang trọng đó', 102, 76, 0, 0),
(2508, 'Cũng được đó', 135, 66, 0, 0),
(2509, 'Tuyệt vời', 113, 73, 0, 0),
(2510, 'View thoáng mát rộng rãi', 97, 75, 0, 0),
(2511, 'Được đó', 139, 66, 0, 0),
(2512, 'Khá lắm', 95, 75, 0, 0),
(2513, 'Cũng được đó', 117, 68, 0, 0),
(2514, 'Cũng được', 104, 77, 0, 0),
(2515, 'Tạm được', 137, 70, 0, 0),
(2516, 'Cũng được đó', 115, 67, 0, 0),
(2517, 'Tạm được', 100, 73, 0, 0),
(2518, 'Tuyệt vời', 124, 67, 0, 0),
(2519, 'Very good', 115, 77, 0, 0),
(2520, 'Tạm được', 140, 76, 0, 0),
(2521, 'Cũng được', 129, 69, 0, 0),
(2522, 'Nhà hàng sang trọng đó', 134, 74, 0, 0),
(2523, 'Very good', 122, 76, 0, 0),
(2524, 'Được đó', 135, 77, 0, 0),
(2525, 'Tạm được', 130, 69, 0, 0),
(2526, 'Cũng được', 137, 76, 0, 0),
(2527, 'Thức ăn đắt quá', 121, 73, 0, 0),
(2528, 'Cố gắng phát huy nhé', 105, 77, 0, 0),
(2529, 'Khá lắm', 80, 68, 0, 0),
(2530, 'Nhà hàng sang trọng đó', 142, 77, 0, 0),
(2531, 'Giá hơi cao', 89, 76, 0, 0),
(2532, 'Nhà hàng sang trọng đó', 119, 69, 0, 0),
(2533, 'Tạm được', 138, 68, 0, 0),
(2534, 'Nhà hàng sang trọng đó', 123, 93, 0, 0),
(2535, 'Very good', 148, 97, 0, 0),
(2536, 'Tạm được', 109, 95, 0, 0),
(2537, 'Cũng được', 141, 86, 0, 0),
(2538, 'Cũng được đó', 143, 101, 0, 0),
(2539, 'Very good', 102, 92, 0, 0),
(2540, 'Được đó', 133, 89, 0, 0),
(2541, 'Chờ thức ăn lâu quá', 135, 98, 0, 0),
(2542, 'Khá lắm', 94, 86, 0, 0),
(2543, 'Tạm được', 128, 88, 0, 0),
(2544, 'Nhân viên nhiệt tình', 110, 99, 0, 0),
(2545, 'Thức ăn đắt quá', 96, 89, 0, 0),
(2546, 'Được đó', 84, 100, 0, 0),
(2547, 'Chờ thức ăn lâu quá', 141, 97, 0, 0),
(2548, 'OK lắm bạn', 110, 94, 0, 0),
(2549, 'Được đó', 98, 91, 0, 0),
(2550, 'Nhân viên chưa nhiệt tình lắm', 94, 100, 0, 0),
(2551, 'Very good', 145, 96, 0, 0),
(2552, 'Nhà hàng sang trọng đó', 107, 86, 0, 0),
(2553, 'Very good', 108, 89, 0, 0),
(2554, 'Nhân viên nhiệt tình', 104, 98, 0, 0),
(2555, 'Khá lắm', 98, 90, 0, 0),
(2556, 'Nhân viên nhiệt tình', 90, 87, 0, 0),
(2557, 'Giá hơi cao', 99, 93, 0, 0),
(2558, 'Cũng được', 113, 94, 0, 0),
(2559, 'Thức ăn ngon lắm', 98, 96, 0, 0),
(2560, 'Tạm được', 97, 98, 0, 0),
(2561, 'Khá lắm', 116, 97, 0, 0),
(2562, 'Tuyệt vời', 109, 97, 0, 0),
(2563, 'Very good', 148, 90, 0, 0),
(2564, 'Được đó', 115, 95, 0, 0),
(2565, 'Được đó', 101, 89, 0, 0),
(2566, 'Thức ăn ngon lắm', 90, 97, 0, 0),
(2567, 'Khá lắm', 150, 88, 0, 0),
(2568, 'Cố gắng phát huy nhé', 109, 94, 0, 0),
(2569, 'Khá lắm', 140, 87, 0, 0),
(2570, 'Nhà hàng sang trọng đó', 109, 86, 0, 0),
(2571, 'Tạm được', 125, 99, 0, 0),
(2572, 'Cũng được', 87, 89, 0, 0),
(2573, 'Giá hơi cao', 109, 89, 0, 0),
(2574, 'Nhân viên nhiệt tình', 113, 101, 0, 0),
(2575, 'Very good', 118, 92, 0, 0),
(2576, 'Chờ thức ăn lâu quá', 87, 97, 0, 0),
(2577, 'View thoáng mát rộng rãi', 91, 101, 0, 0),
(2578, 'Cũng được', 125, 97, 0, 0),
(2579, 'Nhân viên nhiệt tình', 81, 90, 0, 0),
(2580, 'Thức ăn đắt quá', 135, 88, 0, 0),
(2581, 'Nhân viên chưa nhiệt tình lắm', 146, 94, 0, 0),
(2582, 'Cũng được', 107, 89, 0, 0),
(2583, 'OK lắm bạn', 138, 101, 0, 0),
(2584, 'Được đó', 149, 99, 0, 0),
(2585, 'Chờ thức ăn lâu quá', 111, 90, 0, 0),
(2586, 'Chờ thức ăn lâu quá', 146, 92, 0, 0),
(2587, 'OK lắm bạn', 149, 100, 0, 0),
(2588, 'Tạm được', 91, 86, 0, 0),
(2589, 'Cố gắng phát huy nhé', 108, 99, 0, 0),
(2590, 'OK lắm bạn', 80, 96, 0, 0),
(2591, 'Nhân viên chưa nhiệt tình lắm', 146, 99, 0, 0),
(2592, 'Tạm được', 105, 101, 0, 0),
(2593, 'Cũng được đó', 115, 94, 0, 0),
(2594, 'Cố gắng phát huy nhé', 97, 94, 0, 0),
(2595, 'Được đó', 134, 90, 0, 0),
(2596, 'Được đó', 95, 98, 0, 0),
(2597, 'Very good', 81, 90, 0, 0),
(2598, 'Tuyệt vời', 89, 88, 0, 0),
(2599, 'Chờ thức ăn lâu quá', 139, 87, 0, 0),
(2600, 'Được đó', 146, 91, 0, 0),
(2601, 'Nhân viên chưa nhiệt tình lắm', 135, 99, 0, 0),
(2602, 'Khá lắm', 143, 99, 0, 0),
(2603, 'Thức ăn đắt quá', 149, 90, 0, 0),
(2604, 'Cũng được', 94, 101, 0, 0),
(2605, 'Nhân viên nhiệt tình', 89, 90, 0, 0),
(2606, 'Tuyệt vời', 118, 89, 0, 0),
(2607, 'Thức ăn đắt quá', 141, 86, 0, 0),
(2608, 'View thoáng mát rộng rãi', 112, 95, 0, 0),
(2609, 'OK lắm bạn', 94, 91, 0, 0),
(2610, 'Cố gắng phát huy nhé', 136, 86, 0, 0),
(2611, 'Thức ăn ngon lắm', 119, 94, 0, 0),
(2612, 'Cũng được', 131, 93, 0, 0),
(2613, 'Được đó', 141, 90, 0, 0),
(2614, 'Giá hơi cao', 111, 95, 0, 0),
(2615, 'Thức ăn đắt quá', 82, 87, 0, 0),
(2616, 'Tạm được', 130, 96, 0, 0),
(2617, 'Khá lắm', 107, 89, 0, 0),
(2618, 'Nhân viên nhiệt tình', 133, 94, 0, 0),
(2619, 'Thức ăn ngon lắm', 83, 98, 0, 0),
(2620, 'Chờ thức ăn lâu quá', 99, 90, 0, 0),
(2621, 'Cũng được', 122, 90, 0, 0),
(2622, 'Cũng được', 88, 98, 0, 0),
(2623, 'View thoáng mát rộng rãi', 95, 92, 0, 0),
(2624, 'Được đó', 143, 100, 0, 0),
(2625, 'View thoáng mát rộng rãi', 114, 97, 0, 0),
(2626, 'Thức ăn ngon lắm', 129, 95, 0, 0),
(2627, 'Chờ thức ăn lâu quá', 110, 95, 0, 0),
(2628, 'Cũng được', 138, 91, 0, 0),
(2629, 'Được đó', 138, 94, 0, 0),
(2630, 'Nhân viên chưa nhiệt tình lắm', 145, 99, 0, 0),
(2631, 'Cũng được đó', 110, 99, 0, 0),
(2632, 'View thoáng mát rộng rãi', 119, 93, 0, 0),
(2633, 'Cũng được', 144, 100, 0, 0),
(2634, 'Tuyệt vời', 120, 93, 0, 0),
(2635, 'View thoáng mát rộng rãi', 115, 93, 0, 0),
(2636, 'Khá lắm', 135, 91, 0, 0),
(2637, 'Thức ăn đắt quá', 114, 93, 0, 0),
(2638, 'Nhân viên chưa nhiệt tình lắm', 85, 98, 0, 0),
(2639, 'Thức ăn ngon lắm', 116, 95, 0, 0),
(2640, 'Thức ăn đắt quá', 88, 90, 0, 0),
(2641, 'Cũng được đó', 103, 99, 0, 0),
(2642, 'Cũng được đó', 147, 98, 0, 0),
(2643, 'Tuyệt vời', 122, 86, 0, 0),
(2644, 'Giá hơi cao', 149, 92, 0, 0),
(2645, 'Cũng được', 148, 93, 0, 0),
(2646, 'Nhân viên nhiệt tình', 113, 90, 0, 0),
(2647, 'Chờ thức ăn lâu quá', 120, 95, 0, 0),
(2648, 'Cũng được', 133, 91, 0, 0),
(2649, 'Nhân viên nhiệt tình', 103, 87, 0, 0),
(2650, 'Thức ăn ngon lắm', 122, 96, 0, 0),
(2651, 'Tuyệt vời', 118, 90, 0, 0),
(2652, 'OK lắm bạn', 106, 90, 0, 0),
(2653, 'Được đó', 117, 100, 0, 0),
(2654, 'Nhà hàng sang trọng đó', 98, 94, 0, 0),
(2655, 'Cũng được', 136, 93, 0, 0),
(2656, 'Cũng được', 121, 90, 0, 0),
(2657, 'Thức ăn đắt quá', 103, 87, 0, 0),
(2658, 'Cũng được đó', 84, 100, 0, 0),
(2659, 'Tạm được', 95, 96, 0, 0),
(2660, 'OK lắm bạn', 132, 94, 0, 0),
(2661, 'Very good', 115, 88, 0, 0),
(2662, 'Tuyệt vời', 88, 96, 0, 0),
(2663, 'Thức ăn đắt quá', 119, 89, 0, 0),
(2664, 'Thức ăn ngon lắm', 139, 86, 0, 0),
(2665, 'Giá hơi cao', 114, 100, 0, 0),
(2666, 'Được đó', 82, 89, 0, 0),
(2667, 'Nhà hàng sang trọng đó', 94, 94, 0, 0),
(2668, 'Tạm được', 106, 95, 0, 0),
(2669, 'Tạm được', 88, 96, 0, 0),
(2670, 'Nhà hàng sang trọng đó', 138, 96, 0, 0),
(2671, 'Nhân viên nhiệt tình', 90, 86, 0, 0),
(2672, 'Thức ăn đắt quá', 111, 87, 0, 0),
(2673, 'Thức ăn đắt quá', 150, 93, 0, 0),
(2674, 'Cũng được', 89, 101, 0, 0),
(2675, 'Cũng được', 91, 95, 0, 0),
(2676, 'View thoáng mát rộng rãi', 88, 91, 0, 0),
(2677, 'Cố gắng phát huy nhé', 80, 96, 0, 0),
(2678, 'Cố gắng phát huy nhé', 85, 98, 0, 0),
(2679, 'Khá lắm', 144, 95, 0, 0),
(2680, 'Cũng được đó', 140, 100, 0, 0),
(2681, 'Tuyệt vời', 107, 98, 0, 0),
(2682, 'Very good', 128, 91, 0, 0),
(2683, 'Khá lắm', 123, 94, 0, 0),
(2684, 'Chờ thức ăn lâu quá', 97, 87, 0, 0),
(2685, 'Giá hơi cao', 115, 95, 0, 0),
(2686, 'Cũng được', 80, 99, 0, 0),
(2687, 'View thoáng mát rộng rãi', 105, 96, 0, 0),
(2688, 'OK lắm bạn', 148, 97, 0, 0),
(2689, 'Thức ăn đắt quá', 135, 99, 0, 0),
(2690, 'Nhân viên nhiệt tình', 84, 101, 0, 0),
(2691, 'Thức ăn ngon lắm', 112, 94, 0, 0),
(2692, 'Nhân viên nhiệt tình', 130, 95, 0, 0),
(2693, 'Chờ thức ăn lâu quá', 132, 91, 0, 0),
(2694, 'Khá lắm', 109, 89, 0, 0),
(2695, 'Chờ thức ăn lâu quá', 95, 87, 0, 0),
(2696, 'OK lắm bạn', 82, 91, 0, 0),
(2697, 'Chờ thức ăn lâu quá', 91, 89, 0, 0),
(2698, 'Thức ăn đắt quá', 143, 92, 0, 0),
(2699, 'Khá lắm', 83, 92, 0, 0),
(2700, 'Được đó', 81, 97, 0, 0),
(2701, 'Nhân viên chưa nhiệt tình lắm', 91, 99, 0, 0),
(2702, 'Thức ăn đắt quá', 118, 94, 0, 0),
(2703, 'Khá lắm', 93, 88, 0, 0),
(2704, 'Chờ thức ăn lâu quá', 112, 98, 0, 0),
(2705, 'View thoáng mát rộng rãi', 140, 101, 0, 0),
(2706, 'OK lắm bạn', 144, 100, 0, 0),
(2707, 'Giá hơi cao', 140, 92, 0, 0),
(2708, 'Chờ thức ăn lâu quá', 105, 89, 0, 0),
(2709, 'Very good', 129, 90, 0, 0),
(2710, 'Nhân viên nhiệt tình', 140, 100, 0, 0),
(2711, 'Very good', 136, 91, 0, 0),
(2712, 'Giá hơi cao', 93, 101, 0, 0),
(2713, 'Thức ăn ngon lắm', 85, 99, 0, 0),
(2714, 'Very good', 94, 91, 0, 0),
(2715, 'Cố gắng phát huy nhé', 103, 91, 0, 0),
(2716, 'Nhà hàng sang trọng đó', 139, 86, 0, 0),
(2717, 'Chờ thức ăn lâu quá', 105, 86, 0, 0),
(2718, 'Khá lắm', 102, 93, 0, 0),
(2719, 'Tuyệt vời', 107, 101, 0, 0),
(2720, 'Cũng được đó', 88, 100, 0, 0),
(2721, 'Thức ăn đắt quá', 133, 95, 0, 0),
(2722, 'Được đó', 132, 93, 0, 0),
(2723, 'Cố gắng phát huy nhé', 86, 97, 0, 0),
(2724, 'Nhà hàng sang trọng đó', 124, 101, 0, 0),
(2725, 'Nhân viên nhiệt tình', 81, 101, 0, 0),
(2726, 'Nhân viên nhiệt tình', 86, 98, 0, 0),
(2727, 'Thức ăn ngon lắm', 137, 88, 0, 0),
(2728, 'Very good', 81, 88, 0, 0),
(2729, 'Nhân viên nhiệt tình', 129, 94, 0, 0),
(2730, 'Nhân viên nhiệt tình', 142, 87, 0, 0),
(2731, 'Cũng được', 109, 96, 0, 0),
(2732, 'Được đó', 88, 87, 0, 0),
(2733, 'Thức ăn đắt quá', 87, 94, 0, 0),
(2734, 'Khá lắm', 145, 98, 0, 0),
(2735, 'Cố gắng phát huy nhé', 107, 97, 0, 0),
(2736, 'Chờ thức ăn lâu quá', 138, 91, 0, 0),
(2737, 'Nhân viên nhiệt tình', 94, 90, 0, 0),
(2738, 'Cũng được đó', 136, 98, 0, 0),
(2739, 'Thức ăn ngon lắm', 127, 93, 0, 0),
(2740, 'Cố gắng phát huy nhé', 130, 95, 0, 0),
(2741, 'Tuyệt vời', 132, 92, 0, 0),
(2742, 'Nhân viên chưa nhiệt tình lắm', 84, 100, 0, 0),
(2743, 'Nhân viên nhiệt tình', 114, 96, 0, 0),
(2744, 'Thức ăn ngon lắm', 85, 95, 0, 0),
(2745, 'Nhà hàng sang trọng đó', 130, 89, 0, 0),
(2746, 'Giá hơi cao', 85, 101, 0, 0),
(2747, 'Very good', 109, 88, 0, 0),
(2748, 'Chờ thức ăn lâu quá', 98, 93, 0, 0),
(2749, 'Tạm được', 148, 92, 0, 0),
(2750, 'Được đó', 116, 101, 0, 0),
(2751, 'Very good', 142, 88, 0, 0),
(2752, 'OK lắm bạn', 93, 101, 0, 0),
(2753, 'Cũng được đó', 95, 97, 0, 0),
(2754, 'Cũng được đó', 127, 90, 0, 0),
(2755, 'Thức ăn đắt quá', 83, 92, 0, 0),
(2756, 'Giá hơi cao', 143, 90, 0, 0),
(2757, 'Tuyệt vời', 85, 91, 0, 0),
(2758, 'Nhân viên chưa nhiệt tình lắm', 96, 87, 0, 0),
(2759, 'Tạm được', 99, 87, 0, 0),
(2760, 'View thoáng mát rộng rãi', 134, 91, 0, 0),
(2761, 'Very good', 102, 95, 0, 0),
(2762, 'Được đó', 118, 94, 0, 0),
(2763, 'Very good', 150, 90, 0, 0),
(2764, 'Nhân viên nhiệt tình', 121, 89, 0, 0),
(2765, 'Nhân viên nhiệt tình', 139, 92, 0, 0),
(2766, 'Nhân viên chưa nhiệt tình lắm', 113, 100, 0, 0),
(2767, 'Nhân viên nhiệt tình', 125, 95, 0, 0),
(2768, 'Cố gắng phát huy nhé', 136, 101, 0, 0),
(2769, 'Tạm được', 85, 87, 0, 0),
(2770, 'Tuyệt vời', 148, 86, 0, 0),
(2771, 'Khá lắm', 138, 93, 0, 0),
(2772, 'Chờ thức ăn lâu quá', 120, 99, 0, 0),
(2773, 'View thoáng mát rộng rãi', 134, 91, 0, 0),
(2774, 'Thức ăn ngon lắm', 147, 100, 0, 0),
(2775, 'Nhân viên chưa nhiệt tình lắm', 143, 101, 0, 0),
(2776, 'Chờ thức ăn lâu quá', 96, 93, 0, 0),
(2777, 'Very good', 98, 87, 0, 0),
(2778, 'OK lắm bạn', 94, 101, 0, 0),
(2779, 'Nhân viên nhiệt tình', 149, 87, 0, 0),
(2780, 'Cũng được', 146, 99, 0, 0),
(2781, 'Chờ thức ăn lâu quá', 137, 90, 0, 0),
(2782, 'OK lắm bạn', 97, 101, 0, 0),
(2783, 'Giá hơi cao', 113, 96, 0, 0),
(2784, 'Cũng được', 94, 90, 0, 0),
(2785, 'OK lắm bạn', 143, 101, 0, 0),
(2786, 'Cũng được đó', 87, 90, 0, 0),
(2787, 'Khá lắm', 92, 94, 0, 0),
(2788, 'Cũng được', 100, 92, 0, 0),
(2789, 'Khá lắm', 80, 94, 0, 0),
(2790, 'Tạm được', 150, 86, 0, 0),
(2791, 'Tuyệt vời', 96, 92, 0, 0),
(2792, 'Chờ thức ăn lâu quá', 94, 89, 0, 0),
(2793, 'Chờ thức ăn lâu quá', 117, 86, 0, 0),
(2794, 'Được đó', 94, 99, 0, 0),
(2795, 'View thoáng mát rộng rãi', 105, 93, 0, 0),
(2796, 'Khá lắm', 93, 101, 0, 0),
(2797, 'Cũng được đó', 138, 92, 0, 0),
(2798, 'OK lắm bạn', 106, 94, 0, 0),
(2799, 'Chờ thức ăn lâu quá', 120, 99, 0, 0),
(2800, 'Giá hơi cao', 106, 97, 0, 0),
(2801, 'View thoáng mát rộng rãi', 120, 98, 0, 0),
(2802, 'View thoáng mát rộng rãi', 95, 91, 0, 0),
(2803, 'Cũng được đó', 104, 86, 0, 0),
(2804, 'Tạm được', 111, 97, 0, 0),
(2805, 'Cố gắng phát huy nhé', 126, 86, 0, 0),
(2806, 'Cũng được đó', 105, 99, 0, 0),
(2807, 'Thức ăn đắt quá', 115, 88, 0, 0),
(2808, 'Được đó', 86, 94, 0, 0),
(2809, 'Thức ăn đắt quá', 130, 87, 0, 0),
(2810, 'Chờ thức ăn lâu quá', 93, 90, 0, 0),
(2811, 'Chờ thức ăn lâu quá', 129, 88, 0, 0),
(2812, 'Được đó', 117, 99, 0, 0),
(2813, 'Chờ thức ăn lâu quá', 107, 88, 0, 0),
(2814, 'Tạm được', 146, 96, 0, 0),
(2815, 'Khá lắm', 134, 94, 0, 0),
(2816, 'Giá hơi cao', 136, 94, 0, 0),
(2817, 'Tuyệt vời', 141, 88, 0, 0),
(2818, 'Nhân viên chưa nhiệt tình lắm', 147, 101, 0, 0),
(2819, 'Khá lắm', 127, 91, 0, 0),
(2820, 'Very good', 111, 87, 0, 0),
(2821, 'Giá hơi cao', 113, 99, 0, 0),
(2822, 'Cố gắng phát huy nhé', 107, 93, 0, 0),
(2823, 'Nhân viên chưa nhiệt tình lắm', 127, 100, 0, 0),
(2824, 'Nhân viên chưa nhiệt tình lắm', 108, 96, 0, 0),
(2825, 'Nhân viên nhiệt tình', 143, 97, 0, 0),
(2826, 'OK lắm bạn', 136, 100, 0, 0),
(2827, 'Cũng được đó', 89, 98, 0, 0),
(2828, 'Chờ thức ăn lâu quá', 97, 94, 0, 0),
(2829, 'Thức ăn ngon lắm', 81, 95, 0, 0),
(2830, 'Nhà hàng sang trọng đó', 126, 94, 0, 0),
(2831, 'Cố gắng phát huy nhé', 150, 89, 0, 0),
(2832, 'Cũng được', 80, 97, 0, 0),
(2833, 'Thức ăn đắt quá', 140, 86, 0, 0),
(2834, 'Giá hơi cao', 88, 86, 0, 0),
(2835, 'Thức ăn đắt quá', 142, 89, 0, 0),
(2836, 'Cũng được đó', 115, 94, 0, 0),
(2837, 'Thức ăn ngon lắm', 108, 90, 0, 0),
(2838, 'Thức ăn đắt quá', 99, 100, 0, 0),
(2839, 'Cũng được đó', 149, 95, 0, 0),
(2840, 'OK lắm bạn', 97, 90, 0, 0),
(2841, 'Giá hơi cao', 97, 101, 0, 0),
(2842, 'Giá hơi cao', 85, 86, 0, 0),
(2843, 'Nhân viên chưa nhiệt tình lắm', 115, 89, 0, 0),
(2844, 'Very good', 96, 96, 0, 0),
(2845, 'Nhà hàng sang trọng đó', 89, 88, 0, 0),
(2846, 'Cũng được đó', 118, 87, 0, 0),
(2847, 'Thức ăn đắt quá', 94, 86, 0, 0),
(2848, 'Very good', 81, 92, 0, 0),
(2849, 'Được đó', 115, 88, 0, 0),
(2850, 'Very good', 95, 89, 0, 0),
(2851, 'Thức ăn ngon lắm', 143, 97, 0, 0),
(2852, 'Very good', 90, 90, 0, 0),
(2853, 'Chờ thức ăn lâu quá', 83, 92, 0, 0),
(2854, 'Nhân viên nhiệt tình', 122, 89, 0, 0),
(2855, 'Giá hơi cao', 100, 95, 0, 0),
(2856, 'Very good', 87, 100, 0, 0),
(2857, 'Thức ăn đắt quá', 123, 88, 0, 0),
(2858, 'Nhà hàng sang trọng đó', 118, 93, 0, 0),
(2859, 'Cũng được đó', 135, 100, 0, 0),
(2860, 'Nhân viên nhiệt tình', 99, 95, 0, 0),
(2861, 'Chờ thức ăn lâu quá', 96, 98, 0, 0),
(2862, 'Cũng được đó', 114, 93, 0, 0),
(2863, 'Nhân viên nhiệt tình', 135, 95, 0, 0),
(2864, 'Giá hơi cao', 146, 98, 0, 0),
(2865, 'OK lắm bạn', 134, 97, 0, 0),
(2866, 'Khá lắm', 148, 100, 0, 0),
(2867, 'OK lắm bạn', 126, 86, 0, 0),
(2868, 'Chờ thức ăn lâu quá', 85, 96, 0, 0),
(2869, 'Thức ăn đắt quá', 146, 97, 0, 0),
(2870, 'Giá hơi cao', 93, 90, 0, 0),
(2871, 'Được đó', 142, 87, 0, 0),
(2872, 'Tuyệt vời', 99, 88, 0, 0),
(2873, 'Giá hơi cao', 116, 90, 0, 0),
(2874, 'Tạm được', 135, 97, 0, 0),
(2875, 'Được đó', 102, 97, 0, 0),
(2876, 'Very good', 146, 95, 0, 0),
(2877, 'Very good', 122, 97, 0, 0),
(2878, 'Nhân viên nhiệt tình', 138, 90, 0, 0),
(2879, 'Nhân viên nhiệt tình', 96, 89, 0, 0),
(2880, 'Khá lắm', 89, 88, 0, 0),
(2881, 'Thức ăn đắt quá', 94, 87, 0, 0),
(2882, 'Khá lắm', 108, 91, 0, 0),
(2883, 'Giá hơi cao', 150, 100, 0, 0),
(2884, 'Thức ăn ngon lắm', 120, 88, 0, 0),
(2885, 'Cố gắng phát huy nhé', 130, 91, 0, 0),
(2886, 'Nhà hàng sang trọng đó', 139, 86, 0, 0),
(2887, 'Nhân viên nhiệt tình', 139, 96, 0, 0),
(2888, 'Tạm được', 108, 86, 0, 0),
(2889, 'Thức ăn ngon lắm', 92, 98, 0, 0),
(2890, 'Cũng được', 115, 98, 0, 0),
(2891, 'Cũng được', 112, 96, 0, 0),
(2892, 'Khá lắm', 90, 88, 0, 0),
(2893, 'Giá hơi cao', 85, 97, 0, 0),
(2894, 'Nhân viên nhiệt tình', 101, 101, 0, 0),
(2895, 'Nhà hàng sang trọng đó', 144, 87, 0, 0),
(2896, 'Được đó', 150, 86, 0, 0),
(2897, 'Khá lắm', 84, 91, 0, 0),
(2898, 'Cũng được đó', 83, 86, 0, 0),
(2899, 'Thức ăn đắt quá', 117, 94, 0, 0),
(2900, 'OK lắm bạn', 106, 100, 0, 0),
(2901, 'Nhân viên chưa nhiệt tình lắm', 139, 97, 0, 0),
(2902, 'Khá lắm', 146, 87, 0, 0),
(2903, 'Tạm được', 125, 93, 0, 0),
(2904, 'Cố gắng phát huy nhé', 85, 87, 0, 0),
(2905, 'Chờ thức ăn lâu quá', 143, 91, 0, 0),
(2906, 'Thức ăn đắt quá', 101, 101, 0, 0),
(2907, 'Cũng được đó', 143, 95, 0, 0),
(2908, 'Thức ăn ngon lắm', 99, 86, 0, 0),
(2909, 'Cũng được đó', 128, 91, 0, 0),
(2910, 'Cũng được đó', 128, 93, 0, 0),
(2911, 'Thức ăn ngon lắm', 118, 98, 0, 0),
(2912, 'Chờ thức ăn lâu quá', 85, 89, 0, 0),
(2913, 'Giá hơi cao', 141, 92, 0, 0),
(2914, 'View thoáng mát rộng rãi', 97, 98, 0, 0),
(2915, 'Nhà hàng sang trọng đó', 81, 95, 0, 0),
(2916, 'Nhà hàng sang trọng đó', 89, 98, 0, 0),
(2917, 'Cố gắng phát huy nhé', 138, 93, 0, 0),
(2918, 'Very good', 126, 86, 0, 0),
(2919, 'Tuyệt vời', 105, 98, 0, 0),
(2920, 'Khá lắm', 149, 96, 0, 0),
(2921, 'Giá hơi cao', 110, 91, 0, 0),
(2922, 'Tạm được', 119, 94, 0, 0),
(2923, 'Tạm được', 126, 98, 0, 0),
(2924, 'Tạm được', 115, 100, 0, 0),
(2925, 'Nhân viên chưa nhiệt tình lắm', 88, 100, 0, 0),
(2926, 'Khá lắm', 110, 101, 0, 0),
(2927, 'Cố gắng phát huy nhé', 150, 97, 0, 0),
(2928, 'Thức ăn ngon lắm', 115, 101, 0, 0),
(2929, 'Thức ăn đắt quá', 112, 100, 0, 0),
(2930, 'Tạm được', 113, 100, 0, 0),
(2931, 'Giá hơi cao', 99, 87, 0, 0),
(2932, 'Cũng được đó', 85, 86, 0, 0),
(2933, 'Very good', 96, 88, 0, 0),
(2934, 'Khá lắm', 108, 88, 0, 0),
(2935, 'Thức ăn ngon lắm', 142, 100, 0, 0),
(2936, 'Chờ thức ăn lâu quá', 135, 94, 0, 0),
(2937, 'Cũng được', 81, 93, 0, 0),
(2938, 'Tuyệt vời', 127, 98, 0, 0),
(2939, 'Tuyệt vời', 96, 86, 0, 0),
(2940, 'Nhân viên nhiệt tình', 84, 101, 0, 0),
(2941, 'Very good', 149, 101, 0, 0),
(2942, 'Cũng được', 87, 101, 0, 0),
(2943, 'Chờ thức ăn lâu quá', 133, 95, 0, 0),
(2944, 'Tạm được', 94, 87, 0, 0),
(2945, 'Nhân viên chưa nhiệt tình lắm', 102, 98, 0, 0),
(2946, 'Very good', 118, 90, 0, 0),
(2947, 'Được đó', 124, 92, 0, 0),
(2948, 'Thức ăn đắt quá', 85, 92, 0, 0),
(2949, 'Cũng được', 81, 99, 0, 0),
(2950, 'OK lắm bạn', 125, 93, 0, 0),
(2951, 'Khá lắm', 89, 91, 0, 0),
(2952, 'Thức ăn ngon lắm', 97, 92, 0, 0),
(2953, 'Khá lắm', 85, 100, 0, 0),
(2954, 'Giá hơi cao', 110, 90, 0, 0),
(2955, 'View thoáng mát rộng rãi', 147, 86, 0, 0),
(2956, 'Khá lắm', 128, 95, 0, 0),
(2957, 'Nhân viên nhiệt tình', 119, 90, 0, 0),
(2958, 'Được đó', 123, 91, 0, 0),
(2959, 'OK lắm bạn', 111, 95, 0, 0),
(2960, 'Nhân viên chưa nhiệt tình lắm', 86, 99, 0, 0),
(2961, 'Chờ thức ăn lâu quá', 105, 90, 0, 0),
(2962, 'Khá lắm', 110, 87, 0, 0),
(2963, 'Thức ăn ngon lắm', 105, 92, 0, 0),
(2964, 'Cũng được đó', 120, 97, 0, 0),
(2965, 'Nhân viên chưa nhiệt tình lắm', 80, 98, 0, 0),
(2966, 'Nhân viên chưa nhiệt tình lắm', 100, 88, 0, 0),
(2967, 'Cố gắng phát huy nhé', 93, 88, 0, 0),
(2968, 'Cũng được', 147, 95, 0, 0),
(2969, 'Very good', 129, 86, 0, 0),
(2970, 'View thoáng mát rộng rãi', 132, 90, 0, 0),
(2971, 'Giá hơi cao', 80, 97, 0, 0),
(2972, 'Thức ăn ngon lắm', 135, 90, 0, 0),
(2973, 'Nhân viên nhiệt tình', 121, 99, 0, 0),
(2974, 'Được đó', 92, 95, 0, 0),
(2975, 'Tạm được', 147, 87, 0, 0),
(2976, 'Được đó', 133, 91, 0, 0),
(2977, 'Được đó', 88, 87, 0, 0),
(2978, 'Được đó', 98, 91, 0, 0),
(2979, 'Thức ăn ngon lắm', 111, 87, 0, 0),
(2980, 'Khá lắm', 91, 97, 0, 0),
(2981, 'Tạm được', 113, 96, 0, 0),
(2982, 'Nhân viên nhiệt tình', 80, 88, 0, 0),
(2983, 'Thức ăn ngon lắm', 134, 91, 0, 0),
(2984, 'Thức ăn ngon lắm', 126, 89, 0, 0),
(2985, 'Khá lắm', 102, 96, 0, 0),
(2986, 'Nhà hàng sang trọng đó', 110, 99, 0, 0),
(2987, 'OK lắm bạn', 110, 94, 0, 0),
(2988, 'Chờ thức ăn lâu quá', 102, 97, 0, 0),
(2989, 'Nhà hàng sang trọng đó', 143, 93, 0, 0),
(2990, 'Cũng được', 145, 95, 0, 0),
(2991, 'Nhà hàng sang trọng đó', 122, 95, 0, 0),
(2992, 'OK lắm bạn', 82, 87, 0, 0),
(2993, 'Nhân viên chưa nhiệt tình lắm', 115, 90, 0, 0),
(2994, 'Tuyệt vời', 147, 98, 0, 0),
(2995, 'Nhân viên nhiệt tình', 123, 87, 0, 0),
(2996, 'OK lắm bạn', 101, 92, 0, 0),
(2997, 'View thoáng mát rộng rãi', 89, 95, 0, 0),
(2998, 'Cố gắng phát huy nhé', 150, 86, 0, 0),
(2999, 'Thức ăn đắt quá', 104, 95, 0, 0),
(3000, 'Cũng được đó', 123, 89, 0, 0),
(3001, 'Tuyệt vời', 82, 101, 0, 0),
(3002, 'View thoáng mát rộng rãi', 129, 90, 0, 0),
(3003, 'Cũng được', 149, 90, 0, 0),
(3004, 'Giá hơi cao', 88, 95, 0, 0),
(3005, 'Cũng được đó', 107, 87, 0, 0),
(3006, 'Thức ăn ngon lắm', 103, 88, 0, 0),
(3007, 'Cố gắng phát huy nhé', 97, 98, 0, 0),
(3008, 'Cũng được', 113, 91, 0, 0),
(3009, 'Nhân viên chưa nhiệt tình lắm', 137, 87, 0, 0),
(3010, 'Tạm được', 123, 101, 0, 0),
(3011, 'Cố gắng phát huy nhé', 117, 99, 0, 0),
(3012, 'Giá hơi cao', 150, 86, 0, 0),
(3013, 'Nhân viên nhiệt tình', 100, 93, 0, 0),
(3014, 'Cũng được đó', 129, 94, 0, 0),
(3015, 'Được đó', 117, 88, 0, 0),
(3016, 'Nhân viên nhiệt tình', 104, 96, 0, 0),
(3017, 'Cũng được', 85, 96, 0, 0),
(3018, 'Khá lắm', 110, 97, 0, 0),
(3019, 'Thức ăn đắt quá', 146, 89, 0, 0),
(3020, 'Khá lắm', 103, 89, 0, 0),
(3021, 'Nhà hàng sang trọng đó', 109, 88, 0, 0),
(3022, 'Cũng được', 139, 86, 0, 0),
(3023, 'View thoáng mát rộng rãi', 90, 91, 0, 0),
(3024, 'Chờ thức ăn lâu quá', 125, 90, 0, 0),
(3025, 'Cũng được đó', 109, 101, 0, 0),
(3026, 'OK lắm bạn', 144, 89, 0, 0),
(3027, 'OK lắm bạn', 116, 95, 0, 0),
(3028, 'Very good', 103, 98, 0, 0);
INSERT INTO `comment` (`id`, `body`, `user_id`, `restaurant_id`, `created_at`, `updated_at`) VALUES
(3029, 'OK lắm bạn', 150, 94, 0, 0),
(3030, 'Thức ăn đắt quá', 104, 91, 0, 0),
(3031, 'Very good', 96, 96, 0, 0),
(3032, 'Tạm được', 130, 99, 0, 0),
(3033, 'Được đó', 132, 100, 0, 0),
(3034, 'Nhân viên nhiệt tình', 106, 123, 0, 0),
(3035, 'View thoáng mát rộng rãi', 141, 123, 0, 0),
(3036, 'Thức ăn đắt quá', 128, 122, 0, 0),
(3037, 'Được đó', 107, 122, 0, 0),
(3038, 'Nhân viên nhiệt tình', 80, 120, 0, 0),
(3039, 'Cố gắng phát huy nhé', 123, 114, 0, 0),
(3040, 'Được đó', 142, 118, 0, 0),
(3041, 'Cũng được', 146, 116, 0, 0),
(3042, 'Thức ăn đắt quá', 126, 125, 0, 0),
(3043, 'View thoáng mát rộng rãi', 139, 122, 0, 0),
(3044, 'Giá hơi cao', 127, 125, 0, 0),
(3045, 'Nhân viên nhiệt tình', 125, 117, 0, 0),
(3046, 'Cũng được đó', 146, 124, 0, 0),
(3047, 'Thức ăn ngon lắm', 142, 119, 0, 0),
(3048, 'Tuyệt vời', 144, 115, 0, 0),
(3049, 'Được đó', 102, 120, 0, 0),
(3050, 'Nhân viên nhiệt tình', 107, 124, 0, 0),
(3051, 'View thoáng mát rộng rãi', 139, 124, 0, 0),
(3052, 'Thức ăn đắt quá', 85, 123, 0, 0),
(3053, 'Thức ăn ngon lắm', 110, 116, 0, 0),
(3054, 'View thoáng mát rộng rãi', 90, 118, 0, 0),
(3055, 'Thức ăn ngon lắm', 92, 113, 0, 0),
(3056, 'Chờ thức ăn lâu quá', 89, 118, 0, 0),
(3057, 'Chờ thức ăn lâu quá', 88, 113, 0, 0),
(3058, 'Cũng được', 94, 119, 0, 0),
(3059, 'Thức ăn ngon lắm', 83, 121, 0, 0),
(3060, 'View thoáng mát rộng rãi', 134, 111, 0, 0),
(3061, 'OK lắm bạn', 103, 116, 0, 0),
(3062, 'Cũng được', 83, 117, 0, 0),
(3063, 'View thoáng mát rộng rãi', 101, 112, 0, 0),
(3064, 'Cũng được', 122, 115, 0, 0),
(3065, 'Cũng được đó', 105, 112, 0, 0),
(3066, 'Cũng được', 118, 111, 0, 0),
(3067, 'Nhân viên chưa nhiệt tình lắm', 97, 119, 0, 0),
(3068, 'Được đó', 148, 115, 0, 0),
(3069, 'View thoáng mát rộng rãi', 97, 115, 0, 0),
(3070, 'Khá lắm', 131, 113, 0, 0),
(3071, 'Cũng được đó', 119, 121, 0, 0),
(3072, 'Chờ thức ăn lâu quá', 127, 112, 0, 0),
(3073, 'Nhà hàng sang trọng đó', 139, 115, 0, 0),
(3074, 'OK lắm bạn', 109, 120, 0, 0),
(3075, 'Nhân viên nhiệt tình', 117, 125, 0, 0),
(3076, 'Thức ăn ngon lắm', 147, 123, 0, 0),
(3077, 'Tuyệt vời', 108, 112, 0, 0),
(3078, 'Tạm được', 84, 115, 0, 0),
(3079, 'Nhà hàng sang trọng đó', 113, 119, 0, 0),
(3080, 'Thức ăn ngon lắm', 101, 112, 0, 0),
(3081, 'Được đó', 102, 115, 0, 0),
(3082, 'Cố gắng phát huy nhé', 88, 114, 0, 0),
(3083, 'Thức ăn ngon lắm', 87, 120, 0, 0),
(3084, 'Khá lắm', 149, 118, 0, 0),
(3085, 'Khá lắm', 150, 122, 0, 0),
(3086, 'View thoáng mát rộng rãi', 86, 112, 0, 0),
(3087, 'Chờ thức ăn lâu quá', 139, 121, 0, 0),
(3088, 'Cố gắng phát huy nhé', 137, 117, 0, 0),
(3089, 'OK lắm bạn', 94, 122, 0, 0),
(3090, 'Tuyệt vời', 133, 117, 0, 0),
(3091, 'Very good', 124, 117, 0, 0),
(3092, 'Chờ thức ăn lâu quá', 82, 123, 0, 0),
(3093, 'Cố gắng phát huy nhé', 85, 114, 0, 0),
(3094, 'Nhà hàng sang trọng đó', 137, 117, 0, 0),
(3095, 'Giá hơi cao', 96, 113, 0, 0),
(3096, 'Khá lắm', 116, 112, 0, 0),
(3097, 'Nhân viên chưa nhiệt tình lắm', 97, 116, 0, 0),
(3098, 'Chờ thức ăn lâu quá', 136, 111, 0, 0),
(3099, 'OK lắm bạn', 129, 123, 0, 0),
(3100, 'Chờ thức ăn lâu quá', 144, 119, 0, 0),
(3101, 'Nhân viên nhiệt tình', 102, 124, 0, 0),
(3102, 'Nhà hàng sang trọng đó', 130, 114, 0, 0),
(3103, 'OK lắm bạn', 99, 111, 0, 0),
(3104, 'Được đó', 100, 115, 0, 0),
(3105, 'Cũng được', 124, 113, 0, 0),
(3106, 'Cũng được', 137, 123, 0, 0),
(3107, 'Nhân viên nhiệt tình', 136, 111, 0, 0),
(3108, 'Thức ăn ngon lắm', 92, 112, 0, 0),
(3109, 'Nhà hàng sang trọng đó', 97, 117, 0, 0),
(3110, 'Thức ăn đắt quá', 82, 116, 0, 0),
(3111, 'OK lắm bạn', 141, 122, 0, 0),
(3112, 'Chờ thức ăn lâu quá', 104, 117, 0, 0),
(3113, 'View thoáng mát rộng rãi', 140, 121, 0, 0),
(3114, 'Thức ăn đắt quá', 93, 114, 0, 0),
(3115, 'Nhân viên chưa nhiệt tình lắm', 118, 115, 0, 0),
(3116, 'Được đó', 113, 113, 0, 0),
(3117, 'Tạm được', 117, 116, 0, 0),
(3118, 'Thức ăn ngon lắm', 115, 114, 0, 0),
(3119, 'Được đó', 121, 115, 0, 0),
(3120, 'Cũng được đó', 127, 125, 0, 0),
(3121, 'Được đó', 122, 115, 0, 0),
(3122, 'View thoáng mát rộng rãi', 149, 117, 0, 0),
(3123, 'Cũng được', 132, 123, 0, 0),
(3124, 'Thức ăn đắt quá', 94, 123, 0, 0),
(3125, 'Chờ thức ăn lâu quá', 126, 124, 0, 0),
(3126, 'Nhân viên chưa nhiệt tình lắm', 120, 120, 0, 0),
(3127, 'Được đó', 131, 114, 0, 0),
(3128, 'Thức ăn đắt quá', 142, 123, 0, 0),
(3129, 'OK lắm bạn', 147, 119, 0, 0),
(3130, 'Chờ thức ăn lâu quá', 95, 113, 0, 0),
(3131, 'Tạm được', 111, 115, 0, 0),
(3132, 'Cố gắng phát huy nhé', 96, 119, 0, 0),
(3133, 'Cũng được', 86, 118, 0, 0),
(3134, 'Tạm được', 117, 113, 0, 0),
(3135, 'Nhà hàng sang trọng đó', 88, 112, 0, 0),
(3136, 'Thức ăn đắt quá', 150, 117, 0, 0),
(3137, 'Được đó', 134, 115, 0, 0),
(3138, 'Cũng được', 102, 120, 0, 0),
(3139, 'Very good', 130, 117, 0, 0),
(3140, 'Tạm được', 117, 116, 0, 0),
(3141, 'Cũng được đó', 92, 124, 0, 0),
(3142, 'Khá lắm', 103, 125, 0, 0),
(3143, 'Nhân viên chưa nhiệt tình lắm', 121, 111, 0, 0),
(3144, 'Very good', 84, 115, 0, 0),
(3145, 'OK lắm bạn', 135, 121, 0, 0),
(3146, 'Tạm được', 97, 119, 0, 0),
(3147, 'OK lắm bạn', 80, 122, 0, 0),
(3148, 'Cố gắng phát huy nhé', 140, 113, 0, 0),
(3149, 'Thức ăn ngon lắm', 106, 125, 0, 0),
(3150, 'OK lắm bạn', 87, 117, 0, 0),
(3151, 'Được đó', 114, 123, 0, 0),
(3152, 'Nhà hàng sang trọng đó', 131, 118, 0, 0),
(3153, 'OK lắm bạn', 139, 119, 0, 0),
(3154, 'Cũng được đó', 109, 111, 0, 0),
(3155, 'OK lắm bạn', 112, 118, 0, 0),
(3156, 'Khá lắm', 136, 114, 0, 0),
(3157, 'Nhân viên nhiệt tình', 101, 118, 0, 0),
(3158, 'Nhân viên chưa nhiệt tình lắm', 89, 118, 0, 0),
(3159, 'OK lắm bạn', 130, 122, 0, 0),
(3160, 'Very good', 96, 116, 0, 0),
(3161, 'Cũng được đó', 122, 116, 0, 0),
(3162, 'Thức ăn ngon lắm', 134, 122, 0, 0),
(3163, 'Thức ăn đắt quá', 118, 117, 0, 0),
(3164, 'Nhân viên chưa nhiệt tình lắm', 129, 115, 0, 0),
(3165, 'OK lắm bạn', 85, 117, 0, 0),
(3166, 'OK lắm bạn', 100, 117, 0, 0),
(3167, 'Giá hơi cao', 108, 117, 0, 0),
(3168, 'Giá hơi cao', 109, 124, 0, 0),
(3169, 'Chờ thức ăn lâu quá', 120, 116, 0, 0),
(3170, 'Tạm được', 103, 120, 0, 0),
(3171, 'Chờ thức ăn lâu quá', 133, 118, 0, 0),
(3172, 'Được đó', 113, 124, 0, 0),
(3173, 'Giá hơi cao', 83, 116, 0, 0),
(3174, 'Nhà hàng sang trọng đó', 106, 117, 0, 0),
(3175, 'Tuyệt vời', 101, 113, 0, 0),
(3176, 'Thức ăn ngon lắm', 92, 116, 0, 0),
(3177, 'Chờ thức ăn lâu quá', 115, 113, 0, 0),
(3178, 'Thức ăn ngon lắm', 133, 111, 0, 0),
(3179, 'Khá lắm', 102, 112, 0, 0),
(3180, 'Tạm được', 150, 113, 0, 0),
(3181, 'Thức ăn đắt quá', 119, 116, 0, 0),
(3182, 'Được đó', 131, 117, 0, 0),
(3183, 'Khá lắm', 150, 122, 0, 0),
(3184, 'OK lắm bạn', 121, 122, 0, 0),
(3185, 'Cũng được', 143, 121, 0, 0),
(3186, 'Thức ăn ngon lắm', 149, 115, 0, 0),
(3187, 'Cũng được đó', 130, 115, 0, 0),
(3188, 'Nhà hàng sang trọng đó', 130, 116, 0, 0),
(3189, 'Tuyệt vời', 128, 117, 0, 0),
(3190, 'Tuyệt vời', 108, 115, 0, 0),
(3191, 'Nhân viên chưa nhiệt tình lắm', 117, 114, 0, 0),
(3192, 'Chờ thức ăn lâu quá', 93, 122, 0, 0),
(3193, 'Tạm được', 85, 125, 0, 0),
(3194, 'Cũng được', 97, 115, 0, 0),
(3195, 'Cũng được đó', 144, 120, 0, 0),
(3196, 'OK lắm bạn', 149, 125, 0, 0),
(3197, 'Very good', 141, 120, 0, 0),
(3198, 'Nhân viên nhiệt tình', 117, 116, 0, 0),
(3199, 'Chờ thức ăn lâu quá', 92, 121, 0, 0),
(3200, 'Tạm được', 97, 121, 0, 0),
(3201, 'Very good', 122, 125, 0, 0),
(3202, 'View thoáng mát rộng rãi', 111, 111, 0, 0),
(3203, 'Tuyệt vời', 141, 114, 0, 0),
(3204, 'Khá lắm', 100, 123, 0, 0),
(3205, 'Thức ăn đắt quá', 100, 125, 0, 0),
(3206, 'Tuyệt vời', 110, 117, 0, 0),
(3207, 'Khá lắm', 143, 115, 0, 0),
(3208, 'Giá hơi cao', 99, 117, 0, 0),
(3209, 'Khá lắm', 140, 124, 0, 0),
(3210, 'Được đó', 122, 123, 0, 0),
(3211, 'Nhà hàng sang trọng đó', 94, 115, 0, 0),
(3212, 'Khá lắm', 95, 122, 0, 0),
(3213, 'Khá lắm', 130, 111, 0, 0),
(3214, 'Khá lắm', 85, 111, 0, 0),
(3215, 'Khá lắm', 113, 119, 0, 0),
(3216, 'Very good', 124, 115, 0, 0),
(3217, 'Tạm được', 82, 120, 0, 0),
(3218, 'Thức ăn ngon lắm', 123, 121, 0, 0),
(3219, 'Cũng được đó', 150, 111, 0, 0),
(3220, 'Khá lắm', 95, 112, 0, 0),
(3221, 'Tạm được', 119, 121, 0, 0),
(3222, 'Cố gắng phát huy nhé', 113, 120, 0, 0),
(3223, 'Nhân viên chưa nhiệt tình lắm', 137, 115, 0, 0),
(3224, 'Được đó', 89, 119, 0, 0),
(3225, 'View thoáng mát rộng rãi', 108, 119, 0, 0),
(3226, 'Cũng được đó', 143, 121, 0, 0),
(3227, 'Nhà hàng sang trọng đó', 80, 125, 0, 0),
(3228, 'Khá lắm', 109, 123, 0, 0),
(3229, 'Nhân viên chưa nhiệt tình lắm', 114, 119, 0, 0),
(3230, 'Very good', 107, 124, 0, 0),
(3231, 'Thức ăn ngon lắm', 111, 114, 0, 0),
(3232, 'Nhân viên nhiệt tình', 107, 117, 0, 0),
(3233, 'Thức ăn ngon lắm', 131, 112, 0, 0),
(3234, 'Nhân viên nhiệt tình', 90, 120, 0, 0),
(3235, 'Tạm được', 121, 120, 0, 0),
(3236, 'Tuyệt vời', 121, 119, 0, 0),
(3237, 'Nhân viên chưa nhiệt tình lắm', 105, 113, 0, 0),
(3238, 'Nhân viên chưa nhiệt tình lắm', 83, 112, 0, 0),
(3239, 'Khá lắm', 145, 122, 0, 0),
(3240, 'Cố gắng phát huy nhé', 103, 118, 0, 0),
(3241, 'OK lắm bạn', 106, 112, 0, 0),
(3242, 'Giá hơi cao', 99, 119, 0, 0),
(3243, 'Tuyệt vời', 116, 117, 0, 0),
(3244, 'Thức ăn ngon lắm', 94, 123, 0, 0),
(3245, 'Cũng được đó', 126, 119, 0, 0),
(3246, 'Chờ thức ăn lâu quá', 116, 120, 0, 0),
(3247, 'Nhà hàng sang trọng đó', 111, 120, 0, 0),
(3248, 'Tuyệt vời', 141, 115, 0, 0),
(3249, 'Nhân viên nhiệt tình', 117, 117, 0, 0),
(3250, 'Được đó', 141, 118, 0, 0),
(3251, 'Tuyệt vời', 109, 113, 0, 0),
(3252, 'Nhân viên chưa nhiệt tình lắm', 119, 122, 0, 0),
(3253, 'OK lắm bạn', 100, 123, 0, 0),
(3254, 'Cũng được', 97, 120, 0, 0),
(3255, 'Nhân viên nhiệt tình', 102, 115, 0, 0),
(3256, 'Chờ thức ăn lâu quá', 106, 120, 0, 0),
(3257, 'Tạm được', 132, 125, 0, 0),
(3258, 'Được đó', 127, 111, 0, 0),
(3259, 'Cũng được', 150, 124, 0, 0),
(3260, 'Tuyệt vời', 113, 115, 0, 0),
(3261, 'View thoáng mát rộng rãi', 138, 114, 0, 0),
(3262, 'Cố gắng phát huy nhé', 94, 119, 0, 0),
(3263, 'Khá lắm', 144, 122, 0, 0),
(3264, 'Nhân viên chưa nhiệt tình lắm', 107, 114, 0, 0),
(3265, 'Tạm được', 117, 113, 0, 0),
(3266, 'Cũng được đó', 145, 117, 0, 0),
(3267, 'Tạm được', 98, 116, 0, 0),
(3268, 'Cũng được đó', 105, 120, 0, 0),
(3269, 'Cũng được đó', 117, 124, 0, 0),
(3270, 'Khá lắm', 150, 124, 0, 0),
(3271, 'Thức ăn ngon lắm', 133, 118, 0, 0),
(3272, 'Thức ăn đắt quá', 137, 125, 0, 0),
(3273, 'Thức ăn đắt quá', 119, 122, 0, 0),
(3274, 'Very good', 139, 114, 0, 0),
(3275, 'Cũng được đó', 100, 114, 0, 0),
(3276, 'Tuyệt vời', 119, 120, 0, 0),
(3277, 'Cố gắng phát huy nhé', 116, 115, 0, 0),
(3278, 'Thức ăn ngon lắm', 95, 123, 0, 0),
(3279, 'Khá lắm', 145, 113, 0, 0),
(3280, 'Cố gắng phát huy nhé', 149, 118, 0, 0),
(3281, 'OK lắm bạn', 115, 121, 0, 0),
(3282, 'Cũng được đó', 146, 112, 0, 0),
(3283, 'Giá hơi cao', 92, 119, 0, 0),
(3284, 'Nhà hàng sang trọng đó', 143, 122, 0, 0),
(3285, 'Chờ thức ăn lâu quá', 139, 124, 0, 0),
(3286, 'OK lắm bạn', 91, 125, 0, 0),
(3287, 'OK lắm bạn', 80, 121, 0, 0),
(3288, 'Tuyệt vời', 81, 113, 0, 0),
(3289, 'Tuyệt vời', 132, 120, 0, 0),
(3290, 'Tạm được', 147, 114, 0, 0),
(3291, 'OK lắm bạn', 126, 117, 0, 0),
(3292, 'Nhà hàng sang trọng đó', 113, 118, 0, 0),
(3293, 'OK lắm bạn', 112, 123, 0, 0),
(3294, 'Thức ăn đắt quá', 138, 116, 0, 0),
(3295, 'Nhân viên nhiệt tình', 139, 112, 0, 0),
(3296, 'Tạm được', 114, 113, 0, 0),
(3297, 'Thức ăn đắt quá', 129, 121, 0, 0),
(3298, 'Thức ăn ngon lắm', 141, 121, 0, 0),
(3299, 'Tạm được', 146, 113, 0, 0),
(3300, 'Nhân viên chưa nhiệt tình lắm', 99, 111, 0, 0),
(3301, 'Khá lắm', 84, 115, 0, 0),
(3302, 'Cũng được đó', 97, 118, 0, 0),
(3303, 'Được đó', 114, 118, 0, 0),
(3304, 'Giá hơi cao', 141, 121, 0, 0),
(3305, 'Nhân viên nhiệt tình', 129, 114, 0, 0),
(3306, 'OK lắm bạn', 114, 115, 0, 0),
(3307, 'Giá hơi cao', 81, 115, 0, 0),
(3308, 'Chờ thức ăn lâu quá', 120, 125, 0, 0),
(3309, 'Nhân viên chưa nhiệt tình lắm', 95, 122, 0, 0),
(3310, 'Tạm được', 114, 120, 0, 0),
(3311, 'Được đó', 149, 123, 0, 0),
(3312, 'Giá hơi cao', 83, 113, 0, 0),
(3313, 'OK lắm bạn', 146, 125, 0, 0),
(3314, 'Cũng được', 105, 111, 0, 0),
(3315, 'Nhà hàng sang trọng đó', 131, 114, 0, 0),
(3316, 'Thức ăn đắt quá', 127, 118, 0, 0),
(3317, 'OK lắm bạn', 97, 124, 0, 0),
(3318, 'Tuyệt vời', 97, 113, 0, 0),
(3319, 'Được đó', 90, 121, 0, 0),
(3320, 'View thoáng mát rộng rãi', 85, 113, 0, 0),
(3321, 'Chờ thức ăn lâu quá', 89, 122, 0, 0),
(3322, 'Thức ăn đắt quá', 110, 114, 0, 0),
(3323, 'Giá hơi cao', 127, 118, 0, 0),
(3324, 'Cũng được đó', 119, 117, 0, 0),
(3325, 'Nhà hàng sang trọng đó', 136, 115, 0, 0),
(3326, 'Nhân viên nhiệt tình', 103, 124, 0, 0),
(3327, 'Giá hơi cao', 150, 111, 0, 0),
(3328, 'Nhân viên chưa nhiệt tình lắm', 97, 118, 0, 0),
(3329, 'Tạm được', 138, 118, 0, 0),
(3330, 'Very good', 94, 123, 0, 0),
(3331, 'Cố gắng phát huy nhé', 86, 121, 0, 0),
(3332, 'Thức ăn đắt quá', 92, 119, 0, 0),
(3333, 'Nhà hàng sang trọng đó', 109, 118, 0, 0),
(3334, 'View thoáng mát rộng rãi', 142, 124, 0, 0),
(3335, 'Khá lắm', 131, 111, 0, 0),
(3336, 'Được đó', 84, 115, 0, 0),
(3337, 'Cũng được', 116, 124, 0, 0),
(3338, 'Chờ thức ăn lâu quá', 89, 116, 0, 0),
(3339, 'OK lắm bạn', 124, 114, 0, 0),
(3340, 'Cũng được', 119, 122, 0, 0),
(3341, 'Very good', 127, 123, 0, 0),
(3342, 'Nhân viên nhiệt tình', 115, 124, 0, 0),
(3343, 'Nhà hàng sang trọng đó', 83, 117, 0, 0),
(3344, 'OK lắm bạn', 148, 119, 0, 0),
(3345, 'View thoáng mát rộng rãi', 125, 114, 0, 0),
(3346, 'Chờ thức ăn lâu quá', 129, 124, 0, 0),
(3347, 'Thức ăn đắt quá', 81, 122, 0, 0),
(3348, 'Được đó', 111, 119, 0, 0),
(3349, 'Chờ thức ăn lâu quá', 130, 118, 0, 0),
(3350, 'Giá hơi cao', 93, 112, 0, 0),
(3351, 'Khá lắm', 139, 121, 0, 0),
(3352, 'Chờ thức ăn lâu quá', 90, 122, 0, 0),
(3353, 'Tuyệt vời', 146, 116, 0, 0),
(3354, 'Giá hơi cao', 120, 115, 0, 0),
(3355, 'Tạm được', 125, 125, 0, 0),
(3356, 'Khá lắm', 147, 114, 0, 0),
(3357, 'Nhà hàng sang trọng đó', 141, 115, 0, 0),
(3358, 'Cũng được', 119, 115, 0, 0),
(3359, 'Thức ăn ngon lắm', 102, 117, 0, 0),
(3360, 'Được đó', 89, 119, 0, 0),
(3361, 'Khá lắm', 132, 113, 0, 0),
(3362, 'Tuyệt vời', 117, 120, 0, 0),
(3363, 'Very good', 88, 124, 0, 0),
(3364, 'Thức ăn đắt quá', 88, 125, 0, 0),
(3365, 'Giá hơi cao', 119, 116, 0, 0),
(3366, 'Thức ăn đắt quá', 125, 122, 0, 0),
(3367, 'Được đó', 118, 117, 0, 0),
(3368, 'Giá hơi cao', 85, 115, 0, 0),
(3369, 'Được đó', 116, 119, 0, 0),
(3370, 'Cũng được đó', 80, 117, 0, 0),
(3371, 'Nhà hàng sang trọng đó', 90, 112, 0, 0),
(3372, 'Cũng được', 135, 123, 0, 0),
(3373, 'Chờ thức ăn lâu quá', 93, 113, 0, 0),
(3374, 'Chờ thức ăn lâu quá', 144, 117, 0, 0),
(3375, 'Cũng được', 97, 120, 0, 0),
(3376, 'Cố gắng phát huy nhé', 144, 118, 0, 0),
(3377, 'View thoáng mát rộng rãi', 138, 123, 0, 0),
(3378, 'Cũng được', 137, 116, 0, 0),
(3379, 'Giá hơi cao', 117, 115, 0, 0),
(3380, 'Được đó', 108, 123, 0, 0),
(3381, 'Cũng được đó', 111, 122, 0, 0),
(3382, 'Nhân viên chưa nhiệt tình lắm', 124, 118, 0, 0),
(3383, 'OK lắm bạn', 131, 118, 0, 0),
(3384, 'Very good', 143, 123, 0, 0),
(3385, 'Cũng được đó', 105, 124, 0, 0),
(3386, 'Tuyệt vời', 101, 125, 0, 0),
(3387, 'Nhà hàng sang trọng đó', 138, 119, 0, 0),
(3388, 'Được đó', 130, 116, 0, 0),
(3389, 'Tuyệt vời', 125, 124, 0, 0),
(3390, 'View thoáng mát rộng rãi', 110, 119, 0, 0),
(3391, 'Tuyệt vời', 99, 115, 0, 0),
(3392, 'Cố gắng phát huy nhé', 103, 122, 0, 0),
(3393, 'Very good', 124, 119, 0, 0),
(3394, 'Tạm được', 84, 114, 0, 0),
(3395, 'Giá hơi cao', 138, 120, 0, 0),
(3396, 'Khá lắm', 86, 114, 0, 0),
(3397, 'Very good', 122, 122, 0, 0),
(3398, 'Thức ăn ngon lắm', 103, 124, 0, 0),
(3399, 'Được đó', 88, 117, 0, 0),
(3400, 'OK lắm bạn', 147, 123, 0, 0),
(3401, 'Nhân viên nhiệt tình', 88, 111, 0, 0),
(3402, 'Được đó', 125, 114, 0, 0),
(3403, 'Nhân viên chưa nhiệt tình lắm', 88, 114, 0, 0),
(3404, 'Nhà hàng sang trọng đó', 140, 113, 0, 0),
(3405, 'View thoáng mát rộng rãi', 132, 114, 0, 0),
(3406, 'Thức ăn đắt quá', 92, 115, 0, 0),
(3407, 'Tạm được', 90, 125, 0, 0),
(3408, 'Thức ăn đắt quá', 93, 111, 0, 0),
(3409, 'Giá hơi cao', 126, 122, 0, 0),
(3410, 'Cũng được', 119, 122, 0, 0),
(3411, 'Cũng được', 144, 120, 0, 0),
(3412, 'Nhân viên nhiệt tình', 132, 120, 0, 0),
(3413, 'Cũng được đó', 87, 111, 0, 0),
(3414, 'View thoáng mát rộng rãi', 109, 116, 0, 0),
(3415, 'OK lắm bạn', 125, 119, 0, 0),
(3416, 'OK lắm bạn', 130, 113, 0, 0),
(3417, 'Nhân viên nhiệt tình', 91, 120, 0, 0),
(3418, 'Chờ thức ăn lâu quá', 134, 125, 0, 0),
(3419, 'Nhân viên nhiệt tình', 95, 111, 0, 0),
(3420, 'Cũng được', 96, 124, 0, 0),
(3421, 'Nhân viên chưa nhiệt tình lắm', 129, 122, 0, 0),
(3422, 'Giá hơi cao', 129, 114, 0, 0),
(3423, 'Tạm được', 95, 121, 0, 0),
(3424, 'Nhân viên chưa nhiệt tình lắm', 82, 119, 0, 0),
(3425, 'Khá lắm', 93, 111, 0, 0),
(3426, 'Nhân viên chưa nhiệt tình lắm', 85, 116, 0, 0),
(3427, 'Nhân viên chưa nhiệt tình lắm', 99, 114, 0, 0),
(3428, 'OK lắm bạn', 130, 123, 0, 0),
(3429, 'View thoáng mát rộng rãi', 145, 117, 0, 0),
(3430, 'Thức ăn ngon lắm', 92, 121, 0, 0),
(3431, 'Thức ăn ngon lắm', 84, 113, 0, 0),
(3432, 'Nhà hàng sang trọng đó', 90, 124, 0, 0),
(3433, 'Khá lắm', 135, 124, 0, 0),
(3434, 'Cố gắng phát huy nhé', 93, 119, 0, 0),
(3435, 'Giá hơi cao', 143, 115, 0, 0),
(3436, 'Được đó', 97, 119, 0, 0),
(3437, 'Được đó', 84, 119, 0, 0),
(3438, 'OK lắm bạn', 106, 113, 0, 0),
(3439, 'OK lắm bạn', 108, 115, 0, 0),
(3440, 'Tạm được', 92, 122, 0, 0),
(3441, 'Tuyệt vời', 87, 118, 0, 0),
(3442, 'OK lắm bạn', 81, 113, 0, 0),
(3443, 'Thức ăn đắt quá', 89, 114, 0, 0),
(3444, 'Khá lắm', 96, 116, 0, 0),
(3445, 'Very good', 109, 116, 0, 0),
(3446, 'Tạm được', 143, 122, 0, 0),
(3447, 'Giá hơi cao', 123, 125, 0, 0),
(3448, 'Cũng được', 100, 112, 0, 0),
(3449, 'Thức ăn ngon lắm', 96, 117, 0, 0),
(3450, 'Nhân viên chưa nhiệt tình lắm', 148, 125, 0, 0),
(3451, 'Nhân viên chưa nhiệt tình lắm', 96, 121, 0, 0),
(3452, 'Very good', 141, 115, 0, 0),
(3453, 'Thức ăn đắt quá', 142, 113, 0, 0),
(3454, 'Cố gắng phát huy nhé', 119, 124, 0, 0),
(3455, 'View thoáng mát rộng rãi', 90, 115, 0, 0),
(3456, 'Nhân viên nhiệt tình', 92, 113, 0, 0),
(3457, 'Chờ thức ăn lâu quá', 119, 121, 0, 0),
(3458, 'Được đó', 140, 115, 0, 0),
(3459, 'Tạm được', 107, 120, 0, 0),
(3460, 'Tuyệt vời', 110, 113, 0, 0),
(3461, 'Được đó', 143, 118, 0, 0),
(3462, 'Tuyệt vời', 124, 124, 0, 0),
(3463, 'Tuyệt vời', 91, 124, 0, 0),
(3464, 'Nhân viên nhiệt tình', 120, 124, 0, 0),
(3465, 'Tạm được', 84, 115, 0, 0),
(3466, 'Tuyệt vời', 99, 113, 0, 0),
(3467, 'Cũng được đó', 128, 124, 0, 0),
(3468, 'Tạm được', 133, 116, 0, 0),
(3469, 'Nhà hàng sang trọng đó', 100, 122, 0, 0),
(3470, 'Giá hơi cao', 138, 112, 0, 0),
(3471, 'Nhà hàng sang trọng đó', 136, 118, 0, 0),
(3472, 'Chờ thức ăn lâu quá', 80, 114, 0, 0),
(3473, 'Nhân viên nhiệt tình', 98, 116, 0, 0),
(3474, 'Very good', 99, 124, 0, 0),
(3475, 'Nhân viên chưa nhiệt tình lắm', 116, 112, 0, 0),
(3476, 'View thoáng mát rộng rãi', 103, 122, 0, 0),
(3477, 'Giá hơi cao', 128, 111, 0, 0),
(3478, 'Được đó', 113, 119, 0, 0),
(3479, 'Tuyệt vời', 143, 114, 0, 0),
(3480, 'Thức ăn ngon lắm', 138, 120, 0, 0),
(3481, 'Giá hơi cao', 82, 124, 0, 0),
(3482, 'Nhà hàng sang trọng đó', 82, 122, 0, 0),
(3483, 'Giá hơi cao', 124, 124, 0, 0),
(3484, 'Tuyệt vời', 150, 119, 0, 0),
(3485, 'Chờ thức ăn lâu quá', 126, 119, 0, 0),
(3486, 'Chờ thức ăn lâu quá', 114, 117, 0, 0),
(3487, 'Thức ăn ngon lắm', 146, 113, 0, 0),
(3488, 'Nhân viên nhiệt tình', 102, 123, 0, 0),
(3489, 'Thức ăn đắt quá', 87, 122, 0, 0),
(3490, 'Cũng được đó', 149, 122, 0, 0),
(3491, 'Thức ăn ngon lắm', 103, 118, 0, 0),
(3492, 'Nhân viên nhiệt tình', 109, 112, 0, 0),
(3493, 'Nhân viên nhiệt tình', 122, 113, 0, 0),
(3494, 'Tạm được', 137, 111, 0, 0),
(3495, 'Khá lắm', 98, 123, 0, 0),
(3496, 'Chờ thức ăn lâu quá', 80, 120, 0, 0),
(3497, 'Chờ thức ăn lâu quá', 82, 116, 0, 0),
(3498, 'Cũng được đó', 106, 113, 0, 0),
(3499, 'Cũng được đó', 102, 123, 0, 0),
(3500, 'View thoáng mát rộng rãi', 148, 124, 0, 0),
(3501, 'View thoáng mát rộng rãi', 90, 114, 0, 0),
(3502, 'Cũng được', 89, 119, 0, 0),
(3503, 'Cũng được', 146, 121, 0, 0),
(3504, 'Khá lắm', 117, 117, 0, 0),
(3505, 'Tuyệt vời', 108, 123, 0, 0),
(3506, 'Nhân viên nhiệt tình', 107, 118, 0, 0),
(3507, 'Cũng được đó', 144, 115, 0, 0),
(3508, 'OK lắm bạn', 106, 120, 0, 0),
(3509, 'Thức ăn ngon lắm', 150, 117, 0, 0),
(3510, 'Cố gắng phát huy nhé', 118, 113, 0, 0),
(3511, 'Tạm được', 115, 124, 0, 0),
(3512, 'Very good', 85, 118, 0, 0),
(3513, 'Thức ăn ngon lắm', 143, 113, 0, 0),
(3514, 'Được đó', 108, 120, 0, 0),
(3515, 'Nhân viên chưa nhiệt tình lắm', 122, 123, 0, 0),
(3516, 'Cũng được đó', 111, 120, 0, 0),
(3517, 'View thoáng mát rộng rãi', 149, 113, 0, 0),
(3518, 'Cố gắng phát huy nhé', 88, 115, 0, 0),
(3519, 'Cố gắng phát huy nhé', 127, 124, 0, 0),
(3520, 'Cũng được đó', 138, 119, 0, 0),
(3521, 'Thức ăn đắt quá', 134, 116, 0, 0),
(3522, 'Chờ thức ăn lâu quá', 120, 117, 0, 0),
(3523, 'Chờ thức ăn lâu quá', 97, 124, 0, 0),
(3524, 'Thức ăn ngon lắm', 97, 111, 0, 0),
(3525, 'Khá lắm', 121, 122, 0, 0),
(3526, 'Được đó', 121, 117, 0, 0),
(3527, 'View thoáng mát rộng rãi', 135, 111, 0, 0),
(3528, 'Very good', 89, 111, 0, 0),
(3529, 'Thức ăn đắt quá', 142, 118, 0, 0),
(3530, 'Very good', 84, 117, 0, 0),
(3531, 'Cũng được đó', 145, 117, 0, 0),
(3532, 'Khá lắm', 95, 111, 0, 0),
(3533, 'Cũng được đó', 128, 120, 0, 0),
(3534, 'Xin chào', 214, 47, 1510285333, 1510285333),
(3535, 'Xin chào', 214, 48, 1510285447, 1510285447),
(3536, 'Hello', 214, 49, 1510285476, 1510285476),
(3537, 'Xin chào', 214, 50, 1510285515, 1510285515),
(3538, 'Xin chào', 214, 51, 1510285530, 1510285530),
(3539, 'helllo', 214, 52, 1510285544, 1510285544),
(3540, 'Hay lắm !', 214, 53, 1510285558, 1510285558),
(3541, 'Được lắm', 214, 54, 1510285596, 1510285596),
(3542, 'Thức ăn ngon', 214, 55, 1510285616, 1510285616),
(3543, '...', 214, 109, 1510285658, 1510285658),
(3544, '....', 214, 84, 1510285665, 1510285665),
(3545, '....', 214, 35, 1510285670, 1510285670),
(3546, 'Helllo', 1, 42, 1510294678, 1510294678),
(3547, '....', 1, 42, 1510294760, 1510294760),
(3548, '.', 2, 82, 1510295094, 1510295094),
(3549, 'Nhà hàng đẹp quá', 8, 35, 1512209470, 1512209470),
(3550, 'Nhà hàng đẹp quá\r\n', 223, 84, 1512209629, 1512209629);

-- --------------------------------------------------------

--
-- Table structure for table `contact`
--

CREATE TABLE `contact` (
  `id` int(11) NOT NULL,
  `name` varchar(255) COLLATE utf8_unicode_ci NOT NULL,
  `email` varchar(255) COLLATE utf8_unicode_ci NOT NULL,
  `subject` varchar(255) COLLATE utf8_unicode_ci NOT NULL,
  `body` text COLLATE utf8_unicode_ci NOT NULL,
  `created_at` int(11) NOT NULL,
  `updated_at` int(11) NOT NULL
) ENGINE=InnoDB DEFAULT CHARSET=utf8 COLLATE=utf8_unicode_ci;

--
-- Dumping data for table `contact`
--

INSERT INTO `contact` (`id`, `name`, `email`, `subject`, `body`, `created_at`, `updated_at`) VALUES
(4, 'Nguyễn Văn A', 'user@gmail.com', 'Xin chào', 'Xin chào mọi người', 1510121736, 1510121736),
(10, 'Văn Sỹ', 'vansy@gmail.com', 'nhà hàng', 'không được tốt', 1512017597, 0),
(11, 'Huỳnh Thúc Kháng', 'htk@gmail.com', 'Phản ánh nhà hàng', 'Nhân viên phục vụ k được tốt', 1512269472, 0);

-- --------------------------------------------------------

--
-- Table structure for table `district`
--

CREATE TABLE `district` (
  `id` int(11) NOT NULL,
  `name` varchar(255) COLLATE utf8_unicode_ci NOT NULL,
  `city_id` int(11) NOT NULL,
  `created_at` int(11) NOT NULL,
  `updated_at` int(11) NOT NULL
) ENGINE=InnoDB DEFAULT CHARSET=utf8 COLLATE=utf8_unicode_ci;

--
-- Dumping data for table `district`
--

INSERT INTO `district` (`id`, `name`, `city_id`, `created_at`, `updated_at`) VALUES
(1, 'Quận Liên Chiểu', 1, 1508919683, 1508919683),
(2, 'Quận Hải Châu', 1, 1508919772, 1508919772),
(3, 'Quận Ngũ Hành Sơn', 1, 1508919780, 1508919780),
(4, 'Quận Sơn Trà', 1, 1508919789, 1508919789),
(5, 'Quận Thanh Khê', 1, 1508919796, 1508919796),
(6, 'Quận Ba Đình', 3, 1508922011, 1508922011),
(7, 'Quận Gò Vấp', 2, 1509179470, 1509179470),
(8, 'Huyện Phong Điền', 5, 1509179505, 1509179505),
(9, 'Huyện Châu Thành', 6, 1509179536, 1509179536),
(10, 'Bạch Long Vỹ', 4, 1509179600, 1509179600),
(14, 'Quận Hòa Vang', 1, 1510118370, 1510118370),
(15, 'Quận Cẩm Lệ', 1, 1510118381, 1510118381),
(16, 'Quận Hoàng Sa', 1, 1510118404, 1510118404),
(17, 'Quận Hoàng Kiếm', 3, 1510118430, 1510118430),
(18, 'Quận Hai Bà Trưng', 3, 1510118440, 1510118440),
(19, 'Quận Đống Đa', 3, 1510118459, 1510118459),
(20, 'Quận Tây Hồ', 3, 1510118468, 1510118468),
(21, 'Quận Cầu Giấy', 3, 1510118476, 1510118476),
(22, 'Quận Thanh Xuân', 3, 1510118502, 1510118502),
(23, 'Quận Hoàng Mai', 3, 1510118510, 1510118510),
(24, 'Quận Long Biên', 3, 1510118519, 1510118519),
(25, 'Quận Từ Liêm', 3, 1510118549, 1510118549),
(26, 'Quận Thanh Trì', 3, 1510118557, 1510118557),
(27, 'Quận Gia Lâm', 3, 1510118565, 1510118565),
(28, 'Quận Hà Đông', 3, 1510118640, 1510118640),
(29, 'Quận Sơn Tây', 3, 1510118653, 1510118653),
(30, 'Quận 1', 2, 1510118725, 1510118725),
(31, 'Quận 12', 2, 1510118740, 1510118740),
(32, 'Quận Bình Thạnh', 2, 1510118748, 1510118748),
(33, 'Quận Thủ Đức', 2, 1510118761, 1510118761),
(34, 'Quận 9', 2, 1510118767, 1510118767),
(35, 'Quận Tân Bình', 2, 1510118787, 1510118787),
(36, 'Quận Tân Phú', 2, 1510118795, 1510118795),
(37, 'Quận 2', 2, 1510118801, 1510118801),
(38, 'Quận Phú Nhuận', 2, 1510118828, 1510118828),
(39, 'Quận 3', 2, 1510118834, 1510118834),
(40, 'Quận Bình Tân', 2, 1510118858, 1510118858),
(41, 'Quận Bình Chánh', 2, 1510118866, 1510118866),
(42, 'Quận 10', 2, 1510118873, 1510118873),
(43, 'Quận 11', 2, 1510118878, 1510118878),
(44, 'Quận 4', 2, 1510118884, 1510118884),
(45, 'Quận 5', 2, 1510118889, 1510118889),
(46, 'Quận 6', 2, 1510118896, 1510118896),
(47, 'Quận 8', 2, 1510118916, 1510118916),
(48, 'Quận 7', 2, 1510118922, 1510118922),
(49, 'Quận Nhà Bè', 2, 1510118941, 1510118941),
(50, 'Quận Cần Giờ', 2, 1510118948, 1510118948);

-- --------------------------------------------------------

--
-- Table structure for table `food`
--

CREATE TABLE `food` (
  `id` int(11) NOT NULL,
  `name` varchar(255) COLLATE utf8_unicode_ci NOT NULL,
  `price` decimal(10,0) NOT NULL,
  `image` varchar(255) COLLATE utf8_unicode_ci NOT NULL,
  `restaurant_id` int(11) NOT NULL,
  `created_at` int(11) NOT NULL,
  `updated_at` int(11) NOT NULL
) ENGINE=InnoDB DEFAULT CHARSET=utf8 COLLATE=utf8_unicode_ci;

--
-- Dumping data for table `food`
--

INSERT INTO `food` (`id`, `name`, `price`, `image`, `restaurant_id`, `created_at`, `updated_at`) VALUES
(20, 'Soup Bắp Cua', '65000', 'upload/food66995.jpg', 35, 1509102456, 1509102456),
(21, 'Bánh Canh', '35000', 'upload/food33347.jpg', 35, 1509888610, 1509888897),
(22, 'Bánh Đa Nước', '50000', 'upload/food49358.jpg', 35, 1509888667, 1509888667),
(23, 'Bún Bò Nước', '40000', 'upload/food33792.jpg', 42, 1509888785, 1509888935),
(24, 'Bún cá', '40000', 'upload/food9672.jpg', 35, 1509889032, 1509889032),
(26, 'Miến trọn', '25000', 'upload/food83131.jpg', 42, 1510277524, 1510277524),
(27, 'Súp yến', '70000', 'upload/food9659.jpg', 42, 1510277594, 1510277594),
(28, 'Cua lột xốt tôm', '400000', 'upload/food20747.jpg', 35, 1512045488, 1512045488),
(31, 'Lẩu gà canh ngọt', '200000', 'upload/food51333.jpg', 109, 1512081909, 1512081909),
(32, 'Tôm hùm rang me', '500000', 'upload/food26422.jpg', 109, 1512081930, 1512081930),
(33, 'Gà nướng bưởi xốt giấm', '600000', 'upload/food35023.jpg', 109, 1512081976, 1512081976),
(35, 'Súp gà chua cay', '400000', 'upload/food47868.jpg', 109, 1512082079, 1512082079),
(38, 'Salad mỳ ý với gò thủ', '100000', 'upload/food5584.jpg', 46, 1512271563, 1512273377),
(42, 'Bánh Đa Nước', '200000', 'upload/food41462.jpg', 46, 1512273448, 1512273448),
(43, 'Súp gà chua cay', '150000', 'upload/food52152.jpg', 46, 1512273982, 1512273982),
(44, 'Súp gà chua cay', '200000', 'upload/food21714.jpg', 35, 1512274363, 1512274363);

-- --------------------------------------------------------

--
-- Table structure for table `migration`
--

CREATE TABLE `migration` (
  `version` varchar(180) COLLATE utf8_unicode_ci NOT NULL,
  `apply_time` int(11) DEFAULT NULL
) ENGINE=InnoDB DEFAULT CHARSET=utf8 COLLATE=utf8_unicode_ci;

--
-- Dumping data for table `migration`
--

INSERT INTO `migration` (`version`, `apply_time`) VALUES
('m000000_000000_base', 1508913909),
('m130524_201442_init', 1508913926),
('m140506_102106_rbac_init', 1510321438),
('m151019_122725_vote_table', 1509244954),
('m160620_131811_vote', 1509243159),
('m160706_223457_vote_index', 1509243159),
('m160706_223500_vote_updates', 1509243160);

-- --------------------------------------------------------

--
-- Table structure for table `orders`
--

CREATE TABLE `orders` (
  `id` int(11) NOT NULL,
  `restaurant_id` int(11) NOT NULL,
  `name` varchar(225) COLLATE utf8_unicode_ci NOT NULL,
  `phone` varchar(225) COLLATE utf8_unicode_ci NOT NULL,
  `number_people` int(11) NOT NULL,
  `datetime` datetime NOT NULL,
  `status` enum('Chấp nhận','Chờ','Phản đối') COLLATE utf8_unicode_ci NOT NULL DEFAULT 'Chờ',
  `user_id` int(11) NOT NULL,
  `created_at` int(11) NOT NULL,
  `updated_at` int(11) NOT NULL
) ENGINE=InnoDB DEFAULT CHARSET=utf8 COLLATE=utf8_unicode_ci;

--
-- Dumping data for table `orders`
--

INSERT INTO `orders` (`id`, `restaurant_id`, `name`, `phone`, `number_people`, `datetime`, `status`, `user_id`, `created_at`, `updated_at`) VALUES
(26, 35, 'hfhgfh', '34324324', 4, '2017-12-06 10:50:00', 'Chờ', 8, 1512266755, 1512266755),
(27, 35, 'đức', '013265478685', 3, '2017-12-03 14:30:00', 'Chấp nhận', 228, 1512267251, 1512267251),
(28, 42, 'long', '01324569851', 4, '2017-12-03 14:25:00', 'Chờ', 228, 1512267305, 1512267305),
(29, 35, 'jonh', '0162345785', 4, '2017-12-03 14:30:00', 'Phản đối', 230, 1512267956, 1512267956),
(30, 42, 'abc', '01326457852', 4, '2017-12-03 18:30:00', 'Chờ', 230, 1512268030, 1512268030);

-- --------------------------------------------------------

--
-- Table structure for table `rating`
--

CREATE TABLE `rating` (
  `id` int(11) NOT NULL,
  `value` double NOT NULL,
  `user_id` int(11) NOT NULL,
  `restaurant_id` int(11) NOT NULL,
  `created_at` int(11) NOT NULL,
  `updated_at` int(11) NOT NULL
) ENGINE=InnoDB DEFAULT CHARSET=utf8 COLLATE=utf8_unicode_ci;

--
-- Dumping data for table `rating`
--

INSERT INTO `rating` (`id`, `value`, `user_id`, `restaurant_id`, `created_at`, `updated_at`) VALUES
(1, 4, 6, 26, 1509085515, 1509085515),
(2, 2, 6, 26, 1509085530, 1509085530),
(3, 4, 6, 26, 1509086518, 1509086518),
(4, 3, 6, 26, 1509086982, 1509086982),
(5, 4, 6, 26, 1509087081, 1509087081),
(6, 5, 6, 26, 1509087092, 1509087092),
(7, 1, 6, 26, 1509087118, 1509087118),
(8, 4, 6, 26, 1509088420, 1509088420),
(9, 4, 6, 26, 1509088650, 1509088650),
(10, 5, 6, 26, 1509088665, 1509088665),
(11, 1, 6, 26, 1509088894, 1509088894),
(12, 5, 6, 26, 1509088897, 1509088897),
(13, 5, 6, 26, 1509088900, 1509088900),
(14, 5, 6, 26, 1509088903, 1509088903),
(15, 5, 9, 27, 1509091210, 1509091210),
(16, 4, 9, 27, 1509091569, 1509091569),
(17, 4, 9, 28, 1509091579, 1509091579),
(18, 5, 9, 28, 1509091584, 1509091584),
(19, 3, 9, 28, 1509091587, 1509091587),
(20, 3, 9, 28, 1509091588, 1509091588),
(26, 3, 10, 26, 1509094369, 1509094369),
(27, 5, 10, 38, 1509094388, 1509094388),
(28, 4, 1, 38, 1509094678, 1509094678),
(29, 5, 1, 27, 1509094712, 1509094712),
(33, 5, 1, 35, 1509095322, 1509095322),
(34, 5, 1, 35, 1509095333, 1509095333),
(35, 4, 1, 35, 1509095337, 1509095337),
(36, 5, 1, 35, 1509095339, 1509095339),
(37, 5, 1, 35, 1509095342, 1509095342),
(38, 5, 1, 35, 1509095345, 1509095345),
(39, 4, 1, 35, 1509095354, 1509095354),
(40, 4, 1, 27, 1509096903, 1509096903),
(41, 5, 1, 27, 1509097482, 1509097482),
(42, 5, 1, 35, 1509097773, 1509097773),
(43, 5, 1, 35, 1509103542, 1509103542),
(44, 5, 2, 35, 1509105566, 1509105566),
(45, 5, 2, 35, 1509105572, 1509105572),
(46, 3, 2, 35, 1509105578, 1509105578),
(47, 4, 2, 35, 1509105582, 1509105582),
(48, 5, 2, 35, 1509105586, 1509105586),
(49, 3, 1, 40, 1509109292, 1509109292),
(50, 4, 1, 40, 1509109298, 1509109298),
(51, 5, 1, 40, 1509109301, 1509109301),
(52, 2, 1, 40, 1509109305, 1509109305),
(53, 1, 1, 40, 1509109310, 1509109310),
(54, 5, 11, 35, 1509109582, 1509109582),
(55, 4, 1, 40, 1509116016, 1509116016),
(56, 5, 11, 35, 1509167874, 1509167874),
(57, 4, 11, 35, 1509168190, 1509168190),
(58, 4, 11, 27, 1509168452, 1509168452),
(59, 4, 11, 35, 1509172750, 1509172750),
(60, 4, 11, 35, 1509172824, 1509172824),
(61, 5, 11, 35, 1509172860, 1509172860),
(62, 4, 11, 35, 1509173436, 1509173436),
(63, 3, 11, 27, 1509174137, 1509174137),
(64, 4, 11, 27, 1509174162, 1509174162),
(65, 4, 11, 27, 1509174178, 1509174178),
(66, 4, 11, 27, 1509174282, 1509174282),
(67, 4, 11, 38, 1509174448, 1509174448),
(68, 4, 6, 26, 1509085515, 1509085515),
(69, 2, 6, 26, 1509085530, 1509085530),
(70, 4, 6, 26, 1509086518, 1509086518),
(71, 3, 6, 26, 1509086982, 1509086982),
(72, 4, 6, 26, 1509087081, 1509087081),
(73, 5, 6, 26, 1509087092, 1509087092),
(74, 1, 6, 26, 1509087118, 1509087118),
(75, 4, 6, 26, 1509088420, 1509088420),
(76, 4, 6, 26, 1509088650, 1509088650),
(77, 5, 6, 26, 1509088665, 1509088665),
(78, 1, 6, 26, 1509088894, 1509088894),
(79, 5, 6, 26, 1509088897, 1509088897),
(80, 5, 6, 26, 1509088900, 1509088900),
(81, 5, 6, 26, 1509088903, 1509088903),
(82, 5, 9, 27, 1509091210, 1509091210),
(83, 4, 9, 27, 1509091569, 1509091569),
(84, 4, 9, 28, 1509091579, 1509091579),
(85, 5, 9, 28, 1509091584, 1509091584),
(86, 3, 9, 28, 1509091587, 1509091587),
(87, 3, 9, 28, 1509091588, 1509091588),
(88, 3, 10, 26, 1509094369, 1509094369),
(89, 5, 10, 38, 1509094388, 1509094388),
(90, 4, 1, 38, 1509094678, 1509094678),
(91, 5, 1, 27, 1509094712, 1509094712),
(92, 5, 1, 35, 1509095322, 1509095322),
(93, 5, 11, 41, 1509175101, 1509175101),
(94, 4, 11, 41, 1509175134, 1509175134),
(95, 4, 11, 28, 1509184375, 1509184375),
(96, 5, 1, 35, 1509185263, 1509185263),
(97, 5, 1, 35, 1509185317, 1509185317),
(98, 5, 12, 35, 1509200642, 1509200642),
(99, 5, 12, 38, 1509200737, 1509200737),
(100, 5, 12, 27, 1509200747, 1509200747),
(101, 4, 12, 28, 1509200762, 1509200762),
(102, 4, 12, 26, 1509200781, 1509200781),
(103, 4, 12, 40, 1509200797, 1509200797),
(104, 4, 1, 42, 1509249867, 1509249867),
(105, 4, 1, 43, 1509249902, 1509249902),
(106, 4, 1, 44, 1509249910, 1509249910),
(107, 4, 9, 45, 1509254905, 1509254905),
(108, 4, 9, 46, 1509254914, 1509254914),
(109, 3, 9, 43, 1509254935, 1509254935),
(110, 3, 9, 42, 1509254939, 1509254939),
(111, 4, 6, 43, 0, 0),
(112, 4, 10, 35, 0, 0),
(113, 2, 6, 35, 0, 0),
(114, 4, 15, 35, 0, 0),
(115, 4, 10, 35, 0, 0),
(116, 4, 15, 35, 0, 0),
(117, 4, 12, 35, 0, 0),
(118, 5, 11, 35, 0, 0),
(119, 5, 6, 35, 0, 0),
(120, 2, 10, 35, 0, 0),
(121, 5, 14, 35, 0, 0),
(122, 4, 14, 35, 0, 0),
(123, 3, 6, 35, 0, 0),
(124, 2, 13, 35, 0, 0),
(125, 3, 11, 35, 0, 0),
(126, 4, 9, 35, 0, 0),
(127, 2, 14, 35, 0, 0),
(128, 5, 12, 35, 0, 0),
(129, 5, 11, 35, 0, 0),
(130, 3, 6, 35, 0, 0),
(131, 2, 15, 35, 0, 0),
(132, 3, 14, 35, 0, 0),
(133, 4, 12, 35, 0, 0),
(134, 5, 11, 35, 0, 0),
(135, 2, 6, 35, 0, 0),
(136, 4, 15, 35, 0, 0),
(137, 4, 11, 35, 0, 0),
(138, 5, 11, 35, 0, 0),
(139, 4, 7, 35, 0, 0),
(140, 5, 7, 35, 0, 0),
(141, 4, 7, 26, 0, 0),
(142, 3, 13, 26, 0, 0),
(143, 2, 7, 26, 0, 0),
(144, 4, 12, 26, 0, 0),
(145, 5, 12, 26, 0, 0),
(146, 3, 6, 26, 0, 0),
(147, 5, 15, 26, 0, 0),
(148, 2, 9, 26, 0, 0),
(149, 3, 10, 26, 0, 0),
(150, 5, 6, 26, 0, 0),
(151, 2, 11, 26, 0, 0),
(152, 2, 15, 26, 0, 0),
(153, 3, 12, 26, 0, 0),
(154, 2, 9, 26, 0, 0),
(155, 2, 14, 26, 0, 0),
(156, 4, 12, 26, 0, 0),
(157, 4, 13, 26, 0, 0),
(158, 3, 11, 26, 0, 0),
(159, 3, 15, 26, 0, 0),
(160, 5, 14, 26, 0, 0),
(161, 4, 10, 26, 0, 0),
(162, 5, 13, 26, 0, 0),
(163, 5, 9, 26, 0, 0),
(164, 2, 12, 26, 0, 0),
(165, 3, 10, 26, 0, 0),
(166, 3, 9, 26, 0, 0),
(167, 4, 7, 26, 0, 0),
(168, 5, 7, 26, 0, 0),
(169, 2, 8, 26, 0, 0),
(170, 3, 11, 27, 0, 0),
(171, 2, 8, 27, 0, 0),
(172, 2, 13, 27, 0, 0),
(173, 5, 8, 27, 0, 0),
(174, 5, 10, 27, 0, 0),
(175, 2, 10, 27, 0, 0),
(176, 4, 11, 27, 0, 0),
(177, 4, 9, 27, 0, 0),
(178, 2, 8, 27, 0, 0),
(179, 4, 15, 27, 0, 0),
(180, 3, 7, 27, 0, 0),
(181, 3, 9, 27, 0, 0),
(182, 3, 14, 27, 0, 0),
(183, 5, 6, 27, 0, 0),
(184, 5, 15, 27, 0, 0),
(185, 5, 9, 27, 0, 0),
(186, 4, 8, 27, 0, 0),
(187, 2, 13, 27, 0, 0),
(188, 3, 11, 27, 0, 0),
(189, 5, 11, 27, 0, 0),
(190, 2, 8, 27, 0, 0),
(191, 5, 8, 27, 0, 0),
(192, 5, 15, 27, 0, 0),
(193, 3, 13, 27, 0, 0),
(194, 4, 8, 27, 0, 0),
(195, 5, 12, 27, 0, 0),
(196, 2, 15, 27, 0, 0),
(197, 4, 9, 27, 0, 0),
(198, 4, 9, 27, 0, 0),
(199, 2, 6, 28, 0, 0),
(200, 5, 8, 28, 0, 0),
(201, 5, 14, 28, 0, 0),
(202, 5, 13, 28, 0, 0),
(203, 5, 10, 28, 0, 0),
(204, 4, 11, 28, 0, 0),
(205, 2, 12, 28, 0, 0),
(206, 5, 14, 28, 0, 0),
(207, 3, 6, 28, 0, 0),
(208, 3, 12, 28, 0, 0),
(209, 4, 12, 28, 0, 0),
(210, 3, 10, 28, 0, 0),
(211, 3, 15, 28, 0, 0),
(212, 2, 10, 28, 0, 0),
(213, 3, 14, 28, 0, 0),
(214, 3, 14, 28, 0, 0),
(215, 4, 10, 28, 0, 0),
(216, 2, 13, 28, 0, 0),
(217, 5, 8, 28, 0, 0),
(218, 2, 12, 28, 0, 0),
(219, 3, 13, 28, 0, 0),
(220, 5, 14, 28, 0, 0),
(221, 5, 8, 28, 0, 0),
(222, 2, 8, 28, 0, 0),
(223, 4, 13, 28, 0, 0),
(224, 5, 9, 28, 0, 0),
(225, 3, 13, 28, 0, 0),
(226, 5, 6, 28, 0, 0),
(227, 3, 9, 28, 0, 0),
(228, 5, 15, 43, 0, 0),
(229, 5, 15, 46, 0, 0),
(230, 5, 14, 38, 0, 0),
(231, 5, 6, 46, 0, 0),
(232, 2, 13, 27, 0, 0),
(233, 2, 7, 42, 0, 0),
(234, 2, 11, 42, 0, 0),
(235, 2, 12, 27, 0, 0),
(236, 5, 11, 38, 0, 0),
(237, 2, 15, 38, 0, 0),
(238, 2, 10, 46, 0, 0),
(239, 5, 7, 35, 0, 0),
(240, 2, 15, 41, 0, 0),
(241, 5, 12, 40, 0, 0),
(242, 2, 11, 35, 0, 0),
(243, 5, 13, 27, 0, 0),
(244, 5, 11, 27, 0, 0),
(245, 2, 15, 35, 0, 0),
(246, 5, 15, 43, 0, 0),
(247, 5, 8, 40, 0, 0),
(248, 5, 11, 35, 0, 0),
(249, 5, 10, 46, 0, 0),
(250, 5, 14, 26, 0, 0),
(251, 5, 6, 45, 0, 0),
(252, 5, 7, 46, 0, 0),
(253, 5, 6, 45, 0, 0),
(254, 5, 10, 27, 0, 0),
(255, 2, 9, 27, 0, 0),
(256, 5, 7, 43, 0, 0),
(257, 2, 15, 44, 0, 0),
(258, 5, 14, 44, 0, 0),
(259, 5, 8, 35, 0, 0),
(260, 2, 7, 41, 0, 0),
(261, 2, 9, 27, 0, 0),
(262, 2, 15, 28, 0, 0),
(263, 2, 15, 43, 0, 0),
(264, 2, 7, 27, 0, 0),
(265, 2, 13, 35, 0, 0),
(266, 2, 7, 45, 0, 0),
(267, 2, 15, 46, 0, 0),
(268, 5, 11, 26, 0, 0),
(269, 5, 14, 40, 0, 0),
(270, 2, 10, 45, 0, 0),
(271, 2, 6, 46, 0, 0),
(272, 2, 12, 43, 0, 0),
(273, 2, 15, 38, 0, 0),
(274, 5, 13, 46, 0, 0),
(275, 5, 10, 27, 0, 0),
(276, 5, 11, 42, 0, 0),
(277, 2, 10, 43, 0, 0),
(278, 5, 9, 42, 0, 0),
(279, 2, 8, 40, 0, 0),
(280, 5, 14, 44, 0, 0),
(281, 5, 8, 35, 0, 0),
(282, 5, 10, 40, 0, 0),
(283, 2, 14, 44, 0, 0),
(284, 5, 15, 43, 0, 0),
(285, 2, 7, 28, 0, 0),
(286, 5, 14, 44, 0, 0),
(287, 2, 9, 41, 0, 0),
(288, 5, 15, 28, 0, 0),
(289, 5, 7, 27, 0, 0),
(290, 5, 15, 28, 0, 0),
(291, 2, 8, 40, 0, 0),
(292, 2, 13, 28, 0, 0),
(293, 2, 11, 45, 0, 0),
(294, 5, 8, 42, 0, 0),
(295, 2, 12, 41, 0, 0),
(296, 2, 6, 46, 0, 0),
(297, 2, 10, 46, 0, 0),
(298, 5, 7, 26, 0, 0),
(299, 2, 10, 35, 0, 0),
(300, 5, 9, 42, 0, 0),
(301, 2, 12, 38, 0, 0),
(302, 2, 8, 44, 0, 0),
(303, 2, 11, 27, 0, 0),
(304, 5, 6, 42, 0, 0),
(305, 2, 7, 40, 0, 0),
(306, 2, 7, 26, 0, 0),
(307, 2, 15, 41, 0, 0),
(308, 5, 13, 35, 0, 0),
(309, 5, 6, 40, 0, 0),
(310, 5, 12, 43, 0, 0),
(311, 2, 12, 46, 0, 0),
(312, 5, 14, 38, 0, 0),
(313, 2, 7, 40, 0, 0),
(314, 2, 14, 43, 0, 0),
(315, 5, 15, 26, 0, 0),
(316, 2, 10, 41, 0, 0),
(317, 5, 12, 28, 0, 0),
(318, 2, 13, 28, 0, 0),
(319, 2, 15, 46, 0, 0),
(320, 2, 10, 35, 0, 0),
(321, 2, 8, 27, 0, 0),
(322, 2, 14, 38, 0, 0),
(323, 5, 13, 26, 0, 0),
(324, 5, 9, 46, 0, 0),
(325, 5, 11, 27, 0, 0),
(326, 2, 13, 40, 0, 0),
(327, 2, 12, 26, 0, 0),
(328, 5, 6, 45, 0, 0),
(329, 2, 10, 44, 0, 0),
(330, 5, 12, 42, 0, 0),
(331, 5, 15, 43, 0, 0),
(332, 2, 15, 40, 0, 0),
(333, 2, 9, 38, 0, 0),
(334, 5, 11, 43, 0, 0),
(335, 2, 8, 27, 0, 0),
(336, 5, 7, 44, 0, 0),
(337, 5, 11, 26, 0, 0),
(338, 5, 14, 38, 0, 0),
(339, 5, 11, 40, 0, 0),
(340, 2, 7, 43, 0, 0),
(341, 2, 13, 41, 0, 0),
(342, 2, 12, 38, 0, 0),
(343, 2, 8, 28, 0, 0),
(344, 2, 15, 26, 0, 0),
(345, 2, 7, 42, 0, 0),
(346, 2, 6, 38, 0, 0),
(347, 2, 15, 44, 0, 0),
(348, 5, 7, 40, 0, 0),
(349, 5, 11, 41, 0, 0),
(350, 2, 10, 27, 0, 0),
(351, 5, 10, 45, 0, 0),
(352, 5, 10, 44, 0, 0),
(353, 2, 9, 28, 0, 0),
(354, 2, 11, 43, 0, 0),
(355, 5, 8, 26, 0, 0),
(356, 2, 6, 26, 0, 0),
(357, 2, 9, 35, 0, 0),
(358, 2, 9, 44, 0, 0),
(359, 2, 7, 26, 0, 0),
(360, 5, 7, 43, 0, 0),
(361, 2, 10, 46, 0, 0),
(362, 2, 15, 43, 0, 0),
(363, 5, 8, 27, 0, 0),
(364, 2, 7, 46, 0, 0),
(365, 5, 14, 43, 0, 0),
(366, 5, 11, 45, 0, 0),
(367, 2, 6, 40, 0, 0),
(368, 2, 6, 43, 0, 0),
(369, 5, 8, 44, 0, 0),
(370, 5, 13, 46, 0, 0),
(371, 5, 6, 44, 0, 0),
(372, 2, 8, 38, 0, 0),
(373, 5, 10, 43, 0, 0),
(374, 2, 10, 35, 0, 0),
(375, 2, 11, 35, 0, 0),
(376, 5, 7, 35, 0, 0),
(377, 4, 17, 41, 1509260397, 1509260397),
(378, 4, 17, 45, 1509261423, 1509261423),
(379, 4, 17, 28, 1509261428, 1509261428),
(380, 4, 17, 26, 1509261432, 1509261432),
(381, 4, 17, 40, 1509261436, 1509261436),
(382, 4, 17, 43, 1509261441, 1509261441),
(383, 4, 17, 44, 1509261446, 1509261446),
(384, 4, 17, 46, 1509261453, 1509261453),
(385, 4, 17, 42, 1509261457, 1509261457),
(386, 4, 17, 38, 1509261461, 1509261461),
(387, 5, 17, 35, 1509261468, 1509261468),
(388, 5, 17, 27, 1509261474, 1509261474),
(389, 5, 1, 51, 1509469851, 1509469851),
(390, 3, 2, 51, 1509469907, 1509469907),
(391, 3, 9, 51, 1509470256, 1509470256),
(392, 4, 207, 35, 1509606547, 1509606547),
(393, 5, 207, 42, 1509606718, 1509606718),
(394, 4, 207, 45, 1509606807, 1509606807),
(395, 4, 207, 27, 1509606877, 1509606877),
(396, 5, 208, 35, 1510124116, 1510124116),
(397, 4, 207, 47, 1510125275, 1510125275),
(398, 5, 209, 35, 1510202866, 1510202866),
(399, 5, 209, 47, 1510202970, 1510202970),
(400, 5, 209, 42, 1510203028, 1510203028),
(401, 3, 209, 45, 1510203056, 1510203056),
(402, 3, 209, 27, 1510203083, 1510203083),
(403, 3, 209, 43, 1510203116, 1510203116),
(404, 3, 209, 44, 1510203169, 1510203169),
(405, 3, 209, 51, 1510203185, 1510203185),
(406, 3, 209, 26, 1510203219, 1510203219),
(407, 3, 209, 48, 1510203513, 1510203513),
(408, 3, 209, 49, 1510203543, 1510203543),
(409, 3, 209, 50, 1510203572, 1510203572),
(410, 3, 209, 52, 1510203585, 1510203585),
(411, 3, 209, 53, 1510203604, 1510203604),
(412, 3, 209, 55, 1510203626, 1510203626),
(413, 3, 209, 59, 1510203677, 1510203677),
(414, 3, 209, 60, 1510203708, 1510203708),
(415, 3, 209, 63, 1510203721, 1510203721),
(416, 3, 209, 64, 1510203740, 1510203740),
(417, 3, 209, 66, 1510203757, 1510203757),
(418, 3, 209, 67, 1510203769, 1510203769),
(419, 3, 209, 68, 1510203789, 1510203789),
(420, 3, 209, 69, 1510203900, 1510203900),
(421, 3, 209, 70, 1510203921, 1510203921),
(422, 3, 209, 70, 1510203922, 1510203922),
(423, 3, 209, 71, 1510203937, 1510203937),
(424, 3, 1, 72, 1510203963, 1510203963),
(425, 3, 1, 73, 1510203967, 1510203967),
(426, 3, 1, 74, 1510203971, 1510203971),
(427, 3, 1, 75, 1510203981, 1510203981),
(428, 3, 1, 76, 1510203992, 1510203992),
(429, 3, 1, 77, 1510203996, 1510203996),
(430, 3, 1, 79, 1510204045, 1510204045),
(431, 3, 1, 80, 1510204053, 1510204053),
(432, 3, 1, 54, 1510204126, 1510204126),
(433, 3, 210, 47, 1510204230, 1510204230),
(434, 5, 210, 35, 1510204257, 1510204257),
(435, 4, 210, 42, 1510204282, 1510204282),
(436, 5, 211, 35, 1510204361, 1510204361),
(437, 3, 211, 42, 1510204406, 1510204406),
(438, 4, 212, 56, 1510230432, 1510230432),
(439, 3, 212, 58, 1510230436, 1510230436),
(440, 3, 212, 82, 1510230443, 1510230443),
(441, 3, 212, 83, 1510230453, 1510230453),
(442, 3, 212, 84, 1510230458, 1510230458),
(444, 3, 1, 86, 1510230697, 1510230697),
(445, 3, 1, 87, 1510230701, 1510230701),
(446, 3, 1, 88, 1510230705, 1510230705),
(447, 3, 1, 89, 1510230715, 1510230715),
(448, 3, 1, 90, 1510230719, 1510230719),
(449, 3, 1, 91, 1510230726, 1510230726),
(450, 3, 1, 92, 1510230739, 1510230739),
(451, 3, 1, 93, 1510230742, 1510230742),
(452, 3, 1, 94, 1510230746, 1510230746),
(453, 3, 1, 95, 1510230757, 1510230757),
(454, 3, 1, 96, 1510230761, 1510230761),
(455, 3, 1, 97, 1510230765, 1510230765),
(456, 3, 1, 98, 1510230775, 1510230775),
(457, 3, 1, 99, 1510230779, 1510230779),
(458, 3, 1, 100, 1510230783, 1510230783),
(459, 3, 1, 101, 1510230796, 1510230796),
(460, 3, 1, 103, 1510241107, 1510241107),
(461, 3, 1, 105, 1510241234, 1510241234),
(462, 3, 1, 106, 1510241238, 1510241238),
(463, 3, 1, 108, 1510241249, 1510241249),
(464, 3, 1, 109, 1510241255, 1510241255),
(465, 3, 1, 111, 1510241325, 1510241325),
(466, 3, 1, 112, 1510241329, 1510241329),
(467, 3, 1, 113, 1510241343, 1510241343),
(468, 3, 1, 114, 1510241347, 1510241347),
(469, 3, 1, 115, 1510241696, 1510241696),
(470, 3, 1, 116, 1510241699, 1510241699),
(471, 3, 1, 117, 1510241703, 1510241703),
(472, 3, 1, 118, 1510241712, 1510241712),
(473, 3, 1, 119, 1510241716, 1510241716),
(474, 3, 1, 120, 1510241719, 1510241719),
(475, 3, 1, 121, 1510241726, 1510241726),
(476, 3, 1, 122, 1510243322, 1510243322),
(477, 3, 1, 123, 1510243326, 1510243326),
(478, 3, 1, 124, 1510243330, 1510243330),
(479, 3, 1, 125, 1510243335, 1510243335),
(480, 3, 95, 53, 0, 0),
(481, 5, 65, 48, 0, 0),
(482, 3, 89, 54, 0, 0),
(483, 4, 94, 52, 0, 0),
(484, 4, 85, 48, 0, 0),
(485, 5, 79, 51, 0, 0),
(486, 4, 94, 54, 0, 0),
(487, 2, 61, 50, 0, 0),
(488, 4, 97, 54, 0, 0),
(489, 2, 76, 56, 0, 0),
(490, 3, 75, 56, 0, 0),
(491, 4, 76, 53, 0, 0),
(492, 5, 66, 55, 0, 0),
(493, 2, 92, 55, 0, 0),
(494, 2, 96, 47, 0, 0),
(495, 2, 60, 53, 0, 0),
(496, 4, 67, 51, 0, 0),
(497, 2, 88, 49, 0, 0),
(498, 5, 72, 55, 0, 0),
(499, 5, 65, 56, 0, 0),
(500, 3, 97, 55, 0, 0),
(501, 4, 95, 49, 0, 0),
(502, 4, 60, 55, 0, 0),
(503, 2, 64, 51, 0, 0),
(504, 5, 89, 53, 0, 0),
(505, 2, 61, 49, 0, 0),
(506, 3, 85, 55, 0, 0),
(507, 5, 80, 51, 0, 0),
(508, 4, 90, 50, 0, 0),
(509, 3, 79, 48, 0, 0),
(510, 5, 100, 48, 0, 0),
(511, 4, 79, 55, 0, 0),
(512, 3, 98, 51, 0, 0),
(513, 4, 81, 55, 0, 0),
(514, 4, 79, 53, 0, 0),
(515, 3, 74, 56, 0, 0),
(516, 3, 59, 47, 0, 0),
(517, 4, 88, 56, 0, 0),
(518, 4, 62, 47, 0, 0),
(519, 4, 97, 56, 0, 0),
(520, 2, 95, 56, 0, 0),
(521, 4, 93, 50, 0, 0),
(522, 5, 87, 51, 0, 0),
(523, 2, 93, 54, 0, 0),
(524, 4, 83, 54, 0, 0),
(525, 3, 78, 49, 0, 0),
(526, 2, 81, 53, 0, 0),
(527, 2, 78, 48, 0, 0),
(528, 4, 93, 52, 0, 0),
(529, 3, 94, 47, 0, 0),
(530, 4, 86, 55, 0, 0),
(531, 3, 63, 52, 0, 0),
(532, 4, 95, 52, 0, 0),
(533, 5, 76, 51, 0, 0),
(534, 4, 84, 54, 0, 0),
(535, 3, 84, 50, 0, 0),
(536, 3, 90, 49, 0, 0),
(537, 2, 77, 53, 0, 0),
(538, 4, 96, 47, 0, 0),
(539, 4, 81, 55, 0, 0),
(540, 5, 63, 56, 0, 0),
(541, 5, 89, 47, 0, 0),
(542, 4, 69, 47, 0, 0),
(543, 4, 62, 51, 0, 0),
(544, 4, 62, 55, 0, 0),
(545, 5, 70, 52, 0, 0),
(546, 2, 81, 55, 0, 0),
(547, 3, 66, 52, 0, 0),
(548, 2, 86, 48, 0, 0),
(549, 5, 81, 49, 0, 0),
(550, 2, 87, 52, 0, 0),
(551, 3, 69, 55, 0, 0),
(552, 5, 93, 47, 0, 0),
(553, 5, 89, 48, 0, 0),
(554, 3, 86, 48, 0, 0),
(555, 5, 66, 52, 0, 0),
(556, 2, 92, 54, 0, 0),
(557, 3, 84, 52, 0, 0),
(558, 3, 98, 49, 0, 0),
(559, 5, 97, 50, 0, 0),
(560, 4, 68, 55, 0, 0),
(561, 5, 65, 52, 0, 0),
(562, 5, 98, 54, 0, 0),
(563, 5, 71, 54, 0, 0),
(564, 3, 93, 48, 0, 0),
(565, 3, 92, 49, 0, 0),
(566, 2, 80, 51, 0, 0),
(567, 2, 90, 48, 0, 0),
(568, 4, 63, 56, 0, 0),
(569, 5, 91, 54, 0, 0),
(570, 3, 68, 56, 0, 0),
(571, 4, 100, 54, 0, 0),
(572, 2, 84, 53, 0, 0),
(573, 3, 84, 51, 0, 0),
(574, 2, 75, 52, 0, 0),
(575, 4, 100, 47, 0, 0),
(576, 5, 91, 50, 0, 0),
(577, 4, 59, 52, 0, 0),
(578, 2, 76, 53, 0, 0),
(579, 2, 67, 55, 0, 0),
(580, 5, 94, 47, 0, 0),
(581, 2, 61, 54, 0, 0),
(582, 3, 70, 52, 0, 0),
(583, 3, 64, 54, 0, 0),
(584, 2, 65, 51, 0, 0),
(585, 3, 72, 50, 0, 0),
(586, 5, 100, 55, 0, 0),
(587, 2, 99, 48, 0, 0),
(588, 2, 74, 53, 0, 0),
(589, 5, 78, 55, 0, 0),
(590, 5, 97, 47, 0, 0),
(591, 4, 76, 49, 0, 0),
(592, 4, 99, 54, 0, 0),
(593, 2, 66, 49, 0, 0),
(594, 4, 65, 53, 0, 0),
(595, 2, 68, 54, 0, 0),
(596, 5, 68, 51, 0, 0),
(597, 5, 61, 51, 0, 0),
(598, 2, 93, 55, 0, 0),
(599, 3, 92, 50, 0, 0),
(600, 2, 81, 55, 0, 0),
(601, 3, 77, 56, 0, 0),
(602, 3, 77, 56, 0, 0),
(603, 4, 87, 52, 0, 0),
(604, 3, 94, 53, 0, 0),
(605, 5, 65, 48, 0, 0),
(606, 4, 82, 48, 0, 0),
(607, 4, 86, 54, 0, 0),
(608, 4, 68, 53, 0, 0),
(609, 4, 88, 49, 0, 0),
(610, 2, 66, 55, 0, 0),
(611, 4, 67, 49, 0, 0),
(612, 2, 72, 47, 0, 0),
(613, 5, 74, 52, 0, 0),
(614, 5, 71, 48, 0, 0),
(615, 4, 73, 47, 0, 0),
(616, 2, 71, 47, 0, 0),
(617, 2, 65, 51, 0, 0),
(618, 2, 67, 51, 0, 0),
(619, 2, 96, 55, 0, 0),
(620, 4, 61, 48, 0, 0),
(621, 2, 76, 52, 0, 0),
(622, 5, 85, 48, 0, 0),
(623, 2, 67, 55, 0, 0),
(624, 5, 89, 56, 0, 0),
(625, 2, 98, 53, 0, 0),
(626, 3, 67, 54, 0, 0),
(627, 4, 76, 49, 0, 0),
(628, 2, 87, 51, 0, 0),
(629, 3, 86, 47, 0, 0),
(630, 5, 77, 54, 0, 0),
(631, 3, 73, 49, 0, 0),
(632, 3, 73, 54, 0, 0),
(633, 3, 99, 47, 0, 0),
(634, 3, 98, 55, 0, 0),
(635, 3, 70, 51, 0, 0),
(636, 5, 85, 54, 0, 0),
(637, 3, 99, 55, 0, 0),
(638, 4, 70, 51, 0, 0),
(639, 3, 70, 51, 0, 0),
(640, 3, 72, 47, 0, 0),
(641, 5, 60, 53, 0, 0),
(642, 4, 81, 56, 0, 0),
(643, 2, 82, 56, 0, 0),
(644, 3, 64, 49, 0, 0),
(645, 5, 93, 54, 0, 0),
(646, 4, 64, 56, 0, 0),
(647, 2, 64, 49, 0, 0),
(648, 2, 75, 48, 0, 0),
(649, 4, 69, 54, 0, 0),
(650, 5, 99, 56, 0, 0),
(651, 2, 73, 52, 0, 0),
(652, 2, 86, 48, 0, 0),
(653, 3, 97, 53, 0, 0),
(654, 3, 100, 51, 0, 0),
(655, 3, 100, 48, 0, 0),
(656, 2, 72, 56, 0, 0),
(657, 5, 90, 50, 0, 0),
(658, 3, 85, 54, 0, 0),
(659, 4, 93, 51, 0, 0),
(660, 4, 97, 49, 0, 0),
(661, 4, 83, 53, 0, 0),
(662, 2, 72, 52, 0, 0),
(663, 5, 81, 48, 0, 0),
(664, 2, 86, 50, 0, 0),
(665, 5, 88, 52, 0, 0),
(666, 4, 60, 51, 0, 0),
(667, 2, 88, 53, 0, 0),
(668, 5, 83, 47, 0, 0),
(669, 3, 90, 50, 0, 0),
(670, 2, 70, 56, 0, 0),
(671, 3, 61, 51, 0, 0),
(672, 2, 65, 51, 0, 0),
(673, 2, 86, 56, 0, 0),
(674, 2, 64, 53, 0, 0),
(675, 5, 70, 49, 0, 0),
(676, 5, 60, 51, 0, 0),
(677, 3, 60, 47, 0, 0),
(678, 3, 94, 47, 0, 0),
(679, 4, 1, 47, 1510281803, 1510281803),
(680, 3, 121, 105, 0, 0),
(681, 5, 91, 82, 0, 0),
(682, 5, 150, 82, 0, 0),
(683, 5, 101, 60, 0, 0),
(684, 2, 82, 103, 0, 0),
(685, 4, 94, 80, 0, 0),
(686, 5, 90, 82, 0, 0),
(687, 3, 141, 59, 0, 0),
(688, 3, 137, 63, 0, 0),
(689, 5, 144, 83, 0, 0),
(690, 4, 107, 58, 0, 0),
(691, 3, 144, 79, 0, 0),
(692, 4, 117, 73, 0, 0),
(693, 5, 111, 108, 0, 0),
(694, 3, 147, 63, 0, 0),
(695, 2, 82, 79, 0, 0),
(696, 5, 148, 105, 0, 0),
(697, 2, 126, 103, 0, 0),
(698, 2, 86, 84, 0, 0),
(699, 2, 131, 83, 0, 0),
(700, 3, 122, 109, 0, 0),
(701, 4, 149, 63, 0, 0),
(702, 2, 148, 83, 0, 0),
(703, 3, 117, 89, 0, 0),
(704, 3, 125, 111, 0, 0),
(705, 5, 121, 79, 0, 0),
(706, 5, 104, 106, 0, 0),
(707, 2, 100, 89, 0, 0),
(708, 2, 118, 79, 0, 0),
(709, 4, 126, 63, 0, 0),
(710, 5, 125, 103, 0, 0),
(711, 5, 111, 106, 0, 0),
(712, 3, 140, 103, 0, 0),
(713, 4, 119, 60, 0, 0),
(714, 3, 147, 63, 0, 0),
(715, 2, 109, 111, 0, 0),
(716, 2, 126, 63, 0, 0),
(717, 2, 141, 103, 0, 0),
(718, 4, 102, 60, 0, 0),
(719, 4, 119, 80, 0, 0),
(720, 4, 133, 109, 0, 0),
(721, 3, 102, 103, 0, 0),
(722, 5, 90, 58, 0, 0),
(723, 2, 81, 105, 0, 0),
(724, 5, 89, 89, 0, 0),
(725, 4, 81, 79, 0, 0),
(726, 3, 89, 106, 0, 0),
(727, 4, 82, 103, 0, 0),
(728, 2, 133, 108, 0, 0),
(729, 3, 89, 59, 0, 0),
(730, 4, 106, 105, 0, 0),
(731, 3, 89, 105, 0, 0),
(732, 5, 138, 73, 0, 0),
(733, 2, 127, 108, 0, 0),
(734, 4, 113, 89, 0, 0),
(735, 5, 143, 63, 0, 0),
(736, 4, 144, 63, 0, 0),
(737, 4, 131, 89, 0, 0),
(738, 2, 119, 105, 0, 0),
(739, 5, 146, 82, 0, 0),
(740, 2, 94, 111, 0, 0),
(741, 2, 111, 106, 0, 0),
(742, 4, 112, 103, 0, 0),
(743, 4, 136, 58, 0, 0),
(744, 5, 81, 109, 0, 0),
(745, 4, 98, 64, 0, 0),
(746, 3, 144, 106, 0, 0),
(747, 3, 119, 111, 0, 0),
(748, 3, 115, 64, 0, 0),
(749, 5, 85, 64, 0, 0),
(750, 4, 104, 63, 0, 0),
(751, 3, 110, 58, 0, 0),
(752, 5, 115, 105, 0, 0),
(753, 4, 106, 79, 0, 0),
(754, 3, 117, 58, 0, 0),
(755, 5, 126, 59, 0, 0),
(756, 4, 117, 58, 0, 0),
(757, 2, 141, 106, 0, 0),
(758, 5, 137, 82, 0, 0),
(759, 3, 81, 105, 0, 0),
(760, 3, 111, 64, 0, 0),
(761, 3, 115, 59, 0, 0),
(762, 2, 134, 58, 0, 0),
(763, 4, 95, 82, 0, 0),
(764, 4, 130, 103, 0, 0),
(765, 2, 103, 108, 0, 0),
(766, 4, 80, 80, 0, 0),
(767, 4, 111, 84, 0, 0),
(768, 3, 136, 59, 0, 0),
(769, 3, 83, 84, 0, 0),
(770, 2, 148, 59, 0, 0),
(771, 2, 101, 108, 0, 0),
(772, 4, 93, 58, 0, 0),
(773, 3, 107, 108, 0, 0),
(774, 5, 86, 59, 0, 0),
(775, 3, 142, 60, 0, 0),
(776, 4, 121, 79, 0, 0),
(777, 5, 100, 106, 0, 0),
(778, 5, 114, 64, 0, 0),
(779, 3, 118, 103, 0, 0),
(780, 3, 146, 58, 0, 0),
(781, 4, 112, 83, 0, 0),
(782, 4, 146, 59, 0, 0),
(783, 4, 98, 108, 0, 0),
(784, 3, 92, 63, 0, 0),
(785, 3, 82, 105, 0, 0),
(786, 5, 132, 105, 0, 0),
(787, 5, 130, 82, 0, 0),
(788, 3, 107, 83, 0, 0),
(789, 5, 121, 64, 0, 0),
(790, 3, 134, 108, 0, 0),
(791, 5, 119, 79, 0, 0),
(792, 4, 109, 84, 0, 0),
(793, 4, 114, 60, 0, 0),
(794, 4, 128, 63, 0, 0),
(795, 5, 107, 79, 0, 0),
(796, 5, 100, 58, 0, 0),
(797, 4, 148, 103, 0, 0),
(798, 2, 85, 79, 0, 0),
(799, 2, 118, 82, 0, 0),
(800, 3, 108, 59, 0, 0),
(801, 3, 100, 79, 0, 0),
(802, 4, 126, 79, 0, 0),
(803, 2, 126, 103, 0, 0),
(804, 3, 92, 109, 0, 0),
(805, 4, 93, 103, 0, 0),
(806, 2, 144, 108, 0, 0),
(807, 5, 113, 79, 0, 0),
(808, 2, 90, 58, 0, 0),
(809, 3, 108, 82, 0, 0),
(810, 2, 89, 103, 0, 0),
(811, 3, 91, 111, 0, 0),
(812, 5, 118, 83, 0, 0),
(813, 5, 137, 109, 0, 0),
(814, 2, 139, 105, 0, 0),
(815, 4, 121, 105, 0, 0),
(816, 3, 150, 106, 0, 0),
(817, 3, 102, 58, 0, 0),
(818, 4, 84, 106, 0, 0),
(819, 2, 138, 59, 0, 0),
(820, 5, 107, 111, 0, 0),
(821, 4, 82, 64, 0, 0),
(822, 5, 123, 105, 0, 0),
(823, 2, 102, 59, 0, 0),
(824, 5, 91, 111, 0, 0),
(825, 5, 84, 73, 0, 0),
(826, 3, 124, 106, 0, 0),
(827, 4, 150, 60, 0, 0),
(828, 2, 138, 79, 0, 0),
(829, 4, 124, 63, 0, 0),
(830, 5, 100, 79, 0, 0),
(831, 4, 125, 64, 0, 0),
(832, 3, 109, 111, 0, 0),
(833, 3, 118, 106, 0, 0),
(834, 4, 100, 103, 0, 0),
(835, 3, 88, 80, 0, 0),
(836, 4, 149, 84, 0, 0),
(837, 5, 85, 79, 0, 0),
(838, 4, 92, 60, 0, 0),
(839, 3, 112, 103, 0, 0),
(840, 5, 116, 73, 0, 0),
(841, 2, 116, 82, 0, 0),
(842, 5, 84, 108, 0, 0),
(843, 5, 144, 82, 0, 0),
(844, 5, 105, 82, 0, 0),
(845, 2, 80, 105, 0, 0),
(846, 5, 121, 59, 0, 0),
(847, 4, 115, 80, 0, 0),
(848, 2, 141, 58, 0, 0),
(849, 4, 98, 106, 0, 0),
(850, 5, 90, 80, 0, 0),
(851, 4, 119, 108, 0, 0),
(852, 5, 145, 103, 0, 0),
(853, 2, 83, 108, 0, 0),
(854, 4, 111, 73, 0, 0),
(855, 3, 99, 109, 0, 0),
(856, 3, 144, 64, 0, 0),
(857, 2, 81, 63, 0, 0),
(858, 5, 110, 109, 0, 0),
(859, 4, 124, 73, 0, 0),
(860, 4, 122, 59, 0, 0),
(861, 2, 135, 63, 0, 0),
(862, 3, 138, 89, 0, 0),
(863, 5, 117, 59, 0, 0),
(864, 4, 150, 109, 0, 0),
(865, 5, 107, 59, 0, 0),
(866, 2, 147, 63, 0, 0),
(867, 3, 121, 60, 0, 0),
(868, 3, 120, 89, 0, 0),
(869, 2, 84, 60, 0, 0),
(870, 5, 110, 73, 0, 0),
(871, 4, 138, 106, 0, 0),
(872, 5, 120, 63, 0, 0),
(873, 2, 145, 59, 0, 0),
(874, 2, 103, 109, 0, 0),
(875, 4, 148, 60, 0, 0),
(876, 5, 130, 63, 0, 0),
(877, 4, 91, 82, 0, 0),
(878, 2, 119, 73, 0, 0),
(879, 4, 139, 80, 0, 0),
(880, 5, 82, 106, 0, 0),
(881, 3, 119, 103, 0, 0),
(882, 4, 108, 83, 0, 0),
(883, 4, 101, 60, 0, 0),
(884, 5, 96, 108, 0, 0),
(885, 4, 122, 109, 0, 0),
(886, 5, 87, 108, 0, 0),
(887, 4, 104, 64, 0, 0),
(888, 5, 108, 64, 0, 0),
(889, 4, 132, 84, 0, 0),
(890, 2, 87, 80, 0, 0),
(891, 2, 88, 103, 0, 0),
(892, 4, 86, 108, 0, 0),
(893, 3, 83, 63, 0, 0),
(894, 4, 104, 103, 0, 0),
(895, 5, 134, 64, 0, 0),
(896, 2, 124, 82, 0, 0),
(897, 4, 81, 59, 0, 0),
(898, 4, 142, 109, 0, 0),
(899, 3, 115, 82, 0, 0),
(900, 4, 97, 106, 0, 0),
(901, 4, 82, 109, 0, 0),
(902, 5, 119, 58, 0, 0),
(903, 2, 148, 59, 0, 0),
(904, 2, 88, 83, 0, 0),
(905, 5, 137, 60, 0, 0),
(906, 3, 106, 83, 0, 0),
(907, 2, 143, 58, 0, 0),
(908, 2, 91, 63, 0, 0),
(909, 5, 129, 82, 0, 0),
(910, 3, 127, 58, 0, 0),
(911, 2, 93, 59, 0, 0),
(912, 5, 108, 58, 0, 0),
(913, 2, 131, 60, 0, 0),
(914, 3, 106, 73, 0, 0),
(915, 4, 92, 60, 0, 0),
(916, 4, 120, 84, 0, 0),
(917, 3, 121, 84, 0, 0),
(918, 3, 92, 108, 0, 0),
(919, 4, 117, 58, 0, 0),
(920, 4, 93, 89, 0, 0),
(921, 2, 93, 83, 0, 0),
(922, 4, 114, 84, 0, 0),
(923, 3, 106, 79, 0, 0),
(924, 4, 111, 82, 0, 0),
(925, 2, 140, 73, 0, 0),
(926, 5, 97, 60, 0, 0),
(927, 3, 138, 73, 0, 0),
(928, 4, 96, 84, 0, 0),
(929, 2, 144, 109, 0, 0),
(930, 2, 95, 80, 0, 0),
(931, 5, 99, 64, 0, 0),
(932, 4, 139, 83, 0, 0),
(933, 4, 93, 111, 0, 0),
(934, 4, 105, 103, 0, 0),
(935, 3, 109, 64, 0, 0),
(936, 5, 115, 105, 0, 0),
(937, 3, 93, 83, 0, 0),
(938, 3, 132, 89, 0, 0),
(939, 4, 103, 63, 0, 0),
(940, 5, 98, 63, 0, 0),
(941, 2, 134, 58, 0, 0),
(942, 4, 92, 108, 0, 0),
(943, 5, 106, 84, 0, 0),
(944, 2, 128, 103, 0, 0),
(945, 5, 123, 60, 0, 0),
(946, 3, 113, 106, 0, 0),
(947, 2, 127, 58, 0, 0),
(948, 3, 123, 89, 0, 0),
(949, 2, 104, 60, 0, 0),
(950, 2, 128, 105, 0, 0),
(951, 5, 145, 73, 0, 0),
(952, 4, 146, 80, 0, 0),
(953, 2, 117, 82, 0, 0),
(954, 2, 87, 109, 0, 0),
(955, 3, 124, 111, 0, 0),
(956, 5, 120, 108, 0, 0),
(957, 4, 115, 105, 0, 0),
(958, 3, 101, 103, 0, 0),
(959, 4, 123, 89, 0, 0),
(960, 4, 148, 89, 0, 0),
(961, 3, 116, 80, 0, 0),
(962, 4, 113, 106, 0, 0),
(963, 5, 83, 80, 0, 0),
(964, 2, 86, 83, 0, 0),
(965, 5, 143, 73, 0, 0),
(966, 5, 96, 80, 0, 0),
(967, 4, 114, 84, 0, 0),
(968, 4, 103, 60, 0, 0),
(969, 2, 127, 58, 0, 0),
(970, 3, 114, 83, 0, 0),
(971, 3, 125, 83, 0, 0),
(972, 4, 133, 105, 0, 0),
(973, 3, 120, 84, 0, 0),
(974, 3, 134, 64, 0, 0),
(975, 5, 96, 83, 0, 0),
(976, 4, 127, 109, 0, 0),
(977, 2, 87, 105, 0, 0),
(978, 5, 86, 59, 0, 0),
(979, 3, 89, 73, 0, 0),
(980, 3, 135, 58, 0, 0),
(981, 3, 84, 109, 0, 0),
(982, 2, 96, 106, 0, 0),
(983, 4, 84, 80, 0, 0),
(984, 3, 103, 103, 0, 0),
(985, 5, 92, 59, 0, 0),
(986, 4, 93, 111, 0, 0),
(987, 2, 105, 73, 0, 0),
(988, 3, 107, 79, 0, 0),
(989, 3, 108, 105, 0, 0),
(990, 3, 128, 79, 0, 0),
(991, 5, 118, 80, 0, 0),
(992, 4, 113, 83, 0, 0),
(993, 5, 97, 60, 0, 0),
(994, 4, 137, 108, 0, 0),
(995, 5, 88, 79, 0, 0),
(996, 5, 89, 60, 0, 0),
(997, 5, 83, 80, 0, 0),
(998, 2, 123, 60, 0, 0),
(999, 3, 122, 111, 0, 0),
(1000, 2, 103, 73, 0, 0),
(1001, 4, 107, 108, 0, 0),
(1002, 5, 144, 103, 0, 0),
(1003, 3, 123, 108, 0, 0),
(1004, 4, 83, 73, 0, 0),
(1005, 4, 93, 80, 0, 0),
(1006, 4, 94, 63, 0, 0),
(1007, 4, 113, 60, 0, 0),
(1008, 5, 80, 73, 0, 0),
(1009, 4, 134, 103, 0, 0),
(1010, 4, 115, 84, 0, 0),
(1011, 5, 133, 83, 0, 0),
(1012, 2, 130, 83, 0, 0),
(1013, 4, 115, 79, 0, 0),
(1014, 3, 105, 79, 0, 0),
(1015, 5, 100, 82, 0, 0),
(1016, 5, 122, 89, 0, 0),
(1017, 5, 132, 106, 0, 0),
(1018, 4, 143, 106, 0, 0),
(1019, 2, 116, 79, 0, 0),
(1020, 4, 126, 105, 0, 0),
(1021, 2, 127, 80, 0, 0),
(1022, 3, 132, 89, 0, 0),
(1023, 4, 133, 73, 0, 0),
(1024, 5, 82, 108, 0, 0),
(1025, 3, 121, 84, 0, 0),
(1026, 2, 126, 63, 0, 0),
(1027, 2, 149, 59, 0, 0),
(1028, 5, 141, 58, 0, 0),
(1029, 4, 123, 108, 0, 0),
(1030, 4, 132, 79, 0, 0),
(1031, 4, 105, 63, 0, 0),
(1032, 4, 84, 83, 0, 0),
(1033, 4, 111, 108, 0, 0),
(1034, 2, 107, 106, 0, 0),
(1035, 5, 138, 109, 0, 0),
(1036, 5, 95, 109, 0, 0),
(1037, 2, 102, 58, 0, 0),
(1038, 2, 122, 108, 0, 0),
(1039, 4, 82, 73, 0, 0),
(1040, 4, 113, 106, 0, 0),
(1041, 5, 128, 73, 0, 0),
(1042, 2, 106, 106, 0, 0),
(1043, 2, 115, 84, 0, 0),
(1044, 2, 95, 108, 0, 0),
(1045, 3, 110, 82, 0, 0),
(1046, 4, 123, 106, 0, 0),
(1047, 3, 90, 83, 0, 0),
(1048, 2, 139, 108, 0, 0),
(1049, 5, 131, 109, 0, 0),
(1050, 5, 84, 89, 0, 0),
(1051, 3, 91, 106, 0, 0),
(1052, 2, 144, 89, 0, 0),
(1053, 5, 116, 109, 0, 0),
(1054, 4, 80, 60, 0, 0),
(1055, 3, 92, 84, 0, 0),
(1056, 5, 114, 89, 0, 0),
(1057, 2, 138, 79, 0, 0),
(1058, 3, 143, 89, 0, 0),
(1059, 3, 82, 58, 0, 0),
(1060, 3, 110, 111, 0, 0),
(1061, 3, 118, 73, 0, 0),
(1062, 4, 91, 84, 0, 0),
(1063, 4, 125, 89, 0, 0),
(1064, 5, 90, 63, 0, 0),
(1065, 3, 104, 63, 0, 0),
(1066, 4, 133, 73, 0, 0),
(1067, 2, 89, 60, 0, 0),
(1068, 4, 144, 73, 0, 0),
(1069, 5, 107, 103, 0, 0),
(1070, 5, 137, 82, 0, 0),
(1071, 2, 110, 83, 0, 0),
(1072, 2, 129, 64, 0, 0),
(1073, 5, 97, 79, 0, 0),
(1074, 4, 101, 106, 0, 0),
(1075, 5, 107, 82, 0, 0),
(1076, 3, 86, 60, 0, 0),
(1077, 5, 136, 80, 0, 0),
(1078, 5, 98, 83, 0, 0),
(1079, 3, 97, 106, 0, 0),
(1080, 4, 102, 105, 0, 0),
(1081, 2, 150, 63, 0, 0),
(1082, 5, 134, 79, 0, 0),
(1083, 3, 88, 80, 0, 0),
(1084, 4, 80, 64, 0, 0),
(1085, 3, 88, 63, 0, 0),
(1086, 4, 101, 59, 0, 0),
(1087, 2, 95, 59, 0, 0),
(1088, 4, 149, 60, 0, 0),
(1089, 5, 134, 73, 0, 0),
(1090, 2, 118, 89, 0, 0),
(1091, 2, 134, 83, 0, 0),
(1092, 3, 123, 84, 0, 0),
(1093, 5, 82, 60, 0, 0),
(1094, 3, 110, 63, 0, 0),
(1095, 3, 92, 108, 0, 0),
(1096, 5, 109, 109, 0, 0),
(1097, 2, 85, 108, 0, 0),
(1098, 4, 139, 64, 0, 0),
(1099, 3, 116, 59, 0, 0),
(1100, 2, 88, 64, 0, 0),
(1101, 5, 93, 83, 0, 0),
(1102, 4, 143, 84, 0, 0),
(1103, 3, 137, 64, 0, 0),
(1104, 3, 146, 63, 0, 0),
(1105, 3, 114, 106, 0, 0),
(1106, 2, 135, 89, 0, 0),
(1107, 3, 128, 64, 0, 0),
(1108, 5, 115, 59, 0, 0),
(1109, 2, 107, 79, 0, 0),
(1110, 5, 105, 59, 0, 0),
(1111, 4, 116, 79, 0, 0),
(1112, 3, 87, 83, 0, 0),
(1113, 5, 99, 106, 0, 0),
(1114, 5, 101, 63, 0, 0),
(1115, 2, 125, 82, 0, 0),
(1116, 5, 104, 59, 0, 0),
(1117, 2, 142, 60, 0, 0),
(1118, 5, 150, 58, 0, 0),
(1119, 4, 85, 105, 0, 0),
(1120, 4, 142, 84, 0, 0),
(1121, 2, 88, 82, 0, 0),
(1122, 5, 127, 59, 0, 0),
(1123, 3, 85, 63, 0, 0),
(1124, 2, 108, 80, 0, 0),
(1125, 4, 143, 63, 0, 0),
(1126, 4, 117, 106, 0, 0),
(1127, 4, 96, 64, 0, 0),
(1128, 5, 110, 80, 0, 0),
(1129, 2, 116, 108, 0, 0),
(1130, 3, 150, 111, 0, 0),
(1131, 5, 93, 109, 0, 0),
(1132, 3, 80, 82, 0, 0),
(1133, 4, 84, 103, 0, 0),
(1134, 5, 103, 109, 0, 0),
(1135, 5, 99, 58, 0, 0),
(1136, 5, 112, 108, 0, 0),
(1137, 4, 119, 73, 0, 0),
(1138, 4, 83, 63, 0, 0),
(1139, 5, 109, 60, 0, 0),
(1140, 5, 84, 63, 0, 0),
(1141, 4, 116, 109, 0, 0),
(1142, 3, 147, 73, 0, 0),
(1143, 3, 86, 84, 0, 0),
(1144, 2, 87, 103, 0, 0),
(1145, 3, 144, 60, 0, 0),
(1146, 4, 138, 59, 0, 0),
(1147, 2, 89, 111, 0, 0),
(1148, 4, 88, 103, 0, 0),
(1149, 4, 107, 83, 0, 0),
(1150, 3, 95, 60, 0, 0),
(1151, 2, 121, 84, 0, 0),
(1152, 5, 135, 111, 0, 0),
(1153, 2, 108, 59, 0, 0),
(1154, 5, 93, 59, 0, 0),
(1155, 5, 92, 83, 0, 0),
(1156, 2, 108, 83, 0, 0),
(1157, 5, 112, 111, 0, 0),
(1158, 5, 93, 60, 0, 0),
(1159, 2, 97, 80, 0, 0),
(1160, 5, 118, 108, 0, 0),
(1161, 3, 150, 111, 0, 0),
(1162, 5, 150, 84, 0, 0),
(1163, 3, 127, 59, 0, 0),
(1164, 4, 90, 106, 0, 0),
(1165, 5, 88, 82, 0, 0),
(1166, 3, 86, 79, 0, 0),
(1167, 5, 96, 79, 0, 0),
(1168, 2, 109, 60, 0, 0),
(1169, 3, 116, 80, 0, 0),
(1170, 3, 115, 63, 0, 0),
(1171, 2, 120, 83, 0, 0),
(1172, 3, 115, 60, 0, 0),
(1173, 4, 149, 89, 0, 0),
(1174, 2, 119, 89, 0, 0),
(1175, 4, 138, 80, 0, 0),
(1176, 4, 128, 108, 0, 0),
(1177, 3, 147, 111, 0, 0),
(1178, 2, 113, 63, 0, 0),
(1179, 3, 126, 63, 0, 0),
(1180, 2, 125, 108, 0, 0),
(1181, 3, 125, 82, 0, 0),
(1182, 2, 115, 60, 0, 0),
(1183, 5, 84, 106, 0, 0),
(1184, 2, 114, 64, 0, 0),
(1185, 4, 103, 89, 0, 0),
(1186, 3, 111, 58, 0, 0),
(1187, 5, 145, 82, 0, 0),
(1188, 4, 135, 64, 0, 0),
(1189, 5, 143, 60, 0, 0),
(1190, 4, 96, 59, 0, 0),
(1191, 3, 150, 82, 0, 0),
(1192, 3, 93, 73, 0, 0),
(1193, 5, 87, 105, 0, 0),
(1194, 3, 92, 83, 0, 0),
(1195, 5, 100, 105, 0, 0),
(1196, 5, 142, 60, 0, 0),
(1197, 3, 120, 73, 0, 0),
(1198, 4, 88, 80, 0, 0),
(1199, 2, 101, 84, 0, 0),
(1200, 2, 140, 64, 0, 0),
(1201, 4, 128, 59, 0, 0),
(1202, 4, 95, 73, 0, 0),
(1203, 2, 142, 89, 0, 0),
(1204, 5, 128, 60, 0, 0),
(1205, 3, 133, 105, 0, 0),
(1206, 2, 131, 59, 0, 0),
(1207, 3, 80, 105, 0, 0),
(1208, 5, 106, 89, 0, 0),
(1209, 3, 130, 80, 0, 0),
(1210, 5, 144, 83, 0, 0),
(1211, 3, 122, 58, 0, 0),
(1212, 4, 145, 59, 0, 0),
(1213, 5, 109, 59, 0, 0),
(1214, 3, 146, 82, 0, 0),
(1215, 4, 132, 73, 0, 0),
(1216, 4, 149, 59, 0, 0),
(1217, 4, 84, 80, 0, 0),
(1218, 2, 120, 80, 0, 0),
(1219, 5, 138, 58, 0, 0),
(1220, 4, 106, 109, 0, 0),
(1221, 2, 121, 83, 0, 0),
(1222, 3, 100, 111, 0, 0),
(1223, 4, 85, 58, 0, 0),
(1224, 5, 132, 73, 0, 0),
(1225, 5, 123, 63, 0, 0),
(1226, 4, 109, 105, 0, 0),
(1227, 3, 132, 106, 0, 0),
(1228, 3, 124, 89, 0, 0),
(1229, 3, 116, 64, 0, 0),
(1230, 3, 138, 80, 0, 0),
(1231, 3, 133, 60, 0, 0),
(1232, 2, 126, 89, 0, 0),
(1233, 2, 140, 105, 0, 0),
(1234, 5, 116, 111, 0, 0),
(1235, 2, 100, 103, 0, 0),
(1236, 2, 148, 105, 0, 0),
(1237, 4, 96, 80, 0, 0),
(1238, 3, 119, 106, 0, 0),
(1239, 2, 126, 79, 0, 0),
(1240, 4, 134, 89, 0, 0),
(1241, 3, 130, 64, 0, 0),
(1242, 5, 81, 63, 0, 0),
(1243, 2, 140, 105, 0, 0),
(1244, 3, 128, 58, 0, 0),
(1245, 2, 116, 60, 0, 0),
(1246, 4, 126, 111, 0, 0),
(1247, 4, 115, 103, 0, 0),
(1248, 5, 108, 84, 0, 0),
(1249, 3, 82, 58, 0, 0),
(1250, 4, 129, 79, 0, 0),
(1251, 5, 88, 83, 0, 0),
(1252, 4, 123, 82, 0, 0),
(1253, 5, 101, 63, 0, 0),
(1254, 5, 97, 82, 0, 0),
(1255, 3, 90, 84, 0, 0),
(1256, 4, 139, 64, 0, 0),
(1257, 4, 122, 59, 0, 0),
(1258, 3, 128, 82, 0, 0),
(1259, 2, 100, 82, 0, 0),
(1260, 2, 110, 103, 0, 0),
(1261, 2, 109, 82, 0, 0),
(1262, 3, 133, 59, 0, 0),
(1263, 5, 145, 63, 0, 0),
(1264, 2, 139, 103, 0, 0),
(1265, 2, 101, 106, 0, 0),
(1266, 4, 126, 59, 0, 0),
(1267, 4, 91, 105, 0, 0),
(1268, 5, 145, 111, 0, 0),
(1269, 5, 93, 84, 0, 0),
(1270, 3, 149, 79, 0, 0),
(1271, 4, 145, 108, 0, 0),
(1272, 2, 138, 84, 0, 0),
(1273, 2, 147, 64, 0, 0),
(1274, 2, 142, 64, 0, 0),
(1275, 4, 129, 73, 0, 0),
(1276, 4, 149, 106, 0, 0),
(1277, 2, 106, 84, 0, 0),
(1278, 2, 139, 63, 0, 0),
(1279, 4, 148, 109, 0, 0),
(1280, 4, 111, 109, 0, 0),
(1281, 2, 111, 59, 0, 0),
(1282, 5, 129, 73, 0, 0),
(1283, 5, 114, 59, 0, 0),
(1284, 5, 143, 83, 0, 0),
(1285, 5, 134, 108, 0, 0),
(1286, 4, 142, 84, 0, 0),
(1287, 4, 119, 84, 0, 0),
(1288, 4, 96, 84, 0, 0),
(1289, 3, 135, 59, 0, 0),
(1290, 2, 93, 58, 0, 0),
(1291, 2, 95, 73, 0, 0),
(1292, 4, 146, 106, 0, 0),
(1293, 3, 113, 108, 0, 0),
(1294, 5, 103, 108, 0, 0),
(1295, 3, 115, 59, 0, 0),
(1296, 3, 126, 106, 0, 0),
(1297, 3, 125, 106, 0, 0),
(1298, 5, 145, 58, 0, 0),
(1299, 3, 85, 60, 0, 0),
(1300, 4, 136, 60, 0, 0),
(1301, 3, 135, 64, 0, 0),
(1302, 3, 108, 106, 0, 0),
(1303, 2, 143, 83, 0, 0),
(1304, 2, 92, 63, 0, 0),
(1305, 5, 97, 59, 0, 0),
(1306, 2, 93, 73, 0, 0),
(1307, 3, 143, 105, 0, 0),
(1308, 4, 94, 84, 0, 0),
(1309, 3, 107, 109, 0, 0),
(1310, 5, 134, 83, 0, 0),
(1311, 2, 118, 73, 0, 0),
(1312, 3, 82, 73, 0, 0),
(1313, 5, 149, 108, 0, 0),
(1314, 2, 119, 59, 0, 0),
(1315, 5, 95, 79, 0, 0),
(1316, 5, 103, 109, 0, 0),
(1317, 2, 129, 109, 0, 0),
(1318, 3, 130, 63, 0, 0),
(1319, 5, 92, 111, 0, 0),
(1320, 3, 107, 108, 0, 0),
(1321, 5, 105, 83, 0, 0),
(1322, 3, 121, 103, 0, 0),
(1323, 4, 103, 111, 0, 0),
(1324, 3, 94, 63, 0, 0),
(1325, 5, 116, 59, 0, 0),
(1326, 5, 102, 109, 0, 0),
(1327, 4, 115, 73, 0, 0),
(1328, 4, 130, 63, 0, 0),
(1329, 5, 80, 80, 0, 0),
(1330, 3, 107, 108, 0, 0),
(1331, 2, 115, 73, 0, 0),
(1332, 3, 130, 59, 0, 0),
(1333, 2, 133, 83, 0, 0),
(1334, 2, 137, 84, 0, 0),
(1335, 3, 137, 106, 0, 0),
(1336, 2, 126, 111, 0, 0),
(1337, 2, 105, 79, 0, 0),
(1338, 3, 99, 58, 0, 0),
(1339, 4, 142, 84, 0, 0),
(1340, 3, 83, 82, 0, 0),
(1341, 5, 101, 109, 0, 0),
(1342, 3, 146, 82, 0, 0),
(1343, 4, 98, 64, 0, 0),
(1344, 4, 95, 83, 0, 0),
(1345, 5, 93, 83, 0, 0),
(1346, 4, 138, 109, 0, 0),
(1347, 2, 93, 84, 0, 0),
(1348, 5, 144, 103, 0, 0),
(1349, 3, 136, 59, 0, 0),
(1350, 4, 111, 106, 0, 0),
(1351, 5, 113, 79, 0, 0),
(1352, 4, 119, 106, 0, 0),
(1353, 5, 97, 58, 0, 0),
(1354, 3, 121, 79, 0, 0),
(1355, 2, 105, 59, 0, 0),
(1356, 5, 119, 103, 0, 0),
(1357, 4, 90, 108, 0, 0),
(1358, 5, 140, 83, 0, 0),
(1359, 3, 104, 59, 0, 0),
(1360, 2, 124, 63, 0, 0),
(1361, 3, 89, 80, 0, 0),
(1362, 2, 81, 60, 0, 0),
(1363, 3, 100, 59, 0, 0),
(1364, 4, 147, 105, 0, 0),
(1365, 5, 96, 63, 0, 0),
(1366, 3, 135, 82, 0, 0),
(1367, 3, 122, 105, 0, 0),
(1368, 3, 102, 89, 0, 0),
(1369, 2, 116, 105, 0, 0),
(1370, 5, 107, 103, 0, 0),
(1371, 5, 118, 58, 0, 0),
(1372, 2, 138, 111, 0, 0),
(1373, 4, 125, 89, 0, 0),
(1374, 5, 113, 83, 0, 0),
(1375, 4, 109, 83, 0, 0),
(1376, 2, 97, 89, 0, 0),
(1377, 2, 93, 73, 0, 0),
(1378, 3, 140, 103, 0, 0),
(1379, 3, 112, 111, 0, 0),
(1380, 3, 104, 111, 0, 0),
(1381, 4, 138, 108, 0, 0),
(1382, 2, 105, 105, 0, 0),
(1383, 2, 139, 84, 0, 0),
(1384, 5, 107, 73, 0, 0),
(1385, 2, 129, 59, 0, 0),
(1386, 3, 87, 111, 0, 0),
(1387, 3, 149, 89, 0, 0),
(1388, 2, 136, 73, 0, 0),
(1389, 5, 109, 106, 0, 0),
(1390, 4, 117, 80, 0, 0),
(1391, 3, 89, 60, 0, 0),
(1392, 4, 85, 103, 0, 0),
(1393, 3, 117, 109, 0, 0),
(1394, 3, 145, 59, 0, 0),
(1395, 2, 149, 89, 0, 0),
(1396, 4, 82, 109, 0, 0),
(1397, 5, 114, 82, 0, 0),
(1398, 4, 96, 84, 0, 0),
(1399, 4, 91, 84, 0, 0),
(1400, 3, 105, 105, 0, 0),
(1401, 4, 118, 109, 0, 0),
(1402, 4, 81, 59, 0, 0),
(1403, 5, 81, 80, 0, 0),
(1404, 4, 144, 79, 0, 0),
(1405, 3, 117, 58, 0, 0),
(1406, 4, 128, 105, 0, 0),
(1407, 4, 95, 73, 0, 0),
(1408, 2, 126, 79, 0, 0),
(1409, 2, 119, 106, 0, 0),
(1410, 4, 129, 82, 0, 0),
(1411, 3, 113, 84, 0, 0),
(1412, 3, 118, 105, 0, 0),
(1413, 2, 139, 79, 0, 0),
(1414, 5, 145, 109, 0, 0),
(1415, 2, 132, 84, 0, 0),
(1416, 5, 91, 79, 0, 0),
(1417, 5, 143, 60, 0, 0),
(1418, 4, 140, 109, 0, 0),
(1419, 5, 149, 63, 0, 0),
(1420, 3, 126, 80, 0, 0),
(1421, 4, 130, 105, 0, 0),
(1422, 3, 84, 60, 0, 0),
(1423, 3, 146, 84, 0, 0),
(1424, 2, 148, 73, 0, 0),
(1425, 3, 92, 84, 0, 0),
(1426, 4, 80, 82, 0, 0),
(1427, 5, 109, 79, 0, 0),
(1428, 4, 99, 64, 0, 0),
(1429, 5, 88, 84, 0, 0),
(1430, 3, 83, 63, 0, 0),
(1431, 3, 91, 79, 0, 0),
(1432, 4, 139, 105, 0, 0),
(1433, 3, 128, 59, 0, 0),
(1434, 3, 86, 60, 0, 0),
(1435, 2, 116, 89, 0, 0),
(1436, 2, 83, 103, 0, 0),
(1437, 3, 97, 58, 0, 0),
(1438, 3, 137, 108, 0, 0),
(1439, 2, 103, 63, 0, 0),
(1440, 5, 140, 111, 0, 0),
(1441, 4, 121, 83, 0, 0),
(1442, 4, 146, 64, 0, 0),
(1443, 3, 134, 84, 0, 0),
(1444, 4, 118, 111, 0, 0),
(1445, 2, 144, 108, 0, 0),
(1446, 2, 91, 59, 0, 0),
(1447, 2, 80, 105, 0, 0),
(1448, 5, 113, 60, 0, 0),
(1449, 4, 117, 82, 0, 0),
(1450, 4, 96, 58, 0, 0),
(1451, 3, 145, 84, 0, 0),
(1452, 4, 120, 83, 0, 0),
(1453, 3, 98, 89, 0, 0),
(1454, 3, 115, 64, 0, 0),
(1455, 5, 87, 80, 0, 0),
(1456, 2, 144, 64, 0, 0),
(1457, 3, 81, 106, 0, 0),
(1458, 2, 131, 60, 0, 0),
(1459, 2, 86, 103, 0, 0),
(1460, 5, 131, 84, 0, 0),
(1461, 5, 111, 106, 0, 0),
(1462, 3, 111, 79, 0, 0),
(1463, 4, 136, 83, 0, 0),
(1464, 5, 123, 105, 0, 0),
(1465, 3, 91, 108, 0, 0),
(1466, 4, 128, 60, 0, 0),
(1467, 5, 116, 63, 0, 0),
(1468, 3, 108, 106, 0, 0),
(1469, 2, 81, 109, 0, 0),
(1470, 3, 135, 79, 0, 0),
(1471, 3, 93, 109, 0, 0),
(1472, 2, 123, 108, 0, 0),
(1473, 3, 148, 89, 0, 0),
(1474, 2, 94, 105, 0, 0),
(1475, 3, 122, 105, 0, 0),
(1476, 5, 142, 73, 0, 0),
(1477, 3, 136, 84, 0, 0),
(1478, 4, 147, 82, 0, 0),
(1479, 4, 84, 80, 0, 0),
(1480, 5, 110, 105, 0, 0),
(1481, 4, 113, 73, 0, 0),
(1482, 3, 94, 82, 0, 0),
(1483, 5, 137, 73, 0, 0),
(1484, 5, 137, 84, 0, 0),
(1485, 2, 120, 63, 0, 0),
(1486, 5, 129, 84, 0, 0),
(1487, 5, 117, 108, 0, 0),
(1488, 4, 121, 105, 0, 0),
(1489, 2, 133, 80, 0, 0),
(1490, 3, 138, 60, 0, 0),
(1491, 3, 106, 60, 0, 0),
(1492, 2, 120, 63, 0, 0),
(1493, 5, 99, 80, 0, 0),
(1494, 5, 132, 63, 0, 0),
(1495, 3, 105, 60, 0, 0),
(1496, 3, 98, 109, 0, 0),
(1497, 5, 136, 103, 0, 0),
(1498, 3, 84, 84, 0, 0),
(1499, 4, 142, 109, 0, 0),
(1500, 4, 142, 59, 0, 0),
(1501, 4, 145, 84, 0, 0),
(1502, 4, 86, 82, 0, 0),
(1503, 2, 108, 105, 0, 0),
(1504, 4, 143, 73, 0, 0),
(1505, 4, 120, 108, 0, 0),
(1506, 3, 81, 89, 0, 0),
(1507, 2, 94, 80, 0, 0),
(1508, 2, 112, 60, 0, 0),
(1509, 2, 110, 103, 0, 0),
(1510, 3, 113, 79, 0, 0),
(1511, 2, 128, 79, 0, 0),
(1512, 4, 133, 109, 0, 0),
(1513, 2, 144, 58, 0, 0),
(1514, 2, 133, 58, 0, 0),
(1515, 2, 116, 80, 0, 0),
(1516, 4, 122, 64, 0, 0),
(1517, 4, 99, 60, 0, 0),
(1518, 4, 89, 64, 0, 0),
(1519, 4, 130, 80, 0, 0),
(1520, 2, 92, 103, 0, 0),
(1521, 2, 111, 64, 0, 0),
(1522, 2, 141, 82, 0, 0),
(1523, 3, 91, 64, 0, 0),
(1524, 5, 86, 111, 0, 0),
(1525, 4, 121, 73, 0, 0),
(1526, 3, 86, 108, 0, 0),
(1527, 5, 90, 108, 0, 0),
(1528, 5, 98, 84, 0, 0),
(1529, 4, 120, 109, 0, 0),
(1530, 5, 124, 73, 0, 0),
(1531, 2, 137, 103, 0, 0),
(1532, 5, 124, 73, 0, 0),
(1533, 3, 93, 108, 0, 0),
(1534, 5, 84, 105, 0, 0),
(1535, 4, 136, 105, 0, 0),
(1536, 2, 89, 73, 0, 0),
(1537, 3, 143, 109, 0, 0),
(1538, 5, 110, 63, 0, 0),
(1539, 4, 97, 73, 0, 0),
(1540, 4, 131, 89, 0, 0),
(1541, 3, 140, 109, 0, 0),
(1542, 4, 93, 60, 0, 0),
(1543, 2, 142, 60, 0, 0),
(1544, 4, 133, 89, 0, 0),
(1545, 5, 129, 111, 0, 0),
(1546, 4, 137, 108, 0, 0),
(1547, 3, 149, 108, 0, 0),
(1548, 2, 98, 82, 0, 0),
(1549, 2, 124, 80, 0, 0),
(1550, 4, 146, 106, 0, 0),
(1551, 4, 132, 58, 0, 0),
(1552, 3, 141, 60, 0, 0),
(1553, 5, 97, 89, 0, 0),
(1554, 4, 148, 111, 0, 0),
(1555, 3, 147, 83, 0, 0),
(1556, 2, 85, 89, 0, 0),
(1557, 3, 145, 64, 0, 0),
(1558, 5, 125, 64, 0, 0),
(1559, 5, 127, 105, 0, 0),
(1560, 5, 88, 109, 0, 0),
(1561, 3, 86, 106, 0, 0),
(1562, 4, 85, 59, 0, 0),
(1563, 3, 133, 106, 0, 0),
(1564, 4, 99, 82, 0, 0),
(1565, 4, 100, 82, 0, 0),
(1566, 4, 118, 109, 0, 0),
(1567, 3, 97, 108, 0, 0),
(1568, 2, 106, 82, 0, 0),
(1569, 2, 138, 59, 0, 0),
(1570, 5, 131, 106, 0, 0),
(1571, 5, 95, 82, 0, 0),
(1572, 5, 97, 89, 0, 0),
(1573, 2, 144, 60, 0, 0),
(1574, 3, 140, 63, 0, 0),
(1575, 2, 124, 89, 0, 0),
(1576, 4, 122, 82, 0, 0),
(1577, 5, 92, 60, 0, 0),
(1578, 5, 118, 60, 0, 0),
(1579, 5, 150, 79, 0, 0),
(1580, 2, 120, 111, 0, 0),
(1581, 2, 111, 83, 0, 0),
(1582, 5, 118, 111, 0, 0),
(1583, 4, 108, 59, 0, 0),
(1584, 3, 114, 106, 0, 0),
(1585, 2, 125, 79, 0, 0),
(1586, 4, 104, 73, 0, 0),
(1587, 2, 139, 111, 0, 0),
(1588, 4, 89, 82, 0, 0),
(1589, 3, 103, 58, 0, 0),
(1590, 2, 129, 80, 0, 0),
(1591, 4, 128, 111, 0, 0),
(1592, 2, 149, 80, 0, 0),
(1593, 2, 117, 109, 0, 0),
(1594, 2, 138, 109, 0, 0),
(1595, 4, 118, 73, 0, 0),
(1596, 2, 85, 106, 0, 0),
(1597, 3, 102, 79, 0, 0),
(1598, 4, 117, 63, 0, 0),
(1599, 2, 122, 63, 0, 0),
(1600, 5, 147, 73, 0, 0),
(1601, 3, 117, 106, 0, 0),
(1602, 4, 88, 63, 0, 0),
(1603, 2, 102, 109, 0, 0),
(1604, 3, 145, 60, 0, 0),
(1605, 2, 95, 109, 0, 0),
(1606, 4, 131, 73, 0, 0),
(1607, 2, 103, 58, 0, 0),
(1608, 5, 88, 64, 0, 0),
(1609, 4, 149, 89, 0, 0),
(1610, 3, 145, 83, 0, 0),
(1611, 2, 119, 58, 0, 0),
(1612, 2, 109, 60, 0, 0),
(1613, 5, 121, 89, 0, 0),
(1614, 3, 129, 80, 0, 0),
(1615, 3, 80, 89, 0, 0),
(1616, 5, 120, 60, 0, 0),
(1617, 4, 142, 58, 0, 0),
(1618, 5, 139, 80, 0, 0),
(1619, 2, 149, 105, 0, 0),
(1620, 3, 90, 73, 0, 0),
(1621, 2, 145, 59, 0, 0),
(1622, 2, 133, 105, 0, 0),
(1623, 4, 128, 105, 0, 0),
(1624, 5, 148, 103, 0, 0),
(1625, 2, 123, 79, 0, 0),
(1626, 3, 103, 105, 0, 0),
(1627, 2, 115, 89, 0, 0),
(1628, 5, 140, 73, 0, 0),
(1629, 5, 133, 108, 0, 0),
(1630, 4, 132, 109, 0, 0),
(1631, 5, 114, 109, 0, 0),
(1632, 4, 137, 82, 0, 0),
(1633, 3, 122, 83, 0, 0),
(1634, 5, 86, 83, 0, 0),
(1635, 5, 88, 64, 0, 0),
(1636, 2, 112, 109, 0, 0),
(1637, 2, 113, 84, 0, 0),
(1638, 5, 93, 111, 0, 0),
(1639, 2, 136, 111, 0, 0),
(1640, 3, 83, 82, 0, 0),
(1641, 2, 109, 59, 0, 0),
(1642, 4, 102, 109, 0, 0),
(1643, 5, 106, 73, 0, 0),
(1644, 3, 136, 64, 0, 0),
(1645, 4, 132, 80, 0, 0),
(1646, 4, 132, 73, 0, 0),
(1647, 4, 133, 79, 0, 0),
(1648, 2, 136, 60, 0, 0),
(1649, 5, 135, 84, 0, 0),
(1650, 4, 107, 108, 0, 0),
(1651, 2, 111, 73, 0, 0),
(1652, 5, 93, 82, 0, 0),
(1653, 2, 106, 109, 0, 0),
(1654, 5, 133, 59, 0, 0),
(1655, 3, 87, 79, 0, 0),
(1656, 4, 86, 63, 0, 0),
(1657, 5, 90, 83, 0, 0),
(1658, 3, 84, 59, 0, 0),
(1659, 5, 110, 79, 0, 0),
(1660, 3, 98, 108, 0, 0),
(1661, 3, 121, 106, 0, 0),
(1662, 3, 131, 111, 0, 0),
(1663, 2, 114, 59, 0, 0),
(1664, 3, 97, 105, 0, 0),
(1665, 3, 89, 89, 0, 0),
(1666, 2, 102, 64, 0, 0),
(1667, 3, 106, 79, 0, 0),
(1668, 5, 92, 108, 0, 0),
(1669, 3, 141, 58, 0, 0),
(1670, 2, 121, 103, 0, 0),
(1671, 2, 147, 108, 0, 0),
(1672, 2, 120, 58, 0, 0),
(1673, 3, 93, 108, 0, 0),
(1674, 5, 98, 106, 0, 0),
(1675, 3, 138, 80, 0, 0),
(1676, 2, 101, 106, 0, 0),
(1677, 2, 135, 82, 0, 0),
(1678, 5, 96, 73, 0, 0),
(1679, 2, 100, 60, 0, 0),
(1680, 2, 138, 59, 0, 0),
(1681, 2, 109, 111, 0, 0),
(1682, 2, 83, 58, 0, 0),
(1683, 2, 105, 60, 0, 0),
(1684, 2, 91, 60, 0, 0),
(1685, 4, 124, 84, 0, 0),
(1686, 5, 131, 80, 0, 0),
(1687, 5, 109, 105, 0, 0),
(1688, 4, 114, 103, 0, 0),
(1689, 5, 104, 73, 0, 0),
(1690, 5, 146, 73, 0, 0),
(1691, 4, 80, 73, 0, 0),
(1692, 5, 91, 109, 0, 0),
(1693, 3, 111, 108, 0, 0),
(1694, 3, 118, 108, 0, 0),
(1695, 5, 91, 108, 0, 0),
(1696, 2, 131, 89, 0, 0),
(1697, 4, 128, 103, 0, 0),
(1698, 5, 136, 64, 0, 0),
(1699, 3, 90, 111, 0, 0),
(1700, 2, 133, 108, 0, 0),
(1701, 4, 118, 84, 0, 0),
(1702, 2, 146, 83, 0, 0),
(1703, 5, 117, 64, 0, 0),
(1704, 4, 115, 73, 0, 0),
(1705, 3, 112, 89, 0, 0),
(1706, 2, 141, 111, 0, 0),
(1707, 5, 93, 108, 0, 0),
(1708, 3, 95, 111, 0, 0),
(1709, 5, 105, 58, 0, 0),
(1710, 4, 80, 63, 0, 0),
(1711, 3, 108, 103, 0, 0),
(1712, 5, 91, 79, 0, 0),
(1713, 5, 86, 103, 0, 0),
(1714, 4, 110, 84, 0, 0),
(1715, 5, 86, 105, 0, 0),
(1716, 4, 133, 73, 0, 0),
(1717, 2, 125, 63, 0, 0),
(1718, 4, 143, 83, 0, 0),
(1719, 2, 112, 60, 0, 0),
(1720, 4, 137, 73, 0, 0),
(1721, 3, 122, 64, 0, 0),
(1722, 2, 122, 59, 0, 0),
(1723, 4, 144, 89, 0, 0),
(1724, 3, 85, 89, 0, 0),
(1725, 2, 96, 84, 0, 0),
(1726, 2, 112, 108, 0, 0),
(1727, 2, 87, 73, 0, 0),
(1728, 2, 83, 108, 0, 0),
(1729, 3, 110, 103, 0, 0),
(1730, 5, 117, 58, 0, 0),
(1731, 2, 146, 60, 0, 0),
(1732, 2, 147, 60, 0, 0),
(1733, 2, 121, 103, 0, 0),
(1734, 4, 148, 111, 0, 0),
(1735, 2, 92, 58, 0, 0),
(1736, 4, 107, 79, 0, 0),
(1737, 5, 133, 109, 0, 0),
(1738, 5, 132, 64, 0, 0),
(1739, 4, 124, 106, 0, 0),
(1740, 4, 101, 103, 0, 0),
(1741, 2, 114, 83, 0, 0),
(1742, 4, 137, 73, 0, 0),
(1743, 3, 137, 89, 0, 0),
(1744, 5, 83, 73, 0, 0),
(1745, 4, 114, 103, 0, 0),
(1746, 2, 129, 84, 0, 0),
(1747, 3, 131, 109, 0, 0),
(1748, 3, 143, 106, 0, 0),
(1749, 5, 84, 59, 0, 0),
(1750, 5, 99, 84, 0, 0),
(1751, 3, 145, 58, 0, 0),
(1752, 3, 127, 108, 0, 0),
(1753, 4, 96, 58, 0, 0),
(1754, 4, 132, 109, 0, 0),
(1755, 4, 82, 105, 0, 0),
(1756, 3, 130, 79, 0, 0),
(1757, 4, 141, 82, 0, 0),
(1758, 2, 148, 111, 0, 0),
(1759, 3, 149, 111, 0, 0),
(1760, 3, 89, 82, 0, 0),
(1761, 5, 127, 73, 0, 0),
(1762, 2, 131, 111, 0, 0),
(1763, 4, 105, 84, 0, 0),
(1764, 5, 115, 109, 0, 0),
(1765, 2, 129, 80, 0, 0),
(1766, 5, 80, 82, 0, 0),
(1767, 5, 137, 64, 0, 0),
(1768, 3, 116, 83, 0, 0),
(1769, 5, 88, 109, 0, 0),
(1770, 5, 87, 89, 0, 0),
(1771, 5, 150, 79, 0, 0),
(1772, 5, 119, 111, 0, 0),
(1773, 2, 97, 108, 0, 0),
(1774, 3, 138, 80, 0, 0),
(1775, 4, 108, 105, 0, 0),
(1776, 2, 103, 83, 0, 0),
(1777, 2, 150, 109, 0, 0),
(1778, 4, 105, 63, 0, 0),
(1779, 3, 106, 84, 0, 0),
(1780, 4, 84, 109, 0, 0),
(1781, 5, 132, 84, 0, 0),
(1782, 3, 95, 58, 0, 0),
(1783, 3, 141, 63, 0, 0),
(1784, 3, 97, 63, 0, 0),
(1785, 5, 89, 73, 0, 0),
(1786, 5, 119, 106, 0, 0),
(1787, 3, 140, 103, 0, 0),
(1788, 3, 90, 108, 0, 0),
(1789, 4, 111, 106, 0, 0),
(1790, 4, 143, 79, 0, 0),
(1791, 2, 117, 89, 0, 0),
(1792, 3, 82, 64, 0, 0),
(1793, 5, 98, 80, 0, 0),
(1794, 5, 147, 59, 0, 0),
(1795, 5, 97, 109, 0, 0),
(1796, 2, 149, 80, 0, 0),
(1797, 4, 123, 58, 0, 0),
(1798, 2, 87, 63, 0, 0),
(1799, 4, 122, 82, 0, 0),
(1800, 3, 115, 89, 0, 0),
(1801, 3, 126, 73, 0, 0),
(1802, 2, 87, 103, 0, 0),
(1803, 3, 84, 80, 0, 0),
(1804, 5, 125, 84, 0, 0),
(1805, 5, 93, 105, 0, 0),
(1806, 3, 119, 83, 0, 0),
(1807, 5, 102, 84, 0, 0),
(1808, 5, 91, 111, 0, 0),
(1809, 5, 104, 60, 0, 0),
(1810, 2, 149, 109, 0, 0),
(1811, 2, 99, 109, 0, 0),
(1812, 5, 137, 103, 0, 0),
(1813, 2, 131, 105, 0, 0),
(1814, 4, 99, 59, 0, 0),
(1815, 4, 121, 108, 0, 0),
(1816, 5, 90, 109, 0, 0),
(1817, 4, 129, 83, 0, 0),
(1818, 5, 139, 103, 0, 0),
(1819, 5, 96, 83, 0, 0),
(1820, 2, 140, 60, 0, 0),
(1821, 5, 117, 105, 0, 0),
(1822, 3, 119, 105, 0, 0),
(1823, 2, 127, 64, 0, 0),
(1824, 5, 139, 80, 0, 0),
(1825, 5, 81, 103, 0, 0),
(1826, 4, 96, 84, 0, 0),
(1827, 3, 110, 60, 0, 0),
(1828, 5, 134, 63, 0, 0),
(1829, 2, 132, 73, 0, 0),
(1830, 3, 94, 60, 0, 0),
(1831, 2, 82, 103, 0, 0),
(1832, 5, 117, 108, 0, 0),
(1833, 4, 95, 59, 0, 0),
(1834, 2, 100, 103, 0, 0),
(1835, 4, 126, 83, 0, 0),
(1836, 2, 117, 103, 0, 0),
(1837, 3, 147, 79, 0, 0),
(1838, 2, 146, 63, 0, 0),
(1839, 3, 92, 79, 0, 0),
(1840, 4, 149, 111, 0, 0),
(1841, 3, 96, 109, 0, 0),
(1842, 5, 141, 60, 0, 0),
(1843, 5, 129, 82, 0, 0),
(1844, 3, 143, 108, 0, 0),
(1845, 4, 149, 83, 0, 0),
(1846, 2, 144, 103, 0, 0),
(1847, 4, 115, 105, 0, 0),
(1848, 5, 142, 60, 0, 0),
(1849, 2, 112, 84, 0, 0),
(1850, 4, 96, 79, 0, 0),
(1851, 2, 111, 111, 0, 0),
(1852, 2, 94, 73, 0, 0),
(1853, 4, 115, 79, 0, 0),
(1854, 2, 101, 79, 0, 0),
(1855, 3, 114, 64, 0, 0),
(1856, 4, 100, 73, 0, 0),
(1857, 4, 83, 64, 0, 0),
(1858, 5, 90, 82, 0, 0),
(1859, 4, 118, 89, 0, 0),
(1860, 5, 111, 111, 0, 0),
(1861, 4, 105, 59, 0, 0),
(1862, 2, 124, 58, 0, 0),
(1863, 4, 107, 106, 0, 0),
(1864, 5, 90, 82, 0, 0),
(1865, 4, 123, 60, 0, 0),
(1866, 2, 93, 106, 0, 0),
(1867, 5, 138, 59, 0, 0),
(1868, 4, 98, 60, 0, 0),
(1869, 2, 115, 82, 0, 0),
(1870, 2, 110, 105, 0, 0),
(1871, 4, 113, 64, 0, 0),
(1872, 2, 92, 106, 0, 0),
(1873, 5, 116, 64, 0, 0),
(1874, 4, 95, 73, 0, 0),
(1875, 2, 119, 63, 0, 0),
(1876, 5, 117, 64, 0, 0),
(1877, 4, 138, 105, 0, 0),
(1878, 3, 94, 79, 0, 0),
(1879, 2, 81, 73, 0, 0),
(1880, 4, 89, 103, 0, 0),
(1881, 5, 125, 59, 0, 0),
(1882, 3, 142, 108, 0, 0),
(1883, 2, 148, 83, 0, 0),
(1884, 2, 90, 108, 0, 0),
(1885, 3, 94, 106, 0, 0),
(1886, 3, 127, 79, 0, 0),
(1887, 3, 85, 83, 0, 0),
(1888, 3, 123, 58, 0, 0),
(1889, 4, 103, 80, 0, 0),
(1890, 3, 104, 58, 0, 0),
(1891, 5, 138, 84, 0, 0),
(1892, 5, 92, 108, 0, 0),
(1893, 5, 148, 80, 0, 0),
(1894, 5, 137, 60, 0, 0),
(1895, 4, 81, 111, 0, 0),
(1896, 3, 127, 80, 0, 0),
(1897, 2, 106, 89, 0, 0),
(1898, 4, 109, 109, 0, 0),
(1899, 3, 140, 80, 0, 0),
(1900, 3, 99, 64, 0, 0),
(1901, 4, 128, 109, 0, 0),
(1902, 4, 125, 103, 0, 0),
(1903, 3, 122, 79, 0, 0),
(1904, 5, 98, 58, 0, 0),
(1905, 5, 136, 73, 0, 0),
(1906, 5, 83, 89, 0, 0),
(1907, 2, 100, 79, 0, 0),
(1908, 3, 147, 105, 0, 0),
(1909, 5, 116, 64, 0, 0),
(1910, 4, 132, 108, 0, 0),
(1911, 4, 131, 106, 0, 0),
(1912, 4, 115, 111, 0, 0),
(1913, 4, 91, 106, 0, 0),
(1914, 4, 130, 79, 0, 0),
(1915, 2, 128, 105, 0, 0),
(1916, 3, 89, 84, 0, 0),
(1917, 4, 120, 109, 0, 0),
(1918, 5, 121, 80, 0, 0),
(1919, 3, 126, 105, 0, 0),
(1920, 5, 131, 63, 0, 0),
(1921, 3, 138, 60, 0, 0),
(1922, 5, 149, 58, 0, 0),
(1923, 5, 137, 111, 0, 0),
(1924, 3, 147, 103, 0, 0),
(1925, 3, 89, 84, 0, 0),
(1926, 4, 135, 89, 0, 0),
(1927, 2, 97, 63, 0, 0),
(1928, 2, 104, 103, 0, 0),
(1929, 3, 112, 111, 0, 0),
(1930, 5, 132, 60, 0, 0),
(1931, 3, 149, 103, 0, 0),
(1932, 5, 123, 84, 0, 0),
(1933, 5, 146, 106, 0, 0),
(1934, 3, 91, 109, 0, 0),
(1935, 3, 139, 64, 0, 0),
(1936, 5, 84, 79, 0, 0),
(1937, 4, 81, 108, 0, 0),
(1938, 4, 112, 59, 0, 0),
(1939, 2, 98, 105, 0, 0),
(1940, 3, 147, 73, 0, 0),
(1941, 5, 93, 79, 0, 0),
(1942, 5, 133, 59, 0, 0),
(1943, 4, 136, 111, 0, 0),
(1944, 5, 146, 103, 0, 0),
(1945, 2, 119, 108, 0, 0),
(1946, 2, 87, 108, 0, 0),
(1947, 2, 124, 79, 0, 0),
(1948, 4, 94, 73, 0, 0),
(1949, 4, 136, 108, 0, 0),
(1950, 3, 125, 60, 0, 0),
(1951, 2, 119, 79, 0, 0),
(1952, 3, 87, 108, 0, 0),
(1953, 5, 100, 89, 0, 0),
(1954, 3, 138, 105, 0, 0),
(1955, 4, 132, 82, 0, 0),
(1956, 2, 113, 79, 0, 0),
(1957, 5, 108, 80, 0, 0),
(1958, 4, 96, 79, 0, 0),
(1959, 2, 118, 106, 0, 0),
(1960, 4, 88, 89, 0, 0),
(1961, 4, 85, 89, 0, 0),
(1962, 3, 117, 64, 0, 0),
(1963, 5, 139, 111, 0, 0),
(1964, 3, 115, 103, 0, 0),
(1965, 3, 127, 59, 0, 0),
(1966, 5, 118, 79, 0, 0),
(1967, 2, 123, 84, 0, 0),
(1968, 5, 107, 58, 0, 0),
(1969, 2, 125, 111, 0, 0),
(1970, 3, 110, 82, 0, 0),
(1971, 4, 94, 82, 0, 0),
(1972, 5, 133, 106, 0, 0),
(1973, 2, 133, 80, 0, 0),
(1974, 5, 87, 59, 0, 0),
(1975, 2, 132, 84, 0, 0),
(1976, 2, 104, 108, 0, 0),
(1977, 3, 124, 106, 0, 0),
(1978, 5, 110, 58, 0, 0),
(1979, 3, 108, 109, 0, 0),
(1980, 4, 213, 100, 1510283087, 1510283087),
(1981, 4, 213, 84, 1510283182, 1510283182),
(1982, 5, 213, 109, 1510283428, 1510283428),
(1983, 4, 213, 73, 1510284198, 1510284198),
(1984, 4, 213, 74, 1510284217, 1510284217),
(1985, 3, 106, 67, 0, 0),
(1986, 2, 124, 74, 0, 0),
(1987, 2, 90, 70, 0, 0),
(1988, 3, 150, 66, 0, 0),
(1989, 5, 102, 69, 0, 0),
(1990, 5, 123, 75, 0, 0),
(1991, 4, 116, 71, 0, 0),
(1992, 3, 143, 66, 0, 0),
(1993, 5, 132, 71, 0, 0),
(1994, 5, 92, 74, 0, 0),
(1995, 4, 138, 66, 0, 0),
(1996, 4, 115, 67, 0, 0),
(1997, 3, 87, 72, 0, 0),
(1998, 5, 115, 66, 0, 0),
(1999, 2, 119, 72, 0, 0),
(2000, 3, 109, 69, 0, 0),
(2001, 3, 94, 66, 0, 0),
(2002, 4, 107, 75, 0, 0),
(2003, 4, 84, 77, 0, 0),
(2004, 4, 105, 76, 0, 0),
(2005, 2, 81, 74, 0, 0),
(2006, 2, 88, 71, 0, 0),
(2007, 4, 123, 67, 0, 0);
INSERT INTO `rating` (`id`, `value`, `user_id`, `restaurant_id`, `created_at`, `updated_at`) VALUES
(2008, 3, 147, 67, 0, 0),
(2009, 2, 137, 75, 0, 0),
(2010, 3, 123, 69, 0, 0),
(2011, 2, 97, 75, 0, 0),
(2012, 3, 90, 69, 0, 0),
(2013, 4, 87, 75, 0, 0),
(2014, 2, 131, 68, 0, 0),
(2015, 5, 107, 75, 0, 0),
(2016, 3, 88, 68, 0, 0),
(2017, 4, 144, 68, 0, 0),
(2018, 2, 86, 73, 0, 0),
(2019, 2, 115, 75, 0, 0),
(2020, 4, 80, 76, 0, 0),
(2021, 4, 134, 71, 0, 0),
(2022, 5, 138, 77, 0, 0),
(2023, 2, 83, 69, 0, 0),
(2024, 4, 95, 77, 0, 0),
(2025, 3, 95, 76, 0, 0),
(2026, 5, 128, 66, 0, 0),
(2027, 5, 97, 69, 0, 0),
(2028, 5, 121, 70, 0, 0),
(2029, 3, 101, 67, 0, 0),
(2030, 3, 143, 72, 0, 0),
(2031, 3, 84, 67, 0, 0),
(2032, 4, 128, 73, 0, 0),
(2033, 3, 84, 68, 0, 0),
(2034, 5, 87, 71, 0, 0),
(2035, 2, 123, 68, 0, 0),
(2036, 4, 132, 70, 0, 0),
(2037, 4, 92, 68, 0, 0),
(2038, 5, 142, 66, 0, 0),
(2039, 3, 116, 69, 0, 0),
(2040, 3, 126, 75, 0, 0),
(2041, 2, 87, 70, 0, 0),
(2042, 2, 99, 68, 0, 0),
(2043, 5, 140, 73, 0, 0),
(2044, 3, 93, 77, 0, 0),
(2045, 4, 130, 69, 0, 0),
(2046, 3, 146, 69, 0, 0),
(2047, 4, 128, 67, 0, 0),
(2048, 3, 142, 77, 0, 0),
(2049, 5, 130, 67, 0, 0),
(2050, 5, 111, 66, 0, 0),
(2051, 2, 127, 73, 0, 0),
(2052, 2, 103, 77, 0, 0),
(2053, 3, 129, 73, 0, 0),
(2054, 3, 101, 77, 0, 0),
(2055, 2, 135, 69, 0, 0),
(2056, 2, 124, 75, 0, 0),
(2057, 5, 103, 76, 0, 0),
(2058, 5, 90, 73, 0, 0),
(2059, 5, 145, 69, 0, 0),
(2060, 3, 126, 74, 0, 0),
(2061, 4, 118, 72, 0, 0),
(2062, 3, 113, 73, 0, 0),
(2063, 5, 122, 75, 0, 0),
(2064, 4, 131, 68, 0, 0),
(2065, 4, 130, 71, 0, 0),
(2066, 2, 100, 73, 0, 0),
(2067, 2, 132, 68, 0, 0),
(2068, 2, 103, 66, 0, 0),
(2069, 5, 148, 70, 0, 0),
(2070, 3, 114, 76, 0, 0),
(2071, 2, 135, 68, 0, 0),
(2072, 3, 130, 66, 0, 0),
(2073, 2, 140, 75, 0, 0),
(2074, 4, 86, 72, 0, 0),
(2075, 4, 90, 76, 0, 0),
(2076, 3, 91, 77, 0, 0),
(2077, 4, 115, 67, 0, 0),
(2078, 3, 112, 71, 0, 0),
(2079, 3, 145, 66, 0, 0),
(2080, 2, 137, 68, 0, 0),
(2081, 3, 140, 68, 0, 0),
(2082, 3, 104, 69, 0, 0),
(2083, 4, 139, 76, 0, 0),
(2084, 2, 129, 71, 0, 0),
(2085, 2, 125, 68, 0, 0),
(2086, 5, 144, 67, 0, 0),
(2087, 5, 119, 76, 0, 0),
(2088, 4, 108, 71, 0, 0),
(2089, 2, 134, 74, 0, 0),
(2090, 2, 126, 73, 0, 0),
(2091, 2, 124, 69, 0, 0),
(2092, 4, 132, 77, 0, 0),
(2093, 3, 89, 71, 0, 0),
(2094, 4, 127, 73, 0, 0),
(2095, 3, 87, 77, 0, 0),
(2096, 2, 86, 77, 0, 0),
(2097, 4, 92, 67, 0, 0),
(2098, 4, 120, 71, 0, 0),
(2099, 3, 80, 67, 0, 0),
(2100, 5, 87, 75, 0, 0),
(2101, 5, 116, 69, 0, 0),
(2102, 2, 103, 74, 0, 0),
(2103, 4, 131, 74, 0, 0),
(2104, 4, 82, 74, 0, 0),
(2105, 4, 88, 69, 0, 0),
(2106, 2, 84, 72, 0, 0),
(2107, 3, 93, 76, 0, 0),
(2108, 5, 115, 70, 0, 0),
(2109, 5, 135, 70, 0, 0),
(2110, 4, 133, 66, 0, 0),
(2111, 5, 150, 66, 0, 0),
(2112, 5, 128, 66, 0, 0),
(2113, 3, 134, 68, 0, 0),
(2114, 3, 122, 69, 0, 0),
(2115, 4, 118, 73, 0, 0),
(2116, 3, 109, 72, 0, 0),
(2117, 4, 83, 73, 0, 0),
(2118, 5, 106, 69, 0, 0),
(2119, 2, 124, 74, 0, 0),
(2120, 3, 131, 71, 0, 0),
(2121, 2, 82, 70, 0, 0),
(2122, 3, 92, 71, 0, 0),
(2123, 4, 115, 73, 0, 0),
(2124, 2, 112, 77, 0, 0),
(2125, 3, 82, 72, 0, 0),
(2126, 4, 114, 69, 0, 0),
(2127, 5, 92, 76, 0, 0),
(2128, 2, 141, 67, 0, 0),
(2129, 3, 108, 68, 0, 0),
(2130, 5, 128, 66, 0, 0),
(2131, 2, 122, 77, 0, 0),
(2132, 2, 135, 69, 0, 0),
(2133, 5, 131, 76, 0, 0),
(2134, 2, 90, 71, 0, 0),
(2135, 2, 123, 71, 0, 0),
(2136, 5, 120, 70, 0, 0),
(2137, 5, 134, 68, 0, 0),
(2138, 4, 110, 67, 0, 0),
(2139, 2, 122, 66, 0, 0),
(2140, 2, 142, 73, 0, 0),
(2141, 4, 128, 73, 0, 0),
(2142, 5, 146, 75, 0, 0),
(2143, 4, 124, 69, 0, 0),
(2144, 3, 146, 67, 0, 0),
(2145, 4, 150, 75, 0, 0),
(2146, 5, 131, 67, 0, 0),
(2147, 4, 131, 70, 0, 0),
(2148, 3, 108, 76, 0, 0),
(2149, 3, 112, 73, 0, 0),
(2150, 5, 147, 68, 0, 0),
(2151, 4, 99, 69, 0, 0),
(2152, 5, 89, 72, 0, 0),
(2153, 4, 148, 74, 0, 0),
(2154, 4, 146, 76, 0, 0),
(2155, 2, 100, 69, 0, 0),
(2156, 5, 90, 68, 0, 0),
(2157, 5, 98, 74, 0, 0),
(2158, 2, 106, 70, 0, 0),
(2159, 2, 127, 75, 0, 0),
(2160, 5, 144, 69, 0, 0),
(2161, 3, 91, 77, 0, 0),
(2162, 5, 126, 76, 0, 0),
(2163, 4, 84, 70, 0, 0),
(2164, 4, 103, 71, 0, 0),
(2165, 5, 108, 76, 0, 0),
(2166, 2, 146, 72, 0, 0),
(2167, 5, 120, 75, 0, 0),
(2168, 4, 117, 66, 0, 0),
(2169, 5, 127, 76, 0, 0),
(2170, 4, 107, 71, 0, 0),
(2171, 5, 132, 73, 0, 0),
(2172, 4, 89, 76, 0, 0),
(2173, 3, 145, 76, 0, 0),
(2174, 2, 104, 76, 0, 0),
(2175, 4, 116, 76, 0, 0),
(2176, 5, 110, 66, 0, 0),
(2177, 4, 129, 76, 0, 0),
(2178, 2, 122, 69, 0, 0),
(2179, 5, 84, 73, 0, 0),
(2180, 5, 149, 69, 0, 0),
(2181, 3, 137, 75, 0, 0),
(2182, 4, 93, 73, 0, 0),
(2183, 5, 119, 70, 0, 0),
(2184, 5, 106, 69, 0, 0),
(2185, 2, 149, 69, 0, 0),
(2186, 5, 146, 77, 0, 0),
(2187, 5, 119, 69, 0, 0),
(2188, 2, 121, 72, 0, 0),
(2189, 4, 110, 75, 0, 0),
(2190, 5, 142, 77, 0, 0),
(2191, 4, 82, 72, 0, 0),
(2192, 4, 108, 72, 0, 0),
(2193, 4, 102, 71, 0, 0),
(2194, 3, 98, 72, 0, 0),
(2195, 5, 101, 69, 0, 0),
(2196, 4, 127, 72, 0, 0),
(2197, 2, 82, 77, 0, 0),
(2198, 4, 100, 76, 0, 0),
(2199, 5, 99, 71, 0, 0),
(2200, 2, 95, 75, 0, 0),
(2201, 5, 97, 67, 0, 0),
(2202, 5, 113, 69, 0, 0),
(2203, 5, 109, 70, 0, 0),
(2204, 4, 94, 73, 0, 0),
(2205, 4, 144, 71, 0, 0),
(2206, 2, 148, 71, 0, 0),
(2207, 3, 100, 76, 0, 0),
(2208, 3, 132, 72, 0, 0),
(2209, 4, 110, 71, 0, 0),
(2210, 5, 117, 67, 0, 0),
(2211, 2, 141, 71, 0, 0),
(2212, 3, 114, 69, 0, 0),
(2213, 2, 80, 76, 0, 0),
(2214, 5, 108, 71, 0, 0),
(2215, 5, 101, 73, 0, 0),
(2216, 2, 95, 71, 0, 0),
(2217, 3, 91, 68, 0, 0),
(2218, 5, 123, 67, 0, 0),
(2219, 4, 105, 71, 0, 0),
(2220, 3, 90, 72, 0, 0),
(2221, 4, 118, 66, 0, 0),
(2222, 3, 108, 67, 0, 0),
(2223, 3, 85, 68, 0, 0),
(2224, 2, 125, 77, 0, 0),
(2225, 3, 150, 69, 0, 0),
(2226, 2, 101, 75, 0, 0),
(2227, 3, 106, 77, 0, 0),
(2228, 5, 110, 74, 0, 0),
(2229, 2, 121, 72, 0, 0),
(2230, 3, 150, 69, 0, 0),
(2231, 2, 109, 76, 0, 0),
(2232, 5, 139, 75, 0, 0),
(2233, 5, 144, 68, 0, 0),
(2234, 2, 94, 69, 0, 0),
(2235, 3, 128, 74, 0, 0),
(2236, 2, 81, 74, 0, 0),
(2237, 5, 146, 72, 0, 0),
(2238, 2, 113, 73, 0, 0),
(2239, 3, 114, 74, 0, 0),
(2240, 3, 143, 67, 0, 0),
(2241, 2, 129, 77, 0, 0),
(2242, 2, 150, 74, 0, 0),
(2243, 4, 83, 77, 0, 0),
(2244, 2, 94, 76, 0, 0),
(2245, 4, 90, 74, 0, 0),
(2246, 2, 119, 75, 0, 0),
(2247, 2, 84, 70, 0, 0),
(2248, 5, 94, 70, 0, 0),
(2249, 4, 116, 67, 0, 0),
(2250, 2, 84, 75, 0, 0),
(2251, 4, 148, 75, 0, 0),
(2252, 2, 116, 75, 0, 0),
(2253, 3, 82, 66, 0, 0),
(2254, 4, 125, 72, 0, 0),
(2255, 4, 139, 76, 0, 0),
(2256, 3, 130, 77, 0, 0),
(2257, 3, 139, 70, 0, 0),
(2258, 3, 126, 71, 0, 0),
(2259, 2, 99, 70, 0, 0),
(2260, 4, 129, 72, 0, 0),
(2261, 2, 141, 66, 0, 0),
(2262, 2, 135, 71, 0, 0),
(2263, 5, 109, 70, 0, 0),
(2264, 3, 125, 77, 0, 0),
(2265, 5, 111, 67, 0, 0),
(2266, 5, 139, 74, 0, 0),
(2267, 2, 132, 73, 0, 0),
(2268, 2, 119, 71, 0, 0),
(2269, 4, 103, 72, 0, 0),
(2270, 2, 101, 67, 0, 0),
(2271, 5, 148, 74, 0, 0),
(2272, 2, 84, 71, 0, 0),
(2273, 3, 150, 75, 0, 0),
(2274, 4, 120, 70, 0, 0),
(2275, 4, 133, 71, 0, 0),
(2276, 3, 120, 68, 0, 0),
(2277, 2, 114, 66, 0, 0),
(2278, 5, 100, 70, 0, 0),
(2279, 4, 124, 68, 0, 0),
(2280, 5, 141, 71, 0, 0),
(2281, 3, 144, 72, 0, 0),
(2282, 4, 135, 72, 0, 0),
(2283, 5, 123, 74, 0, 0),
(2284, 2, 95, 77, 0, 0),
(2285, 3, 114, 66, 0, 0),
(2286, 2, 132, 68, 0, 0),
(2287, 5, 124, 69, 0, 0),
(2288, 3, 131, 70, 0, 0),
(2289, 3, 111, 75, 0, 0),
(2290, 2, 133, 66, 0, 0),
(2291, 5, 145, 67, 0, 0),
(2292, 2, 107, 77, 0, 0),
(2293, 4, 82, 73, 0, 0),
(2294, 3, 80, 71, 0, 0),
(2295, 3, 118, 71, 0, 0),
(2296, 4, 135, 76, 0, 0),
(2297, 4, 149, 70, 0, 0),
(2298, 3, 94, 74, 0, 0),
(2299, 3, 87, 73, 0, 0),
(2300, 4, 91, 76, 0, 0),
(2301, 5, 106, 72, 0, 0),
(2302, 3, 101, 69, 0, 0),
(2303, 5, 99, 76, 0, 0),
(2304, 3, 89, 67, 0, 0),
(2305, 4, 113, 73, 0, 0),
(2306, 5, 89, 74, 0, 0),
(2307, 4, 126, 69, 0, 0),
(2308, 2, 105, 77, 0, 0),
(2309, 4, 90, 69, 0, 0),
(2310, 4, 96, 67, 0, 0),
(2311, 2, 148, 75, 0, 0),
(2312, 2, 109, 71, 0, 0),
(2313, 3, 107, 74, 0, 0),
(2314, 2, 139, 74, 0, 0),
(2315, 2, 105, 74, 0, 0),
(2316, 3, 127, 71, 0, 0),
(2317, 4, 85, 70, 0, 0),
(2318, 3, 96, 71, 0, 0),
(2319, 3, 116, 76, 0, 0),
(2320, 5, 139, 67, 0, 0),
(2321, 4, 134, 72, 0, 0),
(2322, 4, 94, 76, 0, 0),
(2323, 4, 145, 73, 0, 0),
(2324, 4, 138, 68, 0, 0),
(2325, 3, 130, 70, 0, 0),
(2326, 3, 98, 67, 0, 0),
(2327, 5, 88, 70, 0, 0),
(2328, 5, 89, 72, 0, 0),
(2329, 4, 119, 67, 0, 0),
(2330, 3, 148, 66, 0, 0),
(2331, 5, 83, 67, 0, 0),
(2332, 3, 133, 66, 0, 0),
(2333, 3, 108, 76, 0, 0),
(2334, 2, 103, 72, 0, 0),
(2335, 3, 101, 76, 0, 0),
(2336, 2, 126, 71, 0, 0),
(2337, 3, 139, 75, 0, 0),
(2338, 3, 112, 71, 0, 0),
(2339, 3, 100, 66, 0, 0),
(2340, 2, 149, 66, 0, 0),
(2341, 2, 128, 74, 0, 0),
(2342, 3, 134, 75, 0, 0),
(2343, 4, 135, 77, 0, 0),
(2344, 4, 80, 72, 0, 0),
(2345, 5, 98, 77, 0, 0),
(2346, 3, 92, 71, 0, 0),
(2347, 5, 114, 69, 0, 0),
(2348, 4, 98, 74, 0, 0),
(2349, 5, 106, 69, 0, 0),
(2350, 3, 148, 71, 0, 0),
(2351, 5, 107, 71, 0, 0),
(2352, 5, 109, 66, 0, 0),
(2353, 4, 96, 68, 0, 0),
(2354, 2, 124, 68, 0, 0),
(2355, 2, 103, 73, 0, 0),
(2356, 4, 117, 73, 0, 0),
(2357, 2, 135, 76, 0, 0),
(2358, 3, 144, 69, 0, 0),
(2359, 2, 150, 76, 0, 0),
(2360, 5, 128, 71, 0, 0),
(2361, 3, 118, 71, 0, 0),
(2362, 5, 91, 67, 0, 0),
(2363, 5, 96, 73, 0, 0),
(2364, 2, 91, 75, 0, 0),
(2365, 5, 145, 72, 0, 0),
(2366, 2, 119, 70, 0, 0),
(2367, 3, 117, 67, 0, 0),
(2368, 5, 127, 68, 0, 0),
(2369, 4, 85, 72, 0, 0),
(2370, 4, 104, 72, 0, 0),
(2371, 3, 85, 70, 0, 0),
(2372, 3, 136, 69, 0, 0),
(2373, 3, 99, 75, 0, 0),
(2374, 4, 145, 72, 0, 0),
(2375, 3, 128, 75, 0, 0),
(2376, 4, 121, 69, 0, 0),
(2377, 4, 144, 74, 0, 0),
(2378, 4, 150, 74, 0, 0),
(2379, 3, 141, 66, 0, 0),
(2380, 2, 143, 77, 0, 0),
(2381, 3, 123, 74, 0, 0),
(2382, 3, 110, 74, 0, 0),
(2383, 4, 86, 76, 0, 0),
(2384, 4, 95, 67, 0, 0),
(2385, 5, 84, 77, 0, 0),
(2386, 3, 114, 75, 0, 0),
(2387, 4, 122, 71, 0, 0),
(2388, 4, 112, 77, 0, 0),
(2389, 2, 109, 70, 0, 0),
(2390, 2, 131, 75, 0, 0),
(2391, 2, 82, 67, 0, 0),
(2392, 3, 101, 75, 0, 0),
(2393, 5, 95, 74, 0, 0),
(2394, 5, 123, 72, 0, 0),
(2395, 4, 138, 75, 0, 0),
(2396, 4, 141, 76, 0, 0),
(2397, 2, 147, 74, 0, 0),
(2398, 2, 120, 77, 0, 0),
(2399, 5, 134, 69, 0, 0),
(2400, 4, 101, 66, 0, 0),
(2401, 4, 148, 74, 0, 0),
(2402, 5, 149, 69, 0, 0),
(2403, 5, 103, 67, 0, 0),
(2404, 5, 147, 73, 0, 0),
(2405, 2, 100, 76, 0, 0),
(2406, 3, 131, 73, 0, 0),
(2407, 3, 147, 76, 0, 0),
(2408, 2, 120, 67, 0, 0),
(2409, 5, 96, 68, 0, 0),
(2410, 2, 116, 72, 0, 0),
(2411, 2, 127, 69, 0, 0),
(2412, 4, 121, 72, 0, 0),
(2413, 3, 119, 72, 0, 0),
(2414, 5, 92, 74, 0, 0),
(2415, 3, 131, 66, 0, 0),
(2416, 5, 115, 72, 0, 0),
(2417, 2, 82, 68, 0, 0),
(2418, 5, 88, 74, 0, 0),
(2419, 4, 110, 77, 0, 0),
(2420, 4, 88, 70, 0, 0),
(2421, 5, 124, 75, 0, 0),
(2422, 3, 111, 71, 0, 0),
(2423, 2, 126, 70, 0, 0),
(2424, 5, 99, 73, 0, 0),
(2425, 3, 94, 71, 0, 0),
(2426, 2, 144, 75, 0, 0),
(2427, 4, 129, 72, 0, 0),
(2428, 2, 139, 66, 0, 0),
(2429, 4, 98, 73, 0, 0),
(2430, 3, 144, 74, 0, 0),
(2431, 3, 103, 73, 0, 0),
(2432, 4, 107, 76, 0, 0),
(2433, 2, 85, 75, 0, 0),
(2434, 3, 120, 71, 0, 0),
(2435, 4, 107, 72, 0, 0),
(2436, 5, 131, 76, 0, 0),
(2437, 4, 108, 69, 0, 0),
(2438, 2, 95, 72, 0, 0),
(2439, 4, 147, 71, 0, 0),
(2440, 4, 150, 69, 0, 0),
(2441, 4, 132, 74, 0, 0),
(2442, 5, 146, 69, 0, 0),
(2443, 4, 109, 68, 0, 0),
(2444, 2, 119, 76, 0, 0),
(2445, 5, 213, 68, 1510284335, 1510284335),
(2446, 4, 135, 66, 0, 0),
(2447, 2, 129, 75, 0, 0),
(2448, 3, 134, 73, 0, 0),
(2449, 2, 96, 72, 0, 0),
(2450, 4, 119, 77, 0, 0),
(2451, 3, 145, 76, 0, 0),
(2452, 3, 81, 73, 0, 0),
(2453, 4, 99, 73, 0, 0),
(2454, 2, 90, 73, 0, 0),
(2455, 3, 88, 71, 0, 0),
(2456, 4, 130, 66, 0, 0),
(2457, 2, 94, 77, 0, 0),
(2458, 2, 90, 76, 0, 0),
(2459, 5, 147, 76, 0, 0),
(2460, 5, 149, 70, 0, 0),
(2461, 2, 81, 69, 0, 0),
(2462, 5, 115, 77, 0, 0),
(2463, 2, 101, 72, 0, 0),
(2464, 5, 102, 74, 0, 0),
(2465, 2, 148, 66, 0, 0),
(2466, 5, 123, 67, 0, 0),
(2467, 3, 101, 76, 0, 0),
(2468, 2, 97, 73, 0, 0),
(2469, 5, 81, 72, 0, 0),
(2470, 4, 124, 75, 0, 0),
(2471, 5, 119, 72, 0, 0),
(2472, 4, 108, 77, 0, 0),
(2473, 2, 92, 68, 0, 0),
(2474, 2, 129, 75, 0, 0),
(2475, 4, 150, 70, 0, 0),
(2476, 2, 127, 75, 0, 0),
(2477, 2, 111, 71, 0, 0),
(2478, 4, 112, 70, 0, 0),
(2479, 5, 104, 72, 0, 0),
(2480, 2, 82, 72, 0, 0),
(2481, 2, 131, 75, 0, 0),
(2482, 3, 140, 70, 0, 0),
(2483, 4, 133, 71, 0, 0),
(2484, 2, 115, 71, 0, 0),
(2485, 5, 131, 74, 0, 0),
(2486, 5, 213, 69, 1510284357, 1510284357),
(2487, 5, 213, 70, 1510284387, 1510284387),
(2488, 5, 213, 71, 1510284396, 1510284396),
(2489, 5, 213, 72, 1510284405, 1510284405),
(2490, 5, 213, 75, 1510284438, 1510284438),
(2491, 5, 213, 76, 1510284450, 1510284450),
(2492, 5, 213, 77, 1510284461, 1510284461),
(2493, 5, 213, 79, 1510284475, 1510284475),
(2494, 5, 133, 90, 0, 0),
(2495, 3, 126, 90, 0, 0),
(2496, 4, 128, 98, 0, 0),
(2497, 3, 85, 95, 0, 0),
(2498, 4, 136, 91, 0, 0),
(2499, 5, 88, 91, 0, 0),
(2500, 4, 148, 101, 0, 0),
(2501, 4, 88, 93, 0, 0),
(2502, 3, 115, 94, 0, 0),
(2503, 3, 89, 100, 0, 0),
(2504, 4, 87, 100, 0, 0),
(2505, 4, 121, 96, 0, 0),
(2506, 5, 150, 100, 0, 0),
(2507, 3, 139, 95, 0, 0),
(2508, 3, 105, 90, 0, 0),
(2509, 4, 83, 89, 0, 0),
(2510, 4, 147, 89, 0, 0),
(2511, 3, 117, 94, 0, 0),
(2512, 3, 120, 87, 0, 0),
(2513, 4, 117, 88, 0, 0),
(2514, 5, 149, 87, 0, 0),
(2515, 3, 106, 88, 0, 0),
(2516, 4, 140, 91, 0, 0),
(2517, 3, 131, 89, 0, 0),
(2518, 4, 89, 92, 0, 0),
(2519, 4, 104, 91, 0, 0),
(2520, 4, 150, 87, 0, 0),
(2521, 3, 123, 94, 0, 0),
(2522, 3, 110, 94, 0, 0),
(2523, 3, 96, 89, 0, 0),
(2524, 3, 134, 98, 0, 0),
(2525, 4, 92, 87, 0, 0),
(2526, 5, 144, 87, 0, 0),
(2527, 3, 80, 90, 0, 0),
(2528, 3, 82, 91, 0, 0),
(2529, 3, 141, 98, 0, 0),
(2530, 5, 100, 100, 0, 0),
(2531, 5, 83, 88, 0, 0),
(2532, 3, 100, 89, 0, 0),
(2533, 3, 139, 95, 0, 0),
(2534, 4, 91, 90, 0, 0),
(2535, 5, 133, 95, 0, 0),
(2536, 3, 81, 87, 0, 0),
(2537, 5, 137, 91, 0, 0),
(2538, 4, 111, 93, 0, 0),
(2539, 5, 118, 92, 0, 0),
(2540, 3, 134, 88, 0, 0),
(2541, 3, 111, 90, 0, 0),
(2542, 5, 121, 101, 0, 0),
(2543, 4, 99, 101, 0, 0),
(2544, 4, 89, 92, 0, 0),
(2545, 4, 106, 100, 0, 0),
(2546, 4, 137, 89, 0, 0),
(2547, 4, 85, 99, 0, 0),
(2548, 4, 92, 86, 0, 0),
(2549, 4, 121, 92, 0, 0),
(2550, 5, 131, 100, 0, 0),
(2551, 3, 86, 87, 0, 0),
(2552, 4, 112, 94, 0, 0),
(2553, 3, 139, 86, 0, 0),
(2554, 4, 150, 94, 0, 0),
(2555, 4, 113, 99, 0, 0),
(2556, 4, 85, 88, 0, 0),
(2557, 3, 145, 87, 0, 0),
(2558, 4, 123, 98, 0, 0),
(2559, 4, 90, 93, 0, 0),
(2560, 4, 113, 93, 0, 0),
(2561, 3, 139, 98, 0, 0),
(2562, 4, 119, 96, 0, 0),
(2563, 5, 132, 87, 0, 0),
(2564, 3, 127, 93, 0, 0),
(2565, 4, 97, 95, 0, 0),
(2566, 3, 122, 101, 0, 0),
(2567, 4, 84, 99, 0, 0),
(2568, 4, 86, 93, 0, 0),
(2569, 3, 109, 86, 0, 0),
(2570, 3, 118, 87, 0, 0),
(2571, 5, 144, 96, 0, 0),
(2572, 3, 104, 100, 0, 0),
(2573, 4, 90, 96, 0, 0),
(2574, 4, 146, 88, 0, 0),
(2575, 5, 105, 87, 0, 0),
(2576, 3, 107, 86, 0, 0),
(2577, 4, 141, 94, 0, 0),
(2578, 3, 93, 92, 0, 0),
(2579, 5, 149, 92, 0, 0),
(2580, 4, 134, 86, 0, 0),
(2581, 4, 117, 100, 0, 0),
(2582, 5, 106, 99, 0, 0),
(2583, 5, 83, 90, 0, 0),
(2584, 5, 95, 89, 0, 0),
(2585, 5, 117, 86, 0, 0),
(2586, 5, 97, 93, 0, 0),
(2587, 3, 90, 101, 0, 0),
(2588, 4, 115, 86, 0, 0),
(2589, 4, 108, 101, 0, 0),
(2590, 5, 87, 101, 0, 0),
(2591, 4, 88, 91, 0, 0),
(2592, 4, 118, 92, 0, 0),
(2593, 3, 85, 98, 0, 0),
(2594, 5, 86, 86, 0, 0),
(2595, 4, 143, 101, 0, 0),
(2596, 5, 102, 101, 0, 0),
(2597, 3, 109, 98, 0, 0),
(2598, 4, 99, 94, 0, 0),
(2599, 5, 80, 98, 0, 0),
(2600, 3, 84, 88, 0, 0),
(2601, 5, 114, 100, 0, 0),
(2602, 4, 93, 97, 0, 0),
(2603, 5, 105, 90, 0, 0),
(2604, 3, 135, 90, 0, 0),
(2605, 3, 98, 90, 0, 0),
(2606, 3, 116, 94, 0, 0),
(2607, 5, 147, 93, 0, 0),
(2608, 5, 103, 98, 0, 0),
(2609, 4, 129, 91, 0, 0),
(2610, 5, 119, 101, 0, 0),
(2611, 3, 98, 87, 0, 0),
(2612, 5, 111, 91, 0, 0),
(2613, 5, 143, 94, 0, 0),
(2614, 4, 127, 88, 0, 0),
(2615, 3, 99, 92, 0, 0),
(2616, 5, 101, 101, 0, 0),
(2617, 3, 104, 96, 0, 0),
(2618, 5, 146, 101, 0, 0),
(2619, 4, 82, 89, 0, 0),
(2620, 5, 130, 101, 0, 0),
(2621, 4, 84, 92, 0, 0),
(2622, 5, 142, 93, 0, 0),
(2623, 4, 144, 94, 0, 0),
(2624, 3, 116, 88, 0, 0),
(2625, 3, 114, 87, 0, 0),
(2626, 5, 110, 95, 0, 0),
(2627, 3, 138, 91, 0, 0),
(2628, 5, 82, 88, 0, 0),
(2629, 5, 115, 92, 0, 0),
(2630, 3, 140, 97, 0, 0),
(2631, 5, 107, 92, 0, 0),
(2632, 5, 119, 87, 0, 0),
(2633, 5, 115, 93, 0, 0),
(2634, 5, 97, 94, 0, 0),
(2635, 3, 91, 92, 0, 0),
(2636, 5, 145, 95, 0, 0),
(2637, 3, 117, 99, 0, 0),
(2638, 4, 100, 97, 0, 0),
(2639, 4, 88, 96, 0, 0),
(2640, 3, 135, 97, 0, 0),
(2641, 5, 144, 92, 0, 0),
(2642, 5, 114, 99, 0, 0),
(2643, 4, 103, 90, 0, 0),
(2644, 4, 94, 87, 0, 0),
(2645, 5, 124, 88, 0, 0),
(2646, 3, 106, 89, 0, 0),
(2647, 5, 122, 96, 0, 0),
(2648, 4, 121, 87, 0, 0),
(2649, 3, 142, 86, 0, 0),
(2650, 3, 140, 93, 0, 0),
(2651, 4, 102, 101, 0, 0),
(2652, 3, 101, 92, 0, 0),
(2653, 3, 136, 101, 0, 0),
(2654, 4, 124, 86, 0, 0),
(2655, 5, 82, 86, 0, 0),
(2656, 5, 108, 92, 0, 0),
(2657, 4, 141, 88, 0, 0),
(2658, 5, 139, 101, 0, 0),
(2659, 4, 116, 100, 0, 0),
(2660, 3, 122, 93, 0, 0),
(2661, 5, 142, 100, 0, 0),
(2662, 4, 91, 97, 0, 0),
(2663, 5, 82, 93, 0, 0),
(2664, 3, 81, 94, 0, 0),
(2665, 4, 101, 86, 0, 0),
(2666, 5, 132, 92, 0, 0),
(2667, 4, 90, 87, 0, 0),
(2668, 3, 118, 95, 0, 0),
(2669, 4, 87, 92, 0, 0),
(2670, 3, 133, 90, 0, 0),
(2671, 3, 138, 100, 0, 0),
(2672, 5, 100, 93, 0, 0),
(2673, 5, 91, 95, 0, 0),
(2674, 5, 110, 99, 0, 0),
(2675, 4, 122, 92, 0, 0),
(2676, 3, 133, 95, 0, 0),
(2677, 5, 132, 91, 0, 0),
(2678, 4, 120, 99, 0, 0),
(2679, 3, 96, 93, 0, 0),
(2680, 5, 126, 90, 0, 0),
(2681, 4, 145, 95, 0, 0),
(2682, 3, 101, 95, 0, 0),
(2683, 5, 100, 93, 0, 0),
(2684, 3, 126, 98, 0, 0),
(2685, 4, 84, 97, 0, 0),
(2686, 4, 120, 101, 0, 0),
(2687, 4, 138, 94, 0, 0),
(2688, 4, 125, 88, 0, 0),
(2689, 4, 114, 89, 0, 0),
(2690, 4, 124, 86, 0, 0),
(2691, 5, 91, 88, 0, 0),
(2692, 5, 120, 90, 0, 0),
(2693, 4, 86, 86, 0, 0),
(2694, 3, 129, 86, 0, 0),
(2695, 4, 100, 96, 0, 0),
(2696, 5, 125, 93, 0, 0),
(2697, 3, 112, 89, 0, 0),
(2698, 5, 127, 93, 0, 0),
(2699, 5, 125, 98, 0, 0),
(2700, 4, 94, 95, 0, 0),
(2701, 3, 96, 92, 0, 0),
(2702, 3, 98, 88, 0, 0),
(2703, 4, 143, 100, 0, 0),
(2704, 5, 83, 92, 0, 0),
(2705, 3, 109, 86, 0, 0),
(2706, 3, 108, 90, 0, 0),
(2707, 4, 136, 88, 0, 0),
(2708, 4, 102, 97, 0, 0),
(2709, 5, 132, 88, 0, 0),
(2710, 3, 148, 89, 0, 0),
(2711, 4, 142, 86, 0, 0),
(2712, 3, 139, 98, 0, 0),
(2713, 4, 116, 89, 0, 0),
(2714, 5, 139, 96, 0, 0),
(2715, 3, 129, 93, 0, 0),
(2716, 4, 109, 89, 0, 0),
(2717, 5, 81, 86, 0, 0),
(2718, 4, 92, 92, 0, 0),
(2719, 5, 119, 99, 0, 0),
(2720, 3, 144, 93, 0, 0),
(2721, 5, 111, 88, 0, 0),
(2722, 4, 123, 91, 0, 0),
(2723, 5, 125, 95, 0, 0),
(2724, 5, 115, 93, 0, 0),
(2725, 3, 150, 99, 0, 0),
(2726, 4, 145, 93, 0, 0),
(2727, 5, 95, 93, 0, 0),
(2728, 3, 127, 91, 0, 0),
(2729, 3, 92, 101, 0, 0),
(2730, 4, 129, 86, 0, 0),
(2731, 5, 82, 90, 0, 0),
(2732, 3, 120, 90, 0, 0),
(2733, 3, 80, 93, 0, 0),
(2734, 5, 92, 88, 0, 0),
(2735, 3, 147, 89, 0, 0),
(2736, 3, 135, 92, 0, 0),
(2737, 5, 138, 92, 0, 0),
(2738, 3, 104, 94, 0, 0),
(2739, 3, 140, 95, 0, 0),
(2740, 4, 119, 93, 0, 0),
(2741, 5, 115, 93, 0, 0),
(2742, 4, 129, 99, 0, 0),
(2743, 3, 92, 90, 0, 0),
(2744, 5, 125, 95, 0, 0),
(2745, 4, 86, 95, 0, 0),
(2746, 4, 146, 86, 0, 0),
(2747, 4, 141, 91, 0, 0),
(2748, 3, 89, 90, 0, 0),
(2749, 4, 122, 87, 0, 0),
(2750, 5, 103, 93, 0, 0),
(2751, 4, 127, 86, 0, 0),
(2752, 3, 84, 89, 0, 0),
(2753, 5, 141, 96, 0, 0),
(2754, 5, 105, 89, 0, 0),
(2755, 4, 146, 100, 0, 0),
(2756, 4, 140, 89, 0, 0),
(2757, 3, 98, 90, 0, 0),
(2758, 4, 116, 91, 0, 0),
(2759, 3, 80, 101, 0, 0),
(2760, 5, 148, 99, 0, 0),
(2761, 4, 87, 95, 0, 0),
(2762, 4, 145, 98, 0, 0),
(2763, 5, 113, 97, 0, 0),
(2764, 4, 124, 99, 0, 0),
(2765, 4, 100, 88, 0, 0),
(2766, 3, 130, 88, 0, 0),
(2767, 3, 143, 86, 0, 0),
(2768, 3, 96, 98, 0, 0),
(2769, 3, 127, 92, 0, 0),
(2770, 5, 123, 96, 0, 0),
(2771, 3, 131, 90, 0, 0),
(2772, 3, 128, 88, 0, 0),
(2773, 4, 147, 89, 0, 0),
(2774, 4, 116, 87, 0, 0),
(2775, 3, 94, 96, 0, 0),
(2776, 5, 113, 87, 0, 0),
(2777, 5, 94, 100, 0, 0),
(2778, 4, 126, 100, 0, 0),
(2779, 3, 145, 87, 0, 0),
(2780, 4, 131, 89, 0, 0),
(2781, 3, 144, 89, 0, 0),
(2782, 5, 127, 88, 0, 0),
(2783, 4, 104, 92, 0, 0),
(2784, 3, 99, 95, 0, 0),
(2785, 4, 111, 101, 0, 0),
(2786, 3, 123, 86, 0, 0),
(2787, 5, 129, 89, 0, 0),
(2788, 3, 117, 100, 0, 0),
(2789, 5, 127, 94, 0, 0),
(2790, 4, 95, 94, 0, 0),
(2791, 3, 92, 100, 0, 0),
(2792, 4, 81, 97, 0, 0),
(2793, 4, 85, 101, 0, 0),
(2794, 3, 117, 90, 0, 0),
(2795, 3, 122, 93, 0, 0),
(2796, 5, 97, 92, 0, 0),
(2797, 5, 146, 89, 0, 0),
(2798, 5, 88, 97, 0, 0),
(2799, 5, 134, 94, 0, 0),
(2800, 4, 105, 87, 0, 0),
(2801, 3, 122, 95, 0, 0),
(2802, 5, 96, 97, 0, 0),
(2803, 4, 147, 91, 0, 0),
(2804, 4, 145, 100, 0, 0),
(2805, 5, 111, 90, 0, 0),
(2806, 4, 115, 86, 0, 0),
(2807, 3, 104, 99, 0, 0),
(2808, 3, 141, 93, 0, 0),
(2809, 4, 109, 101, 0, 0),
(2810, 4, 102, 98, 0, 0),
(2811, 3, 99, 86, 0, 0),
(2812, 3, 147, 86, 0, 0),
(2813, 3, 81, 89, 0, 0),
(2814, 3, 90, 95, 0, 0),
(2815, 4, 92, 92, 0, 0),
(2816, 5, 146, 89, 0, 0),
(2817, 4, 143, 89, 0, 0),
(2818, 4, 110, 90, 0, 0),
(2819, 4, 117, 94, 0, 0),
(2820, 3, 86, 87, 0, 0),
(2821, 5, 95, 98, 0, 0),
(2822, 5, 103, 92, 0, 0),
(2823, 3, 95, 98, 0, 0),
(2824, 5, 97, 91, 0, 0),
(2825, 4, 129, 86, 0, 0),
(2826, 3, 103, 99, 0, 0),
(2827, 4, 134, 95, 0, 0),
(2828, 5, 133, 96, 0, 0),
(2829, 3, 114, 94, 0, 0),
(2830, 3, 124, 89, 0, 0),
(2831, 4, 126, 97, 0, 0),
(2832, 3, 117, 94, 0, 0),
(2833, 4, 146, 92, 0, 0),
(2834, 5, 89, 94, 0, 0),
(2835, 3, 106, 89, 0, 0),
(2836, 4, 109, 91, 0, 0),
(2837, 3, 89, 94, 0, 0),
(2838, 4, 116, 97, 0, 0),
(2839, 4, 149, 99, 0, 0),
(2840, 5, 90, 87, 0, 0),
(2841, 3, 107, 99, 0, 0),
(2842, 5, 129, 91, 0, 0),
(2843, 5, 82, 99, 0, 0),
(2844, 3, 122, 97, 0, 0),
(2845, 3, 129, 93, 0, 0),
(2846, 3, 124, 101, 0, 0),
(2847, 3, 111, 95, 0, 0),
(2848, 5, 148, 93, 0, 0),
(2849, 5, 145, 95, 0, 0),
(2850, 5, 119, 99, 0, 0),
(2851, 5, 102, 91, 0, 0),
(2852, 4, 98, 93, 0, 0),
(2853, 4, 100, 99, 0, 0),
(2854, 4, 96, 86, 0, 0),
(2855, 3, 125, 90, 0, 0),
(2856, 4, 147, 94, 0, 0),
(2857, 4, 143, 91, 0, 0),
(2858, 5, 87, 100, 0, 0),
(2859, 5, 126, 99, 0, 0),
(2860, 4, 128, 95, 0, 0),
(2861, 4, 94, 93, 0, 0),
(2862, 4, 133, 92, 0, 0),
(2863, 3, 125, 87, 0, 0),
(2864, 3, 144, 98, 0, 0),
(2865, 3, 145, 91, 0, 0),
(2866, 4, 98, 96, 0, 0),
(2867, 5, 111, 90, 0, 0),
(2868, 4, 89, 86, 0, 0),
(2869, 4, 140, 91, 0, 0),
(2870, 4, 139, 86, 0, 0),
(2871, 3, 116, 96, 0, 0),
(2872, 3, 87, 89, 0, 0),
(2873, 5, 101, 89, 0, 0),
(2874, 4, 136, 94, 0, 0),
(2875, 5, 112, 99, 0, 0),
(2876, 4, 132, 93, 0, 0),
(2877, 4, 118, 96, 0, 0),
(2878, 5, 106, 97, 0, 0),
(2879, 4, 137, 91, 0, 0),
(2880, 4, 98, 96, 0, 0),
(2881, 5, 84, 86, 0, 0),
(2882, 4, 92, 86, 0, 0),
(2883, 3, 114, 89, 0, 0),
(2884, 4, 144, 92, 0, 0),
(2885, 5, 122, 92, 0, 0),
(2886, 3, 122, 94, 0, 0),
(2887, 5, 128, 87, 0, 0),
(2888, 5, 97, 94, 0, 0),
(2889, 3, 85, 89, 0, 0),
(2890, 3, 114, 89, 0, 0),
(2891, 4, 95, 98, 0, 0),
(2892, 4, 93, 100, 0, 0),
(2893, 5, 149, 101, 0, 0),
(2894, 4, 128, 91, 0, 0),
(2895, 4, 139, 97, 0, 0),
(2896, 3, 140, 86, 0, 0),
(2897, 3, 96, 88, 0, 0),
(2898, 4, 111, 99, 0, 0),
(2899, 4, 84, 88, 0, 0),
(2900, 3, 122, 86, 0, 0),
(2901, 4, 136, 94, 0, 0),
(2902, 4, 109, 99, 0, 0),
(2903, 3, 93, 92, 0, 0),
(2904, 3, 141, 100, 0, 0),
(2905, 4, 140, 89, 0, 0),
(2906, 5, 130, 88, 0, 0),
(2907, 5, 116, 88, 0, 0),
(2908, 5, 87, 100, 0, 0),
(2909, 3, 90, 91, 0, 0),
(2910, 5, 148, 96, 0, 0),
(2911, 4, 137, 90, 0, 0),
(2912, 4, 139, 95, 0, 0),
(2913, 4, 113, 92, 0, 0),
(2914, 4, 109, 88, 0, 0),
(2915, 4, 142, 96, 0, 0),
(2916, 4, 109, 97, 0, 0),
(2917, 3, 102, 97, 0, 0),
(2918, 4, 104, 86, 0, 0),
(2919, 5, 107, 92, 0, 0),
(2920, 5, 87, 94, 0, 0),
(2921, 3, 100, 87, 0, 0),
(2922, 4, 111, 97, 0, 0),
(2923, 4, 104, 97, 0, 0),
(2924, 4, 124, 97, 0, 0),
(2925, 3, 126, 100, 0, 0),
(2926, 4, 82, 97, 0, 0),
(2927, 5, 100, 89, 0, 0),
(2928, 5, 106, 95, 0, 0),
(2929, 5, 140, 99, 0, 0),
(2930, 4, 149, 99, 0, 0),
(2931, 4, 117, 89, 0, 0),
(2932, 4, 138, 90, 0, 0),
(2933, 5, 117, 96, 0, 0),
(2934, 3, 131, 87, 0, 0),
(2935, 4, 91, 90, 0, 0),
(2936, 4, 139, 99, 0, 0),
(2937, 5, 91, 93, 0, 0),
(2938, 5, 148, 87, 0, 0),
(2939, 4, 130, 95, 0, 0),
(2940, 5, 88, 100, 0, 0),
(2941, 5, 93, 88, 0, 0),
(2942, 3, 111, 99, 0, 0),
(2943, 4, 148, 90, 0, 0),
(2944, 3, 83, 91, 0, 0),
(2945, 3, 90, 92, 0, 0),
(2946, 5, 128, 96, 0, 0),
(2947, 3, 125, 101, 0, 0),
(2948, 5, 150, 88, 0, 0),
(2949, 4, 123, 93, 0, 0),
(2950, 3, 120, 101, 0, 0),
(2951, 4, 128, 101, 0, 0),
(2952, 3, 81, 100, 0, 0),
(2953, 3, 144, 89, 0, 0),
(2954, 5, 139, 97, 0, 0),
(2955, 5, 92, 96, 0, 0),
(2956, 3, 113, 92, 0, 0),
(2957, 5, 129, 100, 0, 0),
(2958, 3, 83, 100, 0, 0),
(2959, 4, 147, 100, 0, 0),
(2960, 4, 90, 89, 0, 0),
(2961, 4, 87, 98, 0, 0),
(2962, 4, 87, 96, 0, 0),
(2963, 4, 135, 91, 0, 0),
(2964, 4, 103, 86, 0, 0),
(2965, 4, 104, 86, 0, 0),
(2966, 5, 133, 100, 0, 0),
(2967, 5, 116, 90, 0, 0),
(2968, 4, 108, 97, 0, 0),
(2969, 5, 119, 94, 0, 0),
(2970, 4, 126, 96, 0, 0),
(2971, 4, 138, 92, 0, 0),
(2972, 3, 97, 95, 0, 0),
(2973, 3, 144, 95, 0, 0),
(2974, 3, 87, 92, 0, 0),
(2975, 4, 90, 86, 0, 0),
(2976, 3, 101, 94, 0, 0),
(2977, 5, 81, 100, 0, 0),
(2978, 4, 146, 89, 0, 0),
(2979, 5, 105, 86, 0, 0),
(2980, 4, 90, 97, 0, 0),
(2981, 4, 116, 92, 0, 0),
(2982, 3, 108, 93, 0, 0),
(2983, 3, 92, 97, 0, 0),
(2984, 4, 88, 98, 0, 0),
(2985, 4, 104, 101, 0, 0),
(2986, 4, 80, 92, 0, 0),
(2987, 4, 97, 92, 0, 0),
(2988, 3, 103, 86, 0, 0),
(2989, 4, 121, 100, 0, 0),
(2990, 5, 124, 101, 0, 0),
(2991, 3, 145, 99, 0, 0),
(2992, 3, 142, 101, 0, 0),
(2993, 4, 127, 99, 0, 0),
(2994, 5, 93, 116, 0, 0),
(2995, 3, 136, 111, 0, 0),
(2996, 3, 134, 124, 0, 0),
(2997, 3, 141, 120, 0, 0),
(2998, 5, 97, 121, 0, 0),
(2999, 5, 137, 120, 0, 0),
(3000, 5, 94, 117, 0, 0),
(3001, 4, 127, 121, 0, 0),
(3002, 5, 123, 114, 0, 0),
(3003, 3, 127, 117, 0, 0),
(3004, 5, 92, 114, 0, 0),
(3005, 5, 99, 119, 0, 0),
(3006, 4, 88, 113, 0, 0),
(3007, 4, 138, 122, 0, 0),
(3008, 3, 146, 120, 0, 0),
(3009, 4, 89, 111, 0, 0),
(3010, 5, 127, 119, 0, 0),
(3011, 3, 94, 119, 0, 0),
(3012, 5, 103, 115, 0, 0),
(3013, 3, 108, 118, 0, 0),
(3014, 4, 142, 125, 0, 0),
(3015, 3, 144, 120, 0, 0),
(3016, 4, 97, 111, 0, 0),
(3017, 5, 87, 112, 0, 0),
(3018, 4, 84, 124, 0, 0),
(3019, 5, 149, 117, 0, 0),
(3020, 4, 98, 113, 0, 0),
(3021, 5, 91, 117, 0, 0),
(3022, 3, 129, 120, 0, 0),
(3023, 5, 134, 114, 0, 0),
(3024, 5, 127, 111, 0, 0),
(3025, 3, 111, 117, 0, 0),
(3026, 4, 95, 112, 0, 0),
(3027, 4, 148, 111, 0, 0),
(3028, 3, 127, 118, 0, 0),
(3029, 4, 132, 124, 0, 0),
(3030, 3, 99, 122, 0, 0),
(3031, 5, 125, 111, 0, 0),
(3032, 5, 107, 116, 0, 0),
(3033, 5, 102, 119, 0, 0),
(3034, 4, 138, 117, 0, 0),
(3035, 5, 119, 122, 0, 0),
(3036, 5, 90, 112, 0, 0),
(3037, 3, 131, 124, 0, 0),
(3038, 4, 106, 112, 0, 0),
(3039, 4, 105, 112, 0, 0),
(3040, 3, 109, 115, 0, 0),
(3041, 5, 120, 125, 0, 0),
(3042, 5, 116, 125, 0, 0),
(3043, 3, 126, 111, 0, 0),
(3044, 4, 141, 121, 0, 0),
(3045, 5, 106, 114, 0, 0),
(3046, 3, 104, 113, 0, 0),
(3047, 3, 114, 124, 0, 0),
(3048, 5, 109, 114, 0, 0),
(3049, 5, 104, 112, 0, 0),
(3050, 5, 146, 112, 0, 0),
(3051, 4, 128, 123, 0, 0),
(3052, 5, 92, 125, 0, 0),
(3053, 4, 116, 116, 0, 0),
(3054, 5, 110, 125, 0, 0),
(3055, 3, 132, 112, 0, 0),
(3056, 4, 143, 121, 0, 0),
(3057, 5, 147, 112, 0, 0),
(3058, 5, 113, 116, 0, 0),
(3059, 4, 105, 120, 0, 0),
(3060, 5, 109, 117, 0, 0),
(3061, 5, 126, 114, 0, 0),
(3062, 3, 81, 125, 0, 0),
(3063, 3, 108, 112, 0, 0),
(3064, 3, 95, 125, 0, 0),
(3065, 4, 122, 112, 0, 0),
(3066, 5, 112, 117, 0, 0),
(3067, 4, 118, 120, 0, 0),
(3068, 3, 147, 116, 0, 0),
(3069, 3, 140, 114, 0, 0),
(3070, 5, 134, 116, 0, 0),
(3071, 4, 123, 122, 0, 0),
(3072, 5, 137, 112, 0, 0),
(3073, 3, 133, 115, 0, 0),
(3074, 4, 132, 121, 0, 0),
(3075, 5, 82, 113, 0, 0),
(3076, 4, 96, 119, 0, 0),
(3077, 5, 99, 122, 0, 0),
(3078, 5, 116, 121, 0, 0),
(3079, 3, 128, 117, 0, 0),
(3080, 5, 82, 121, 0, 0),
(3081, 3, 113, 112, 0, 0),
(3082, 5, 80, 123, 0, 0),
(3083, 4, 82, 121, 0, 0),
(3084, 3, 109, 111, 0, 0),
(3085, 5, 145, 117, 0, 0),
(3086, 5, 137, 118, 0, 0),
(3087, 5, 84, 114, 0, 0),
(3088, 3, 139, 112, 0, 0),
(3089, 4, 94, 114, 0, 0),
(3090, 4, 144, 120, 0, 0),
(3091, 4, 117, 122, 0, 0),
(3092, 5, 123, 113, 0, 0),
(3093, 3, 92, 119, 0, 0),
(3094, 3, 126, 121, 0, 0),
(3095, 5, 146, 123, 0, 0),
(3096, 3, 124, 123, 0, 0),
(3097, 3, 119, 114, 0, 0),
(3098, 4, 92, 121, 0, 0),
(3099, 3, 150, 116, 0, 0),
(3100, 4, 148, 116, 0, 0),
(3101, 3, 82, 125, 0, 0),
(3102, 5, 86, 120, 0, 0),
(3103, 4, 96, 119, 0, 0),
(3104, 5, 106, 117, 0, 0),
(3105, 3, 105, 123, 0, 0),
(3106, 5, 88, 111, 0, 0),
(3107, 5, 147, 121, 0, 0),
(3108, 5, 148, 116, 0, 0),
(3109, 5, 95, 120, 0, 0),
(3110, 4, 138, 112, 0, 0),
(3111, 3, 141, 116, 0, 0),
(3112, 5, 115, 118, 0, 0),
(3113, 3, 138, 120, 0, 0),
(3114, 3, 103, 124, 0, 0),
(3115, 3, 85, 123, 0, 0),
(3116, 5, 145, 121, 0, 0),
(3117, 4, 126, 123, 0, 0),
(3118, 4, 114, 111, 0, 0),
(3119, 4, 146, 111, 0, 0),
(3120, 4, 127, 114, 0, 0),
(3121, 3, 144, 112, 0, 0),
(3122, 4, 96, 115, 0, 0),
(3123, 5, 143, 112, 0, 0),
(3124, 3, 108, 116, 0, 0),
(3125, 5, 126, 117, 0, 0),
(3126, 4, 95, 112, 0, 0),
(3127, 5, 136, 119, 0, 0),
(3128, 3, 135, 117, 0, 0),
(3129, 5, 100, 112, 0, 0),
(3130, 5, 93, 116, 0, 0),
(3131, 3, 89, 118, 0, 0),
(3132, 3, 117, 119, 0, 0),
(3133, 3, 80, 124, 0, 0),
(3134, 5, 105, 111, 0, 0),
(3135, 5, 103, 123, 0, 0),
(3136, 5, 104, 112, 0, 0),
(3137, 4, 137, 118, 0, 0),
(3138, 4, 117, 116, 0, 0),
(3139, 3, 131, 123, 0, 0),
(3140, 5, 90, 114, 0, 0),
(3141, 4, 131, 116, 0, 0),
(3142, 3, 132, 121, 0, 0),
(3143, 3, 91, 122, 0, 0),
(3144, 3, 120, 120, 0, 0),
(3145, 3, 82, 113, 0, 0),
(3146, 5, 95, 112, 0, 0),
(3147, 3, 139, 123, 0, 0),
(3148, 5, 81, 118, 0, 0),
(3149, 5, 129, 122, 0, 0),
(3150, 4, 81, 118, 0, 0),
(3151, 5, 112, 121, 0, 0),
(3152, 5, 147, 119, 0, 0),
(3153, 5, 103, 114, 0, 0),
(3154, 3, 96, 111, 0, 0),
(3155, 3, 130, 114, 0, 0),
(3156, 4, 94, 120, 0, 0),
(3157, 5, 123, 125, 0, 0),
(3158, 3, 114, 115, 0, 0),
(3159, 4, 129, 123, 0, 0),
(3160, 4, 132, 117, 0, 0),
(3161, 5, 107, 111, 0, 0),
(3162, 4, 145, 121, 0, 0),
(3163, 3, 96, 113, 0, 0),
(3164, 4, 147, 122, 0, 0),
(3165, 4, 115, 125, 0, 0),
(3166, 3, 80, 118, 0, 0),
(3167, 5, 85, 115, 0, 0),
(3168, 5, 84, 119, 0, 0),
(3169, 4, 84, 113, 0, 0),
(3170, 5, 96, 115, 0, 0),
(3171, 4, 134, 113, 0, 0),
(3172, 3, 109, 118, 0, 0),
(3173, 4, 112, 123, 0, 0),
(3174, 3, 141, 115, 0, 0),
(3175, 3, 147, 123, 0, 0),
(3176, 3, 104, 114, 0, 0),
(3177, 4, 119, 123, 0, 0),
(3178, 4, 113, 121, 0, 0),
(3179, 3, 110, 117, 0, 0),
(3180, 3, 117, 121, 0, 0),
(3181, 3, 150, 118, 0, 0),
(3182, 4, 103, 124, 0, 0),
(3183, 4, 106, 122, 0, 0),
(3184, 5, 143, 114, 0, 0),
(3185, 4, 89, 122, 0, 0),
(3186, 4, 136, 112, 0, 0),
(3187, 3, 149, 124, 0, 0),
(3188, 5, 145, 111, 0, 0),
(3189, 4, 103, 114, 0, 0),
(3190, 5, 136, 121, 0, 0),
(3191, 3, 118, 123, 0, 0),
(3192, 3, 97, 114, 0, 0),
(3193, 4, 140, 115, 0, 0),
(3194, 4, 140, 122, 0, 0),
(3195, 3, 102, 123, 0, 0),
(3196, 4, 135, 115, 0, 0),
(3197, 4, 130, 121, 0, 0),
(3198, 3, 118, 120, 0, 0),
(3199, 3, 87, 113, 0, 0),
(3200, 4, 109, 125, 0, 0),
(3201, 4, 97, 112, 0, 0),
(3202, 4, 96, 112, 0, 0),
(3203, 5, 102, 124, 0, 0),
(3204, 4, 150, 122, 0, 0),
(3205, 5, 81, 113, 0, 0),
(3206, 3, 135, 113, 0, 0),
(3207, 3, 124, 123, 0, 0),
(3208, 3, 94, 116, 0, 0),
(3209, 3, 120, 115, 0, 0),
(3210, 4, 145, 119, 0, 0),
(3211, 5, 108, 119, 0, 0),
(3212, 4, 81, 121, 0, 0),
(3213, 5, 128, 122, 0, 0),
(3214, 4, 117, 123, 0, 0),
(3215, 4, 116, 111, 0, 0),
(3216, 5, 85, 121, 0, 0),
(3217, 3, 93, 117, 0, 0),
(3218, 5, 150, 125, 0, 0),
(3219, 3, 111, 112, 0, 0),
(3220, 5, 113, 125, 0, 0),
(3221, 4, 143, 119, 0, 0),
(3222, 3, 130, 121, 0, 0),
(3223, 5, 142, 121, 0, 0),
(3224, 5, 93, 122, 0, 0),
(3225, 3, 113, 122, 0, 0),
(3226, 3, 132, 125, 0, 0),
(3227, 3, 97, 119, 0, 0),
(3228, 4, 108, 112, 0, 0),
(3229, 3, 96, 123, 0, 0),
(3230, 4, 91, 113, 0, 0),
(3231, 5, 111, 124, 0, 0),
(3232, 4, 123, 125, 0, 0),
(3233, 3, 96, 125, 0, 0),
(3234, 4, 105, 117, 0, 0),
(3235, 4, 89, 115, 0, 0),
(3236, 5, 143, 115, 0, 0),
(3237, 5, 147, 124, 0, 0),
(3238, 5, 150, 111, 0, 0),
(3239, 3, 87, 113, 0, 0),
(3240, 5, 134, 124, 0, 0),
(3241, 5, 82, 113, 0, 0),
(3242, 5, 149, 120, 0, 0),
(3243, 4, 123, 123, 0, 0),
(3244, 4, 101, 115, 0, 0),
(3245, 3, 118, 112, 0, 0),
(3246, 3, 143, 118, 0, 0),
(3247, 5, 112, 113, 0, 0),
(3248, 5, 87, 111, 0, 0),
(3249, 3, 87, 117, 0, 0),
(3250, 5, 146, 125, 0, 0),
(3251, 4, 135, 113, 0, 0),
(3252, 5, 96, 114, 0, 0),
(3253, 3, 95, 122, 0, 0),
(3254, 4, 116, 122, 0, 0),
(3255, 4, 106, 121, 0, 0),
(3256, 4, 111, 114, 0, 0),
(3257, 5, 108, 121, 0, 0),
(3258, 3, 117, 121, 0, 0),
(3259, 5, 143, 117, 0, 0),
(3260, 3, 105, 112, 0, 0),
(3261, 4, 130, 120, 0, 0),
(3262, 4, 115, 111, 0, 0),
(3263, 4, 116, 119, 0, 0),
(3264, 4, 88, 112, 0, 0),
(3265, 5, 138, 124, 0, 0),
(3266, 5, 143, 117, 0, 0),
(3267, 3, 92, 113, 0, 0),
(3268, 3, 107, 116, 0, 0),
(3269, 5, 132, 114, 0, 0),
(3270, 4, 139, 118, 0, 0),
(3271, 4, 132, 122, 0, 0),
(3272, 5, 91, 121, 0, 0),
(3273, 4, 99, 125, 0, 0),
(3274, 4, 126, 123, 0, 0),
(3275, 3, 93, 123, 0, 0),
(3276, 5, 150, 112, 0, 0),
(3277, 4, 138, 124, 0, 0),
(3278, 4, 104, 113, 0, 0),
(3279, 5, 80, 124, 0, 0),
(3280, 5, 126, 125, 0, 0),
(3281, 3, 146, 120, 0, 0),
(3282, 5, 113, 120, 0, 0),
(3283, 4, 150, 118, 0, 0),
(3284, 4, 135, 112, 0, 0),
(3285, 4, 91, 111, 0, 0),
(3286, 3, 145, 119, 0, 0),
(3287, 3, 106, 115, 0, 0),
(3288, 3, 89, 122, 0, 0),
(3289, 5, 117, 117, 0, 0),
(3290, 5, 145, 118, 0, 0),
(3291, 5, 145, 121, 0, 0),
(3292, 4, 148, 125, 0, 0),
(3293, 3, 103, 118, 0, 0),
(3294, 4, 129, 111, 0, 0),
(3295, 3, 114, 120, 0, 0),
(3296, 3, 142, 125, 0, 0),
(3297, 4, 150, 123, 0, 0),
(3298, 5, 114, 114, 0, 0),
(3299, 5, 88, 122, 0, 0),
(3300, 3, 127, 120, 0, 0),
(3301, 5, 84, 120, 0, 0),
(3302, 5, 145, 111, 0, 0),
(3303, 5, 109, 117, 0, 0),
(3304, 4, 146, 118, 0, 0),
(3305, 5, 87, 116, 0, 0),
(3306, 4, 129, 111, 0, 0),
(3307, 3, 115, 117, 0, 0),
(3308, 4, 100, 114, 0, 0),
(3309, 5, 144, 119, 0, 0),
(3310, 4, 136, 117, 0, 0),
(3311, 5, 128, 114, 0, 0),
(3312, 5, 124, 121, 0, 0),
(3313, 5, 95, 116, 0, 0),
(3314, 5, 89, 120, 0, 0),
(3315, 4, 107, 117, 0, 0),
(3316, 3, 118, 117, 0, 0),
(3317, 4, 93, 122, 0, 0),
(3318, 4, 133, 118, 0, 0),
(3319, 3, 129, 114, 0, 0),
(3320, 3, 137, 124, 0, 0),
(3321, 4, 149, 122, 0, 0),
(3322, 5, 97, 118, 0, 0),
(3323, 4, 132, 123, 0, 0),
(3324, 3, 129, 125, 0, 0),
(3325, 3, 146, 119, 0, 0),
(3326, 4, 81, 113, 0, 0),
(3327, 4, 110, 114, 0, 0),
(3328, 4, 93, 120, 0, 0),
(3329, 3, 83, 124, 0, 0),
(3330, 3, 144, 114, 0, 0),
(3331, 4, 88, 118, 0, 0),
(3332, 5, 94, 118, 0, 0),
(3333, 3, 114, 124, 0, 0),
(3334, 4, 81, 117, 0, 0),
(3335, 5, 122, 125, 0, 0),
(3336, 4, 104, 121, 0, 0),
(3337, 5, 140, 116, 0, 0),
(3338, 5, 105, 125, 0, 0),
(3339, 5, 119, 123, 0, 0),
(3340, 4, 109, 124, 0, 0),
(3341, 5, 127, 125, 0, 0),
(3342, 4, 81, 119, 0, 0),
(3343, 5, 141, 113, 0, 0),
(3344, 5, 139, 117, 0, 0),
(3345, 4, 107, 120, 0, 0),
(3346, 5, 104, 116, 0, 0),
(3347, 3, 128, 116, 0, 0),
(3348, 4, 86, 123, 0, 0),
(3349, 5, 135, 116, 0, 0),
(3350, 3, 92, 122, 0, 0),
(3351, 4, 82, 118, 0, 0),
(3352, 5, 135, 116, 0, 0),
(3353, 3, 118, 123, 0, 0),
(3354, 4, 83, 114, 0, 0),
(3355, 3, 150, 123, 0, 0),
(3356, 4, 113, 122, 0, 0),
(3357, 3, 81, 121, 0, 0),
(3358, 5, 82, 120, 0, 0),
(3359, 4, 93, 115, 0, 0),
(3360, 3, 86, 113, 0, 0),
(3361, 4, 115, 115, 0, 0),
(3362, 4, 131, 116, 0, 0),
(3363, 4, 148, 114, 0, 0),
(3364, 4, 146, 119, 0, 0),
(3365, 3, 96, 125, 0, 0),
(3366, 4, 148, 124, 0, 0),
(3367, 4, 134, 123, 0, 0),
(3368, 4, 87, 123, 0, 0),
(3369, 4, 150, 120, 0, 0),
(3370, 3, 143, 123, 0, 0),
(3371, 3, 114, 114, 0, 0),
(3372, 5, 105, 116, 0, 0),
(3373, 5, 120, 119, 0, 0),
(3374, 3, 119, 111, 0, 0),
(3375, 3, 89, 112, 0, 0),
(3376, 5, 121, 123, 0, 0),
(3377, 4, 89, 123, 0, 0),
(3378, 5, 114, 123, 0, 0),
(3379, 4, 127, 120, 0, 0),
(3380, 4, 101, 121, 0, 0),
(3381, 5, 122, 111, 0, 0),
(3382, 4, 138, 121, 0, 0),
(3383, 4, 88, 122, 0, 0),
(3384, 5, 91, 124, 0, 0),
(3385, 4, 82, 120, 0, 0),
(3386, 5, 122, 114, 0, 0),
(3387, 3, 143, 123, 0, 0),
(3388, 5, 116, 122, 0, 0),
(3389, 4, 106, 117, 0, 0),
(3390, 3, 132, 123, 0, 0),
(3391, 3, 107, 119, 0, 0),
(3392, 4, 102, 119, 0, 0),
(3393, 3, 137, 116, 0, 0),
(3394, 3, 82, 122, 0, 0),
(3395, 5, 142, 115, 0, 0),
(3396, 5, 87, 123, 0, 0),
(3397, 4, 89, 117, 0, 0),
(3398, 4, 130, 112, 0, 0),
(3399, 4, 95, 115, 0, 0),
(3400, 4, 103, 112, 0, 0),
(3401, 5, 116, 120, 0, 0),
(3402, 4, 99, 113, 0, 0),
(3403, 4, 112, 124, 0, 0),
(3404, 4, 124, 117, 0, 0),
(3405, 3, 118, 120, 0, 0),
(3406, 3, 82, 119, 0, 0),
(3407, 3, 141, 120, 0, 0),
(3408, 3, 122, 120, 0, 0),
(3409, 4, 128, 123, 0, 0),
(3410, 3, 138, 111, 0, 0),
(3411, 3, 87, 118, 0, 0),
(3412, 5, 135, 111, 0, 0),
(3413, 3, 82, 118, 0, 0),
(3414, 3, 82, 124, 0, 0),
(3415, 4, 91, 124, 0, 0),
(3416, 5, 111, 116, 0, 0),
(3417, 3, 139, 125, 0, 0),
(3418, 3, 130, 113, 0, 0),
(3419, 3, 91, 112, 0, 0),
(3420, 4, 127, 124, 0, 0),
(3421, 4, 132, 113, 0, 0),
(3422, 3, 145, 117, 0, 0),
(3423, 4, 110, 114, 0, 0),
(3424, 3, 134, 113, 0, 0),
(3425, 3, 128, 114, 0, 0),
(3426, 4, 83, 112, 0, 0),
(3427, 3, 86, 118, 0, 0),
(3428, 3, 95, 114, 0, 0),
(3429, 3, 117, 117, 0, 0),
(3430, 4, 144, 119, 0, 0),
(3431, 3, 110, 115, 0, 0),
(3432, 5, 126, 111, 0, 0),
(3433, 4, 131, 120, 0, 0),
(3434, 3, 87, 114, 0, 0),
(3435, 4, 89, 121, 0, 0),
(3436, 3, 139, 114, 0, 0),
(3437, 5, 88, 117, 0, 0),
(3438, 3, 113, 120, 0, 0),
(3439, 5, 136, 111, 0, 0),
(3440, 5, 138, 114, 0, 0),
(3441, 5, 147, 118, 0, 0),
(3442, 5, 80, 112, 0, 0),
(3443, 5, 111, 123, 0, 0),
(3444, 4, 138, 118, 0, 0),
(3445, 3, 84, 125, 0, 0),
(3446, 3, 111, 117, 0, 0),
(3447, 5, 140, 121, 0, 0),
(3448, 4, 82, 119, 0, 0),
(3449, 4, 134, 115, 0, 0),
(3450, 4, 131, 112, 0, 0),
(3451, 4, 102, 119, 0, 0),
(3452, 4, 91, 117, 0, 0),
(3453, 4, 95, 111, 0, 0),
(3454, 5, 149, 122, 0, 0),
(3455, 4, 109, 115, 0, 0),
(3456, 3, 93, 125, 0, 0),
(3457, 5, 134, 111, 0, 0),
(3458, 5, 115, 121, 0, 0),
(3459, 3, 89, 120, 0, 0),
(3460, 3, 150, 121, 0, 0),
(3461, 5, 99, 123, 0, 0),
(3462, 5, 137, 111, 0, 0),
(3463, 3, 146, 117, 0, 0),
(3464, 5, 130, 117, 0, 0),
(3465, 3, 123, 116, 0, 0),
(3466, 3, 127, 114, 0, 0),
(3467, 4, 108, 120, 0, 0),
(3468, 3, 116, 115, 0, 0),
(3469, 4, 128, 125, 0, 0),
(3470, 5, 124, 120, 0, 0),
(3471, 3, 125, 120, 0, 0),
(3472, 4, 138, 124, 0, 0),
(3473, 5, 138, 122, 0, 0),
(3474, 3, 93, 113, 0, 0),
(3475, 3, 102, 111, 0, 0),
(3476, 4, 102, 118, 0, 0),
(3477, 4, 132, 122, 0, 0),
(3478, 3, 95, 124, 0, 0),
(3479, 5, 115, 111, 0, 0),
(3480, 5, 148, 121, 0, 0),
(3481, 4, 101, 114, 0, 0),
(3482, 4, 130, 116, 0, 0),
(3483, 5, 91, 113, 0, 0),
(3484, 5, 89, 116, 0, 0),
(3485, 3, 125, 118, 0, 0),
(3486, 5, 120, 119, 0, 0),
(3487, 4, 143, 121, 0, 0),
(3488, 5, 125, 125, 0, 0),
(3489, 5, 131, 112, 0, 0),
(3490, 3, 142, 117, 0, 0),
(3491, 3, 100, 115, 0, 0),
(3492, 4, 139, 119, 0, 0),
(3493, 4, 107, 113, 0, 0),
(3494, 5, 214, 47, 1510285278, 1510285278),
(3495, 5, 214, 48, 1510285441, 1510285441),
(3496, 5, 214, 49, 1510285471, 1510285471),
(3497, 5, 214, 50, 1510285509, 1510285509),
(3498, 5, 214, 51, 1510285525, 1510285525),
(3499, 5, 214, 52, 1510285539, 1510285539),
(3500, 5, 214, 53, 1510285551, 1510285551),
(3501, 5, 214, 54, 1510285589, 1510285589),
(3502, 5, 214, 55, 1510285607, 1510285607),
(3503, 5, 217, 26, 1510291556, 1510291556),
(3504, 5, 2, 82, 1510295087, 1510295087),
(3505, 3, 208, 126, 1512050892, 1512050892),
(3506, 3, 223, 109, 1512132270, 1512132270),
(3507, 3, 223, 84, 1512209527, 1512209527);

-- --------------------------------------------------------

--
-- Table structure for table `restaurant`
--

CREATE TABLE `restaurant` (
  `id` int(11) NOT NULL,
  `name` varchar(255) COLLATE utf8_unicode_ci NOT NULL,
  `address` varchar(255) COLLATE utf8_unicode_ci NOT NULL,
  `phone` varchar(255) COLLATE utf8_unicode_ci NOT NULL,
  `image` varchar(255) COLLATE utf8_unicode_ci NOT NULL,
  `no_address` double DEFAULT NULL,
  `avg_rate` double DEFAULT NULL,
  `no_rate` double DEFAULT NULL,
  `no_suggestion` double DEFAULT NULL,
  `status` varchar(255) COLLATE utf8_unicode_ci DEFAULT NULL,
  `user_id` int(11) NOT NULL,
  `city_id` int(11) NOT NULL,
  `district_id` int(11) NOT NULL,
  `num_rate` int(11) DEFAULT NULL,
  `num_comment` int(11) NOT NULL,
  `created_at` int(11) NOT NULL,
  `updated_at` int(11) NOT NULL
) ENGINE=InnoDB DEFAULT CHARSET=utf8 COLLATE=utf8_unicode_ci;

--
-- Dumping data for table `restaurant`
--

INSERT INTO `restaurant` (`id`, `name`, `address`, `phone`, `image`, `no_address`, `avg_rate`, `no_rate`, `no_suggestion`, `status`, `user_id`, `city_id`, `district_id`, `num_rate`, `num_comment`, `created_at`, `updated_at`) VALUES
(26, 'Nhà hàng Hoa Sơn', '72 Nguyễn Chánh, Liên Chiểu, Đà Nẵng', '05113942999', 'upload/restaurant62415.jpg', NULL, 3.6, NULL, NULL, '1', 2, 1, 1, 75, 10, 1509085077, 1509248946),
(27, 'Nhà hàng L\' Italiano', '400 Chu Huy Mân, Quận Sơn Trà, Đà Nẵng', '0163589475', 'upload/restaurant24871.jpg', NULL, 3.73, NULL, NULL, '1', 6, 1, 4, 62, 29, 1509089915, 1509089915),
(28, 'Happy Heart Family', '58 Lý Tự Trọng, Thanh Khê, Đà Nẵng', '0156984256', 'upload/restaurant82455.jpg', NULL, 3.55, NULL, NULL, '1', 7, 1, 5, 49, 9, 1509090172, 1509090172),
(35, 'Sea Food Restaurant', 'Lô 20 Mỹ Đa Tây 2, Sơn Trà, Đà Nẵng', '0986954782', 'upload/restaurant17624.jpg', NULL, 4.04, NULL, NULL, 'Đang hoạt động', 8, 1, 4, 74, 46, 1509090252, 1512273937),
(38, 'Nhà hàng Việt Bắc', '722 Tôn Đức Thắng, Hòa Khánh Bắc', '05113942999', 'upload/restaurant62415.jpg', NULL, 3.53, NULL, NULL, '1', 2, 1, 1, 19, 21, 1509085077, 1509085077),
(40, 'Nhà hàng Umi ', '10 Phan Bội Châu, Quận Hải Châu, Đà Nẵng', '01256987456', 'upload/restaurant40879.jpg', NULL, 3.45, NULL, NULL, '1', 10, 1, 2, 22, 15, 1509108936, 1509108936),
(41, 'Nhà hàng Kita Guni ', '74 Bạch Đằng , Quận Hải Châu, Đà Nẵng', '01265478965', 'upload/restaurant25276.jpg', NULL, 2.91, NULL, NULL, '1', 11, 1, 2, 11, 23, 1509109257, 1509109257),
(42, 'Nhà hàng Sushi Bar', '51 Nguyễn Chí Thanh, Hải Châu, Đà Nẵng', '0165897458', 'upload/restaurant71512.jpg', NULL, 4, NULL, NULL, '1', 14, 1, 2, 16, 26, 1509248579, 1509248897),
(43, 'Nhà hàng Taichi Lẩu', '15 Nguyễn Du, Hải Châu, Đà Nẵng', '0165879654', 'upload/restaurant28806.jpg', NULL, 3.65, NULL, NULL, '1', 13, 1, 2, 23, 16, 1509249126, 1509249126),
(44, 'Nhà hàng Bread of Life ', '4 Nguyễn Tất Thành, Hải Châu, Đà Nẵng', '0163214875', 'upload/restaurant61670.jpg', NULL, 3.63, NULL, NULL, '1', 15, 1, 5, 16, 13, 1509249842, 1509249842),
(45, 'Mamma Mia  Nhà Hàng Ý ', '72 Hàm Nghi, Thanh Khê, Đà Nẵng', '0165894785', 'upload/restaurant63311.jpg', NULL, 3.83, NULL, NULL, '1', 10, 1, 5, 12, 14, 1509250075, 1509250075),
(46, 'Nhà hàng Don Cipriani’s', '12 Trường Sa, Ngũ Hành Sơn, Đà Nẵng', '0165894786', 'upload/restaurant73447.jpg', NULL, 3.39, NULL, NULL, '1', 8, 1, 3, 18, 16, 1509250173, 1509250173),
(47, 'Nhà hàng Hoa Anh Đào', '125 Trường Sa, Ngũ Hành Sơn, Đà Nẵng', '01259874562', 'upload/restaurant60423.jpg', NULL, 3.72, NULL, NULL, '1', 19, 1, 3, 25, 27, 1509469204, 1509469204),
(48, 'Nhà hàng Xiên Nướng', '23 Nguyễn Chí Thanh, Hải Châu, Đà Nẵng', '0163258974', 'upload/restaurant38905.jpg', NULL, 3.59, NULL, NULL, '1', 21, 1, 2, 22, 22, 1509469258, 1509469678),
(49, 'Nhà hàng One Cha Chang', '01 Lý Văn Tố, Sơn Trà, Đà Nẵng', '0159865478', 'upload/restaurant99866.jpg', NULL, 3.4, NULL, NULL, '1', 22, 1, 4, 20, 21, 1509469344, 1509469344),
(50, 'Dae Jang Gum – Hàn Quốc', ' 74 Bạch Đằng, Quận Hải Châu, Đà Nẵng', '01689748562', 'upload/restaurant57225.jpg', NULL, 3.62, NULL, NULL, '1', 23, 1, 2, 13, 26, 1509469415, 1509469690),
(51, 'Korean Fastfood', '139 Nguyễn Chí Thanh, Hải Châu, Đà Nẵng', '01268974562', 'upload/restaurant2023.jpg', NULL, 3.53, NULL, NULL, '1', 25, 1, 2, 30, 22, 1509469460, 1509469753),
(52, 'Korean Ariang Restaurant ', 'Nguyễn Văn Thoại, Sơn Trà, Đà Nẵng', '01698745987', 'upload/restaurant79507.jpg', NULL, 3.57, NULL, NULL, '1', 26, 1, 4, 21, 21, 1509469508, 1509469508),
(53, 'Nhà hàng Lưu Hương', '127 Đồng Kè, Liên Chiểu, Đà Nẵng', '01356895128', 'upload/restaurant56791.jpg', NULL, 3.1, NULL, NULL, '1', 30, 1, 1, 21, 18, 1509602436, 1509602436),
(54, 'Nhà Léo Pizza & Cakes', '234 Phước Mỹ, Sơn Trà, Đà Nẵng', '01093462456', 'upload/restaurant10980.jpg', NULL, 3.72, NULL, NULL, '1', 31, 1, 4, 25, 23, 1509602641, 1509602641),
(55, 'Nhà hàng Pizza OM', '71 Trần Phú, Hải Châu, Đà Nẵng', '0162858130', 'upload/restaurant16906.jpg', NULL, 3.35, NULL, NULL, '1', 32, 1, 2, 26, 25, 1509602726, 1509602726),
(56, 'Nhà Hàng Mr. Pizza', '45 Trần Phú, Hải Châu, Đà Nẵng', '01680168492', 'upload/restaurant29587.jpg', NULL, 4, NULL, NULL, '1', 33, 1, 2, 1, 1, 1509602791, 1509603040),
(58, 'Nhà hàng Luna Pub', '9A Trần Phú, Hải Châu, Đà Nẵng', '0161959414', 'upload/restaurant89554.jpg', NULL, 3, NULL, NULL, '1', 34, 1, 2, 1, 1, 1509603331, 1509603331),
(59, 'Nhà hàng Bread of Life', '4 Đống Đa, Hải Châu, Đà Nẵng', '0167979249', 'upload/restaurant40848.jpg', NULL, 3, NULL, NULL, '1', 35, 1, 2, 1, 1, 1509603409, 1509603409),
(60, 'Mamma Mia – Nhà Hàng Ý', '72 Hàm Nghi, Thanh Khuê, Đà Nẵng', '0168796465', 'upload/restaurant30783.jpg', NULL, 3, NULL, NULL, '1', 36, 1, 5, 1, 1, 1509603473, 1509603473),
(63, 'Nhà hàng Don Cipriani’s – Furama Resort', '74 Trường Sa, Ngũ Hành Sơn, Đà Nẵng', '0163649562', 'upload/restaurant44543.jpg', NULL, 3, NULL, NULL, '1', 37, 1, 3, 1, 1, 1509607233, 1509607233),
(64, 'The Coolspot – Bar & Restaurant', '112 Trần Phú, Quận Hải Châu, Đà Nẵng', '01693624512', 'upload/restaurant82296.jpg', NULL, 3, NULL, NULL, '1', 38, 1, 2, 1, 1, 1509607381, 1509607381),
(66, 'The Billabong – Pub & Restaurant', '34 An Thượng 1, Ngũ Hành Sơn, Đà Nẵng', '0102629456', 'upload/restaurant82021.jpg', NULL, 3, NULL, NULL, '1', 39, 1, 3, 1, 1, 1509611224, 1509611224),
(67, 'Nhà hàng Mutaz Indian ', '231 Trần Phú, Hải Châu, Đà Nẵng', '01623546845', 'upload/restaurant44999.jpg', NULL, 3, NULL, NULL, '1', 40, 1, 2, 1, 1, 1509885539, 1509885655),
(68, 'Nhà hàng Mumtaz', '231 Trần Phú, Hải Châu, Đà Nẵng', '0163268456', 'upload/restaurant50567.jpg', NULL, 3.33, NULL, NULL, '1', 41, 1, 2, 33, 1, 1509885859, 1509885859),
(69, 'Nhà Hàng Đông Dương', '18 Trần Phú, Hải Châu, Đà Nẵng', '0168264567', 'upload/restaurant52547.jpg', NULL, 3.69, NULL, NULL, '1', 42, 1, 2, 52, 1, 1509885935, 1509885935),
(70, 'Nhà hàng Family Indian Restaurant', '231 Hồ Nghinh, Sơn Trà, Đà Nẵng', '01695642678', 'upload/restaurant93086.jpg', NULL, 3.68, NULL, NULL, '1', 43, 1, 4, 38, 1, 1509886026, 1509886026),
(71, 'Nhà hàng Syrena – Nhà hàng Bar', '1C Võ Nguyên Giáp, Quận Sơn Trà, Đà Nẵng', '0905624627', 'upload/restaurant38798.jpg', NULL, 3.31, NULL, NULL, '1', 44, 1, 4, 55, 1, 1509886201, 1510203883),
(72, 'Nhà hàng Crystal Jade Kitchen – Vincom Center Đà Nẵng', '910A Ngô Quyền, Quận Hải Châu, Đà Nẵng', '0162859624', 'upload/restaurant52033.jpg', NULL, 3.57, NULL, NULL, '1', 45, 1, 2, 49, 0, 1509886316, 1509886316),
(73, 'The Golden Dragon Restaurant – Grand Mercure Danang', 'Khu Đảo Xanh, Hải Châu, Đà Nẵng', '0905456789', 'upload/restaurant20404.jpg', NULL, 3.77, NULL, NULL, '1', 46, 1, 2, 86, 1, 1509886527, 1509886527),
(74, 'Nhà hàng Chen Shabu Shabu', '29 Phạm Hồng Thái, Quận Hải Châu, Đà Nẵng', '0165982345', 'upload/restaurant21948.jpg', NULL, 3.5, NULL, NULL, '1', 47, 1, 2, 2, 0, 1509886762, 1509886762),
(75, 'Nhà hàng Kim Đô Garden', '180 Trần Phú, Quận Hải Châu, Đà Nẵng', '0166564234', 'upload/restaurant17740.jpg', NULL, 3.11, NULL, NULL, '1', 47, 1, 2, 47, 0, 1509886846, 1509886846),
(76, 'Nhà hàng San Hô', 'Lô 12-13 Hoàng Sa, Quận Sơn Trà, Đà Nẵng', '0167568235', 'upload/restaurant99124.jpg', NULL, 3.59, NULL, NULL, '1', 48, 1, 4, 49, 0, 1509886912, 1509886912),
(77, 'Nhà hàng Tang Palace – Silver Shores International Resort', 'Trường Sa, Quận Ngũ Hành Sơn, Đà Nẵng', '0168692345', 'upload/restaurant22740.jpg', NULL, 3.26, NULL, NULL, '1', 49, 1, 3, 39, 0, 1509886981, 1509886981),
(79, 'Nhà hàng Cá Voi Xanh', 'Lô 5, 6 - Quận Sơn Trà - Đà Nẵng', '0162567532', 'upload/restaurant20318.jpg', NULL, 3.51, NULL, NULL, '1', 51, 1, 4, 80, 0, 1510115177, 1510115177),
(80, 'Nhà hàng Kim Đô và Kim Đô Garden', '178-180 Trần Phú - Quận Hải Châu - Đà Nẵng', '0169589623', 'upload/restaurant9139.jpg', NULL, 3, NULL, NULL, '1', 52, 1, 1, 1, 0, 1510115433, 1510115433),
(82, 'Nhà hàng A Taste of Hanoi', '33 Châu Long, quận Ba Đình, Hà Nội', '3715 3020', 'upload/restaurant98615.jpg', NULL, 3.73, NULL, NULL, '1', 53, 3, 6, 70, 34, 1510205437, 1510205437),
(83, 'Nhà hàng Đông Phương', ' 17 Tông Đản, Q. Hoàn Kiếm, Hà Nội', '3934 2898', 'upload/restaurant88521.jpg', NULL, 3, NULL, NULL, '1', 54, 3, 17, 1, 0, 1510205501, 1510205501),
(84, 'Nhà hàng Long Vương', '73 - 75 Thái Hà, Q. Đống Đa, Hà Nội', '3857 0418', 'upload/restaurant5302.jpg', NULL, 3.54, NULL, NULL, '1', 223, 3, 19, 78, 45, 1510205544, 1510205544),
(86, 'Nhà hàng Brother\' s Cafe', '26 Nguyễn Thái Học, Q. Hoàn Kiếm, Hà Nội', '3733 3866 ', 'upload/restaurant95048.jpg', NULL, 3, NULL, NULL, '1', 57, 3, 17, 1, 0, 1510205647, 1510205647),
(87, 'Nhà hàng Cửu Ngư Lầu', '413 Âu Cơ, quận Tây Hồ, Hà Nội', '3719 2888', 'upload/restaurant32086.jpg', NULL, 3, NULL, NULL, '1', 58, 3, 20, 1, 0, 1510205680, 1510205680),
(88, 'Nhà hàng Chả Cá Kinh Kỳ', '41 Huỳnh Thúc Kháng, quận Đống Đa, Hà Nội', '2215 8723', 'upload/restaurant95201.jpg', NULL, 3, NULL, NULL, '1', 59, 3, 19, 1, 0, 1510205729, 1510205729),
(89, 'Nhà hàng Club de L', '22 Tông Đản, quận Hoàn Kiếm, Hà Nội', '3826 8801 ', 'upload/restaurant30436.jpg', NULL, 3, NULL, NULL, '1', 60, 3, 17, 1, 0, 1510205807, 1510205807),
(90, 'Nhà hàng Grilland-BBQ', '76 Nguyễn Chí Thanh, quận Đống Đa, Hà Nội', '3775 6799', 'upload/restaurant77065.jpg', NULL, 3, NULL, NULL, '1', 61, 3, 19, 1, 0, 1510205850, 1510205850),
(91, 'Nhà hàng Hải Long Vương', '281 Đội Cấn, quận Ba Đình, Hà Nội', '3762 3788', 'upload/restaurant57480.jpg', NULL, 3, NULL, NULL, '1', 62, 3, 19, 1, 0, 1510205896, 1510205896),
(92, 'Nhà hàng Hải Triều Quán', '25 Láng Hạ, quận Đống Đa, Hà Nội', '6655 5888', 'upload/restaurant14357.jpg', NULL, 3, NULL, NULL, '1', 63, 3, 19, 1, 0, 1510205952, 1510205952),
(93, 'Nhà hàng Hoàng Đế', '18B Lê Thánh Tông, Q. Hoàn Kiếm, Hà Nội', '3857 0418', 'upload/restaurant95509.jpg', NULL, 3, NULL, NULL, '1', 64, 3, 17, 1, 0, 1510205992, 1510205992),
(94, 'Nhà hàng Âu Lạc House', '13 Trần Hưng Đạo, Q. Hoàn Kiếm, Hà Nội', '3933 3533 ', 'upload/restaurant56499.jpg', NULL, 3, NULL, NULL, '1', 65, 3, 17, 1, 0, 1510206036, 1510206036),
(95, 'Nhà hàng Buffef Ngọc Mai', '44 Lê Ngọc Hân, Q. Hai Bà Trưng, Hà Nội', ' 6220 6698', 'upload/restaurant77699.jpg', NULL, 3, NULL, NULL, '1', 66, 3, 18, 1, 0, 1510206090, 1510206090),
(96, 'Nhà hàng Cảnh Hồ', '171 Trường Chinh, Q.Thanh Xuân, Hà Nội', ' 3563 2686', 'upload/restaurant41854.jpg', NULL, 3, NULL, NULL, '1', 67, 3, 22, 1, 0, 1510206153, 1510206170),
(97, 'Nhà hàng Hanoi Marina', '12 Trấn Vũ, Q. Ba Đình, Hà Nội', '3716 3249', 'upload/restaurant97626.jpg', NULL, 3, NULL, NULL, '1', 68, 3, 6, 1, 0, 1510206239, 1510206239),
(98, 'Nhà hàng Lá Xanh', '9 Đường Long Biên, Q.Long Biên, Hà Nội', '3873 7478', 'upload/restaurant2912.jpg', NULL, 3, NULL, NULL, '1', 69, 3, 24, 1, 0, 1510206297, 1510206297),
(99, 'Nhà hàng Little Hanoi', '25 Tạ Hiền, Q. Hoàn Kiếm, Hà Nội', '3926 0168', 'upload/restaurant31753.jpg', NULL, 3, NULL, NULL, '1', 70, 3, 17, 1, 0, 1510206335, 1510206335),
(100, 'Nhà hàng Mandarin', '74 Xuân Diệu, quận Tây Hồ, Hà Nội', '3719 1168', 'upload/restaurant2012.jpg', NULL, 3.5, NULL, NULL, '1', 71, 3, 20, 2, 3, 1510206382, 1510206382),
(101, 'Nhà hàng Trống Đông Sơn', '1 Trần Đăng Ninh, Cầu Giấy, Hà Nội', '3833 9999', 'upload/restaurant86077.jpg', NULL, 3, NULL, NULL, '1', 72, 3, 21, 1, 0, 1510206449, 1510206449),
(103, 'Nhà hàng Cỗ Ngư', '278 Võ Thị Sáu, Quận 3, TP. Hồ Chí Minh.', '3932 5802', 'upload/restaurant95292.jpg', NULL, 3, NULL, NULL, '1', 74, 2, 39, 1, 0, 1510231284, 1510231284),
(105, 'Nhà hàng Maxim\'s Nam An', '13 Đồng Khởi, Quận 1, TP. Hồ Chí Minh', '38 296 676', 'upload/restaurant88502.jpg', NULL, 3, NULL, NULL, '1', 75, 2, 30, 1, 0, 1510231432, 1510231687),
(106, 'Nhà hàng Như Ý', '13 Quang Phục, Quận 5, TP. Hồ Chí Minh.', '38 555 442', 'upload/restaurant66631.jpg', NULL, 3, NULL, NULL, '1', 76, 2, 45, 1, 0, 1510231487, 1510241195),
(108, 'Hầm Rượu Vang La Cave de Saigon', '26 Mai Thị Lựu, Quận 1, TP. Hồ Chí Minh', '33652226', 'upload/restaurant93850.jpg', NULL, 3, NULL, NULL, '1', 78, 2, 30, 1, 0, 1510231729, 1510231729),
(109, 'Nhà hàng Phương Nam', '30 Trần Phú, Quận 1, TP. Hồ Chí Minh', '38996745', 'upload/restaurant15074.jpg', NULL, 3.73, NULL, NULL, '1', 212, 2, 30, 78, 108, 1510231811, 1510241551),
(111, 'Nhà hàng Hồ Gia', '24 Ấp Bắc, Quận Tân Bình, TP. Hồ Chí Minh.', ' 08 3842 8679', 'upload/restaurant63714.jpg', NULL, 3, NULL, NULL, '1', 81, 2, 35, 1, 0, 1510239686, 1510239686),
(112, 'Nhà hàng Hàn Quốc KimChiKimChi', '83 Nguyễn Thái Học, Quận 1, TP. HCM', '08235678', 'upload/restaurant84831.jpg', NULL, 3, NULL, NULL, '1', 82, 2, 30, 1, 0, 1510239746, 1510239746),
(113, 'Nhà hàng Thu Anh', '10 XVNT, Quận Bình Thạnh, TP. Hồ Chí Minh.', ' 35566 839', 'upload/restaurant35659.jpg', NULL, 3, NULL, NULL, '1', 83, 2, 32, 1, 0, 1510239820, 1510241372),
(114, 'H-Restaurant', '62-64 Đồng Nai, Quận 10, Tp Hồ Chí Minh', '08 62560777', 'upload/restaurant88076.jpg', NULL, 3, NULL, NULL, '1', 84, 2, 42, 1, 0, 1510239909, 1510239909),
(115, 'Nhà hàng Rượu Vang Quo Vadis', '5/7 - 5/8 Nguyễn Siêu, Quận 1, Tp.Hồ Chí Minh', '3827 4313', 'upload/restaurant71001.jpg', NULL, 3, NULL, NULL, '1', 85, 2, 30, 1, 0, 1510239977, 1510239977),
(116, 'Hàng Dương Quán', '224 Đường 48, Quận 4, TP. Hồ Chí Minh', '38264439', 'upload/restaurant41528.jpg', NULL, 3, NULL, NULL, '1', 86, 2, 44, 1, 0, 1510240124, 1510240124),
(117, 'Đặc Sản Trảng Bàng HOÀNG TY', '120 Thành Thái, Quận 10, TP. Hồ Chí Minh', '3979 7747', 'upload/restaurant24498.jpg', NULL, 3, NULL, NULL, '1', 87, 2, 42, 1, 0, 1510240574, 1510240574),
(118, 'Nhà hàng Lẩu Dê SOS Làng Hoa', '12 Đường 10, Quận Gò Vấp, TP. Hồ Chí Minh', '35895718', 'upload/restaurant21552.jpg', NULL, 3, NULL, NULL, '1', 88, 2, 7, 1, 0, 1510240626, 1510243575),
(119, 'Nhà hàng WE (Bún Ta)', '17 Nguyễn Đình Chiểu, Quận 3, TP Hồ Chí Minh.', '39309604', 'upload/restaurant21873.jpg', NULL, 3, NULL, NULL, '1', 89, 2, 39, 1, 0, 1510240685, 1510240685),
(120, 'Nhà hàng Chay Âu Lạc Healthy World', '237 Xô Viết Nghệ Tĩnh, Q. Bình Thạnh, TP. Hồ Chí Minh.', '38992923', 'upload/restaurant96826.jpg', NULL, 3, NULL, NULL, '1', 90, 2, 32, 1, 0, 1510240743, 1510240743),
(121, 'MC RESTAURANT', '119 Hòa Hưng, Quận 10, TP.Hồ Chí Minh.', '38626705', 'upload/restaurant82663.jpg', NULL, 3, NULL, NULL, '1', 91, 2, 42, 1, 0, 1510240809, 1510240809),
(122, 'Annamite Restaurant', '546 CMT8, Quận 3, TP. Hồ Chí Minh.', '08 3366 4567', 'upload/restaurant76818.jpg', NULL, 3, NULL, NULL, '1', 92, 2, 39, 1, 0, 1510243060, 1510243387),
(123, 'Nhà Hàng SEN MỘC', '35 Lê Sỹ, Quận Tân Bình, Tp. Hồ Chí Minh', '22222645', 'upload/restaurant11180.jpg', NULL, 3, NULL, NULL, '1', 93, 2, 35, 1, 0, 1510243117, 1510243117),
(124, 'Lẩu Băng Chuyền KichiKichi', '84 Cao Thắng, Quận 3, TP. Hồ Chí Minh', '38329379', 'upload/restaurant33321.jpg', NULL, 3, NULL, NULL, '1', 94, 2, 39, 1, 0, 1510243173, 1510243173),
(125, 'Nhà hàng KABA', '31 Phan Văn Trị, Quận 5, TP. Hồ Chí Minh.', '33332299', 'upload/restaurant73598.jpg', NULL, 3, NULL, NULL, '1', 95, 2, 45, 1, 0, 1510243219, 1510243219),
(126, 'sfdffdsjkhdj', '', '45435', 'upload/restaurant69784.jpg', NULL, 3, NULL, NULL, 'Đang hoạt động', 219, 5, 8, 1, 0, 1510902601, 1510902601);

-- --------------------------------------------------------

--
-- Table structure for table `restaurant_image`
--

CREATE TABLE `restaurant_image` (
  `id` int(11) NOT NULL,
  `image` varchar(255) COLLATE utf8_unicode_ci NOT NULL,
  `restaurant_id` int(11) DEFAULT NULL,
  `created_at` int(11) NOT NULL,
  `updated_at` int(11) NOT NULL
) ENGINE=InnoDB DEFAULT CHARSET=utf8 COLLATE=utf8_unicode_ci;

--
-- Dumping data for table `restaurant_image`
--

INSERT INTO `restaurant_image` (`id`, `image`, `restaurant_id`, `created_at`, `updated_at`) VALUES
(2, 'upload/slider90870.jpg	', 27, 0, 0),
(3, 'upload/slider28982.jpg	', 28, 0, 0),
(4, 'upload/slider65233.jpg	', 41, 0, 0);

-- --------------------------------------------------------

--
-- Table structure for table `restaurant_user`
--

CREATE TABLE `restaurant_user` (
  `id` int(11) NOT NULL,
  `cookie_id` varchar(225) COLLATE utf8_unicode_ci DEFAULT NULL,
  `user_id` int(11) NOT NULL,
  `restaurant_id` int(11) NOT NULL,
  `district_id` int(11) NOT NULL,
  `city_id` int(11) NOT NULL,
  `distance` double DEFAULT NULL,
  `no_suggestion` double DEFAULT NULL,
  `created_at` int(11) NOT NULL,
  `updated_at` int(11) NOT NULL
) ENGINE=InnoDB DEFAULT CHARSET=utf8 COLLATE=utf8_unicode_ci;

-- --------------------------------------------------------

--
-- Table structure for table `slider`
--

CREATE TABLE `slider` (
  `id` int(11) NOT NULL,
  `image` varchar(255) COLLATE utf8_unicode_ci NOT NULL,
  `created_at` int(11) NOT NULL,
  `updated_at` int(11) NOT NULL
) ENGINE=InnoDB DEFAULT CHARSET=utf8 COLLATE=utf8_unicode_ci;

--
-- Dumping data for table `slider`
--

INSERT INTO `slider` (`id`, `image`, `created_at`, `updated_at`) VALUES
(1, 'upload/slider90870.jpg', 1508946744, 1508946744),
(2, 'upload/slider28982.jpg', 1508946929, 1508946929),
(3, 'upload/slider65233.jpg', 1508946974, 1508946974);

-- --------------------------------------------------------

--
-- Table structure for table `user`
--

CREATE TABLE `user` (
  `id` int(11) NOT NULL,
  `username` varchar(255) COLLATE utf8_unicode_ci NOT NULL,
  `auth_key` varchar(32) COLLATE utf8_unicode_ci DEFAULT NULL,
  `password_hash` varchar(255) COLLATE utf8_unicode_ci DEFAULT NULL,
  `password_reset_token` varchar(255) COLLATE utf8_unicode_ci DEFAULT NULL,
  `email` varchar(255) COLLATE utf8_unicode_ci DEFAULT NULL,
  `avatar` varchar(225) COLLATE utf8_unicode_ci DEFAULT NULL,
  `role` int(11) DEFAULT '3',
  `address` varchar(255) COLLATE utf8_unicode_ci DEFAULT NULL,
  `hobby` varchar(255) COLLATE utf8_unicode_ci DEFAULT NULL,
  `status` smallint(6) NOT NULL DEFAULT '1',
  `created_at` int(11) DEFAULT NULL,
  `updated_at` int(11) DEFAULT NULL
) ENGINE=InnoDB DEFAULT CHARSET=utf8 COLLATE=utf8_unicode_ci;

--
-- Dumping data for table `user`
--

INSERT INTO `user` (`id`, `username`, `auth_key`, `password_hash`, `password_reset_token`, `email`, `avatar`, `role`, `address`, `hobby`, `status`, `created_at`, `updated_at`) VALUES
(1, 'Admin', 'BDOFgWVodItf8Ltjfrst71aVvbmUMOBw', '$2y$13$DLMP/Zc5prXDOWaVao9ivuza81wkdA3ZqrTEAfTCSb7dsEdTPRaz2', NULL, 'Admin@gmail.com', 'upload/restaurant53331.png', 1, '85 Trần Cao Vân, Hải Châu, Đà Nẵng', NULL, 10, 1508914034, 1508914034),
(2, 'Manager', 'BDOFgWVodItf8Ltjfrst71aVvbmUMOBw', '$2y$13$DLMP/Zc5prXDOWaVao9ivuza81wkdA3ZqrTEAfTCSb7dsEdTPRaz2', '', 'manager@gmail.com', '', 3, '92 Tôn Đức Thắng, Liên Chiểu, Đà Nẵng', 'Sport, Novel, Film, Shop...', 10, 1508914034, 1508914034),
(6, 'User 001', 'bbGFcW409CXLyGx7U_VLqTz8n2XICC10', '$2y$13$gbmtXGw72v8aac0bqPtcdu4u3gFj77uW7RXIKqA8goU4FVEgBIpnu', NULL, 'user001@gmail.com', '', 3, '126 Tôn Đức Thắng, Liên Chiểu, Đà Nẵng', NULL, 10, 1508992551, 1508992551),
(7, 'User 002', 'KS5BlQ7aXpfmFqM8Fffll_xE1oq00rAm', '$2y$13$ZlsVqAE7P8h6dsqvfeOeyePHTatwCp4KusZICHJkgUICddVHVDNPi', NULL, 'user002@gmail.com', '', 3, '78 Xô Viết Nghệ Tĩnh, Sơn Trà, Đà Nẵng', NULL, 10, 1509089980, 1509089980),
(8, 'User 003', 'x1gT3V95cBlFyf_sACzf-AHcNUN6TRPu', '$2y$13$I1GFbHkUIYPXtUEFNfT5XeYgiNylUwAVzyifMlxww3Zves6fqMEYO', NULL, 'user003@gmail.com', 'upload/restaurant40381.png', 3, '87 Nguyễn Văn Linh, Hải Châu, Đà Nẵng', NULL, 10, 1509090013, 1509090013),
(9, 'User 004', 'AwwRk1jmIxjaPgPPzqP-_26ptHCdft9Y', '$2y$13$Q.3NjdS23T5quPU/k.LNiOpw3CHnJvQdblWvfbmAYeXpR.KKN0Gk.', NULL, 'user004@gmail.com', 'upload/restaurant9152.jpg', 3, '124 Lê Luẩn, Hải Châu, Đà Nẵng', NULL, 10, 1509090042, 1509090042),
(10, 'User 007', 'BXY1BnwOiSjPPwR4ttm51JUR2s5rVXFA', '$2y$13$pk0r6CAyVYyoJBZ7aOhF2OiO5Ye5gFNxvx8VjesddWEpRNsiBpxV.', NULL, 'user007@gmail.com', '', 3, '98 Nguyễn Lương Bằng, Liên Chiểu, Đà Nẵng', NULL, 10, 1509093206, 1509093206),
(11, 'User 008', 'bbGFcW409CXLyGx7U_VLqTz8n2XICC10', '$2y$13$gbmtXGw72v8aac0bqPtcdu4u3gFj77uW7RXIKqA8goU4FVEgBIpnu', NULL, 'user008@gmail.com', '', 3, '126 Tôn Đức Thắng, Liên Chiểu, Đà Nẵng', NULL, 10, 1508992551, 1508992551),
(12, 'User 009', 'KS5BlQ7aXpfmFqM8Fffll_xE1oq00rAm', '$2y$13$ZlsVqAE7P8h6dsqvfeOeyePHTatwCp4KusZICHJkgUICddVHVDNPi', NULL, 'user009@gmail.com', 'upload/restaurant675.png', 3, '78 Xô Viết Nghệ Tĩnh, Sơn Trà, Đà Nẵng', NULL, 10, 1509089980, 1509089980),
(13, 'User 010', 'x1gT3V95cBlFyf_sACzf-AHcNUN6TRPu', '$2y$13$I1GFbHkUIYPXtUEFNfT5XeYgiNylUwAVzyifMlxww3Zves6fqMEYO', NULL, 'user010@gmail.com', '', 3, '87 Nguyễn Văn Linh, Hải Châu, Đà Nẵng', NULL, 10, 1509090013, 1509090013),
(14, 'User 011', 'AwwRk1jmIxjaPgPPzqP-_26ptHCdft9Y', '$2y$13$Q.3NjdS23T5quPU/k.LNiOpw3CHnJvQdblWvfbmAYeXpR.KKN0Gk.', NULL, 'user011@gmail.com', 'upload/restaurant1144.png', 3, '124 Lê Luẩn, Hải Châu, Đà Nẵng', NULL, 10, 1509090042, 1509090042),
(15, 'User 012', 'BXY1BnwOiSjPPwR4ttm51JUR2s5rVXFA', '$2y$13$pk0r6CAyVYyoJBZ7aOhF2OiO5Ye5gFNxvx8VjesddWEpRNsiBpxV.', NULL, 'user00x7@gmail.com', '', 3, '98 Nguyễn Lương Bằng, Liên Chiểu, Đà Nẵng', NULL, 10, 1509093206, 1509093206),
(16, 'Adminx', 'BDOFgWVodItf8Ltjfrst71aVvbmUMOBw', '$2y$13$DLMP/Zc5prXDOWaVao9ivuza81wkdA3ZqrTEAfTCSb7dsEdTPRaz2', NULL, 'Admifdn@gmail.com', '', 3, '85 Trần Cao Vân, Hải Châu, Đà Nẵng', NULL, 1, 0, 0),
(17, 'User 013', 'mqFiVvq4pv0_4sdko_owgg7HIEgHuDHY', '$2y$13$cD/E5V8tIRIW1y69UZYzNuYYfGx1hVkxak5QW8DMp6Kcush/0zfpq', NULL, 'User013@gmail.com', NULL, 3, '78 Xô Viết Nghệ Tĩnh, Sơn Trà, Đà Nẵng', NULL, 10, 1509258455, 1509258455),
(19, 'User 14', '123456', '123456', NULL, 'user14@gmail.com', NULL, 3, NULL, NULL, 1, NULL, NULL),
(20, 'User 15', '123456', '123456', NULL, 'user15@gmail.com', NULL, 3, NULL, NULL, 1, NULL, NULL),
(21, 'User 16', '123456', '123456', NULL, 'user16@gmail.com', NULL, 3, NULL, NULL, 1, NULL, NULL),
(22, 'User 17', '123456', '123456', NULL, 'user17@gmail.com', NULL, 3, NULL, NULL, 1, NULL, NULL),
(23, 'User 18', '123456', '123456', NULL, 'user18@gmail.com', NULL, 3, NULL, NULL, 1, NULL, NULL),
(24, 'User 19', '123456', '123456', NULL, 'user19@gmail.com', NULL, 3, NULL, NULL, 1, NULL, NULL),
(25, 'User 20', '123456', '123456', NULL, 'user20@gmail.com', NULL, 3, NULL, NULL, 1, NULL, NULL),
(26, 'User 21', '123456', '123456', NULL, 'user21@gmail.com', NULL, 3, NULL, NULL, 1, NULL, NULL),
(27, 'User 22', '123456', '123456', NULL, 'user22@gmail.com', NULL, 3, NULL, NULL, 1, NULL, NULL),
(28, 'User 23', '123456', '123456', NULL, 'user23@gmail.com', NULL, 3, NULL, NULL, 1, NULL, NULL),
(29, 'User 24', '123456', '123456', NULL, 'user24@gmail.com', NULL, 3, NULL, NULL, 1, NULL, NULL),
(30, 'User 25', '123456', '123456', NULL, 'user25@gmail.com', NULL, 3, NULL, NULL, 1, NULL, NULL),
(31, 'User 26', '123456', '123456', NULL, 'user26@gmail.com', NULL, 3, NULL, NULL, 1, NULL, NULL),
(32, 'User 27', '123456', '123456', NULL, 'user27@gmail.com', NULL, 3, NULL, NULL, 1, NULL, NULL),
(33, 'User 28', '123456', '123456', NULL, 'user28@gmail.com', NULL, 3, NULL, NULL, 1, NULL, NULL),
(34, 'User 29', '123456', '123456', NULL, 'user29@gmail.com', NULL, 3, NULL, NULL, 1, NULL, NULL),
(35, 'User 30', '123456', '123456', NULL, 'user30@gmail.com', NULL, 3, NULL, NULL, 1, NULL, NULL),
(36, 'User 31', '123456', '123456', NULL, 'user31@gmail.com', NULL, 3, NULL, NULL, 1, NULL, NULL),
(37, 'User 32', '123456', '123456', NULL, 'user32@gmail.com', NULL, 3, NULL, NULL, 1, NULL, NULL),
(38, 'User 33', '123456', '123456', NULL, 'user33@gmail.com', NULL, 3, NULL, NULL, 1, NULL, NULL),
(39, 'User 34', '123456', '123456', NULL, 'user34@gmail.com', NULL, 3, NULL, NULL, 1, NULL, NULL),
(40, 'User 35', '123456', '123456', NULL, 'user35@gmail.com', NULL, 3, NULL, NULL, 1, NULL, NULL),
(41, 'User 36', '123456', '123456', NULL, 'user36@gmail.com', NULL, 3, NULL, NULL, 1, NULL, NULL),
(42, 'User 37', '123456', '123456', NULL, 'user37@gmail.com', NULL, 3, NULL, NULL, 1, NULL, NULL),
(43, 'User 38', '123456', '123456', NULL, 'user38@gmail.com', NULL, 3, NULL, NULL, 1, NULL, NULL),
(44, 'User 39', '123456', '123456', NULL, 'user39@gmail.com', NULL, 3, NULL, NULL, 1, NULL, NULL),
(45, 'User 40', '123456', '123456', NULL, 'user40@gmail.com', NULL, 3, NULL, NULL, 1, NULL, NULL),
(46, 'User 41', '123456', '123456', NULL, 'user41@gmail.com', NULL, 3, NULL, NULL, 1, NULL, NULL),
(47, 'User 42', '123456', '123456', NULL, 'user42@gmail.com', NULL, 3, NULL, NULL, 1, NULL, NULL),
(48, 'User 43', '123456', '123456', NULL, 'user43@gmail.com', NULL, 3, NULL, NULL, 1, NULL, NULL),
(49, 'User 44', '123456', '123456', NULL, 'user44@gmail.com', NULL, 3, NULL, NULL, 1, NULL, NULL),
(50, 'User 45', '123456', '123456', NULL, 'user45@gmail.com', NULL, 3, NULL, NULL, 1, NULL, NULL),
(51, 'User 46', '123456', '123456', NULL, 'user46@gmail.com', NULL, 3, NULL, NULL, 1, NULL, NULL),
(52, 'User 47', '123456', '123456', NULL, 'user47@gmail.com', NULL, 3, NULL, NULL, 1, NULL, NULL),
(53, 'User 48', '123456', '123456', NULL, 'user48@gmail.com', NULL, 3, NULL, NULL, 1, NULL, NULL),
(54, 'User 49', '123456', '123456', NULL, 'user49@gmail.com', NULL, 3, NULL, NULL, 1, NULL, NULL),
(55, 'User 50', '123456', '123456', NULL, 'user50@gmail.com', NULL, 3, NULL, NULL, 1, NULL, NULL),
(56, 'User 51', '123456', '123456', NULL, 'user51@gmail.com', NULL, 3, NULL, NULL, 1, NULL, NULL),
(57, 'User 52', '123456', '123456', NULL, 'user52@gmail.com', NULL, 3, NULL, NULL, 1, NULL, NULL),
(58, 'User 53', '123456', '123456', NULL, 'user53@gmail.com', NULL, 3, NULL, NULL, 1, NULL, NULL),
(59, 'User 54', '123456', '123456', NULL, 'user54@gmail.com', NULL, 3, NULL, NULL, 1, NULL, NULL),
(60, 'User 55', '123456', '123456', NULL, 'user55@gmail.com', NULL, 3, NULL, NULL, 1, NULL, NULL),
(61, 'User 56', '123456', '123456', NULL, 'user56@gmail.com', NULL, 3, NULL, NULL, 1, NULL, NULL),
(62, 'User 57', '123456', '123456', NULL, 'user57@gmail.com', NULL, 3, NULL, NULL, 1, NULL, NULL),
(63, 'User 58', '123456', '123456', NULL, 'user58@gmail.com', NULL, 3, NULL, NULL, 1, NULL, NULL),
(64, 'User 59', '123456', '123456', NULL, 'user59@gmail.com', NULL, 3, NULL, NULL, 1, NULL, NULL),
(65, 'User 60', '123456', '123456', NULL, 'user60@gmail.com', NULL, 3, NULL, NULL, 1, NULL, NULL),
(66, 'User 61', '123456', '123456', NULL, 'user61@gmail.com', NULL, 3, NULL, NULL, 1, NULL, NULL),
(67, 'User 62', '123456', '123456', NULL, 'user62@gmail.com', NULL, 3, NULL, NULL, 1, NULL, NULL),
(68, 'User 63', '123456', '123456', NULL, 'user63@gmail.com', NULL, 3, NULL, NULL, 1, NULL, NULL),
(69, 'User 64', '123456', '123456', NULL, 'user64@gmail.com', NULL, 3, NULL, NULL, 1, NULL, NULL),
(70, 'User 65', '123456', '123456', NULL, 'user65@gmail.com', NULL, 3, NULL, NULL, 1, NULL, NULL),
(71, 'User 66', '123456', '123456', NULL, 'user66@gmail.com', NULL, 3, NULL, NULL, 1, NULL, NULL),
(72, 'User 67', '123456', '123456', NULL, 'user67@gmail.com', NULL, 3, NULL, NULL, 1, NULL, NULL),
(73, 'User 68', '123456', '123456', NULL, 'user68@gmail.com', NULL, 3, NULL, NULL, 1, NULL, NULL),
(74, 'User 69', '123456', '123456', NULL, 'user69@gmail.com', NULL, 3, NULL, NULL, 1, NULL, NULL),
(75, 'User 70', '123456', '123456', NULL, 'user70@gmail.com', NULL, 3, NULL, NULL, 1, NULL, NULL),
(76, 'User 71', '123456', '123456', NULL, 'user71@gmail.com', NULL, 3, NULL, NULL, 1, NULL, NULL),
(77, 'User 72', '123456', '123456', NULL, 'user72@gmail.com', NULL, 3, NULL, NULL, 1, NULL, NULL),
(78, 'User 73', '123456', '123456', NULL, 'user73@gmail.com', NULL, 3, NULL, NULL, 1, NULL, NULL),
(79, 'User 74', '123456', '123456', NULL, 'user74@gmail.com', NULL, 3, NULL, NULL, 1, NULL, NULL),
(80, 'User 75', '123456', '123456', NULL, 'user75@gmail.com', NULL, 3, NULL, NULL, 1, NULL, NULL),
(81, 'User 76', '123456', '123456', NULL, 'user76@gmail.com', NULL, 3, NULL, NULL, 1, NULL, NULL),
(82, 'User 77', '123456', '123456', NULL, 'user77@gmail.com', NULL, 3, NULL, NULL, 1, NULL, NULL),
(83, 'User 78', '123456', '123456', NULL, 'user78@gmail.com', NULL, 3, NULL, NULL, 1, NULL, NULL),
(84, 'User 79', '123456', '123456', NULL, 'user79@gmail.com', NULL, 3, NULL, NULL, 1, NULL, NULL),
(85, 'User 80', '123456', '123456', NULL, 'user80@gmail.com', NULL, 3, NULL, NULL, 1, NULL, NULL),
(86, 'User 81', '123456', '123456', NULL, 'user81@gmail.com', NULL, 3, NULL, NULL, 1, NULL, NULL),
(87, 'User 82', '123456', '123456', NULL, 'user82@gmail.com', NULL, 3, NULL, NULL, 1, NULL, NULL),
(88, 'User 83', '123456', '123456', NULL, 'user83@gmail.com', NULL, 3, NULL, NULL, 1, NULL, NULL),
(89, 'User 84', '123456', '123456', NULL, 'user84@gmail.com', NULL, 3, NULL, NULL, 1, NULL, NULL),
(90, 'User 85', '123456', '123456', NULL, 'user85@gmail.com', NULL, 3, NULL, NULL, 1, NULL, NULL),
(91, 'User 86', '123456', '123456', NULL, 'user86@gmail.com', NULL, 3, NULL, NULL, 1, NULL, NULL),
(92, 'User 87', '123456', '123456', NULL, 'user87@gmail.com', NULL, 3, NULL, NULL, 1, NULL, NULL),
(93, 'User 88', '123456', '123456', NULL, 'user88@gmail.com', NULL, 3, NULL, NULL, 1, NULL, NULL),
(94, 'User 89', '123456', '123456', NULL, 'user89@gmail.com', NULL, 3, NULL, NULL, 1, NULL, NULL),
(95, 'User 90', '123456', '123456', NULL, 'user90@gmail.com', NULL, 3, NULL, NULL, 1, NULL, NULL),
(96, 'User 91', '123456', '123456', NULL, 'user91@gmail.com', NULL, 3, NULL, NULL, 1, NULL, NULL),
(97, 'User 92', '123456', '123456', NULL, 'user92@gmail.com', NULL, 3, NULL, NULL, 1, NULL, NULL),
(98, 'User 93', '123456', '123456', NULL, 'user93@gmail.com', NULL, 3, NULL, NULL, 1, NULL, NULL),
(99, 'User 94', '123456', '123456', NULL, 'user94@gmail.com', NULL, 3, NULL, NULL, 1, NULL, NULL),
(100, 'User 95', '123456', '123456', NULL, 'user95@gmail.com', NULL, 3, NULL, NULL, 1, NULL, NULL),
(101, 'User 96', '123456', '123456', NULL, 'user96@gmail.com', NULL, 3, NULL, NULL, 1, NULL, NULL),
(102, 'User 97', '123456', '123456', NULL, 'user97@gmail.com', NULL, 3, NULL, NULL, 1, NULL, NULL),
(103, 'User 98', '123456', '123456', NULL, 'user98@gmail.com', NULL, 3, NULL, NULL, 1, NULL, NULL),
(104, 'User 99', '123456', '123456', NULL, 'user99@gmail.com', NULL, 3, NULL, NULL, 1, NULL, NULL),
(105, 'User 100', '123456', '123456', NULL, 'user100@gmail.com', NULL, 3, NULL, NULL, 1, NULL, NULL),
(106, 'User 101', '123456', '123456', NULL, 'user101@gmail.com', NULL, 3, NULL, NULL, 1, NULL, NULL),
(107, 'User 102', '123456', '123456', NULL, 'user102@gmail.com', NULL, 3, NULL, NULL, 1, NULL, NULL),
(108, 'User 103', '123456', '123456', NULL, 'user103@gmail.com', NULL, 3, NULL, NULL, 1, NULL, NULL),
(109, 'User 104', '123456', '123456', NULL, 'user104@gmail.com', NULL, 3, NULL, NULL, 1, NULL, NULL),
(110, 'User 105', '123456', '123456', NULL, 'user105@gmail.com', NULL, 3, NULL, NULL, 1, NULL, NULL),
(111, 'User 106', '123456', '123456', NULL, 'user106@gmail.com', NULL, 3, NULL, NULL, 1, NULL, NULL),
(112, 'User 107', '123456', '123456', NULL, 'user107@gmail.com', NULL, 3, NULL, NULL, 1, NULL, NULL),
(113, 'User 108', '123456', '123456', NULL, 'user108@gmail.com', NULL, 3, NULL, NULL, 1, NULL, NULL),
(114, 'User 109', '123456', '123456', NULL, 'user109@gmail.com', NULL, 3, NULL, NULL, 1, NULL, NULL),
(115, 'User 110', '123456', '123456', NULL, 'user110@gmail.com', NULL, 3, NULL, NULL, 1, NULL, NULL),
(116, 'User 111', '123456', '123456', NULL, 'user111@gmail.com', NULL, 3, NULL, NULL, 1, NULL, NULL),
(117, 'User 112', '123456', '123456', NULL, 'user112@gmail.com', NULL, 3, NULL, NULL, 1, NULL, NULL),
(118, 'User 113', '123456', '123456', NULL, 'user113@gmail.com', NULL, 3, NULL, NULL, 1, NULL, NULL),
(119, 'User 114', '123456', '123456', NULL, 'user114@gmail.com', NULL, 3, NULL, NULL, 1, NULL, NULL),
(120, 'User 115', '123456', '123456', NULL, 'user115@gmail.com', NULL, 3, NULL, NULL, 1, NULL, NULL),
(121, 'User 116', '123456', '123456', NULL, 'user116@gmail.com', NULL, 3, NULL, NULL, 1, NULL, NULL),
(122, 'User 117', '123456', '123456', NULL, 'user117@gmail.com', NULL, 3, NULL, NULL, 1, NULL, NULL),
(123, 'User 118', '123456', '123456', NULL, 'user118@gmail.com', NULL, 3, NULL, NULL, 1, NULL, NULL),
(124, 'User 119', '123456', '123456', NULL, 'user119@gmail.com', NULL, 3, NULL, NULL, 1, NULL, NULL),
(125, 'User 120', '123456', '123456', NULL, 'user120@gmail.com', NULL, 3, NULL, NULL, 1, NULL, NULL),
(126, 'User 121', '123456', '123456', NULL, 'user121@gmail.com', NULL, 3, NULL, NULL, 1, NULL, NULL),
(127, 'User 122', '123456', '123456', NULL, 'user122@gmail.com', NULL, 3, NULL, NULL, 1, NULL, NULL),
(128, 'User 123', '123456', '123456', NULL, 'user123@gmail.com', NULL, 3, NULL, NULL, 1, NULL, NULL),
(129, 'User 124', '123456', '123456', NULL, 'user124@gmail.com', NULL, 3, NULL, NULL, 1, NULL, NULL),
(130, 'User 125', '123456', '123456', NULL, 'user125@gmail.com', NULL, 3, NULL, NULL, 1, NULL, NULL),
(131, 'User 126', '123456', '123456', NULL, 'user126@gmail.com', NULL, 3, NULL, NULL, 1, NULL, NULL),
(132, 'User 127', '123456', '123456', NULL, 'user127@gmail.com', NULL, 3, NULL, NULL, 1, NULL, NULL),
(133, 'User 128', '123456', '123456', NULL, 'user128@gmail.com', NULL, 3, NULL, NULL, 1, NULL, NULL),
(134, 'User 129', '123456', '123456', NULL, 'user129@gmail.com', NULL, 3, NULL, NULL, 1, NULL, NULL),
(135, 'User 130', '123456', '123456', NULL, 'user130@gmail.com', NULL, 3, NULL, NULL, 1, NULL, NULL),
(136, 'User 131', '123456', '123456', NULL, 'user131@gmail.com', NULL, 3, NULL, NULL, 1, NULL, NULL),
(137, 'User 132', '123456', '123456', NULL, 'user132@gmail.com', NULL, 3, NULL, NULL, 1, NULL, NULL),
(138, 'User 133', '123456', '123456', NULL, 'user133@gmail.com', NULL, 3, NULL, NULL, 1, NULL, NULL),
(139, 'User 134', '123456', '123456', NULL, 'user134@gmail.com', NULL, 3, NULL, NULL, 1, NULL, NULL),
(140, 'User 135', '123456', '123456', NULL, 'user135@gmail.com', NULL, 3, NULL, NULL, 1, NULL, NULL),
(141, 'User 136', '123456', '123456', NULL, 'user136@gmail.com', NULL, 3, NULL, NULL, 1, NULL, NULL),
(142, 'User 137', '123456', '123456', NULL, 'user137@gmail.com', NULL, 3, NULL, NULL, 1, NULL, NULL),
(143, 'User 138', '123456', '123456', NULL, 'user138@gmail.com', NULL, 3, NULL, NULL, 1, NULL, NULL),
(144, 'User 139', '123456', '123456', NULL, 'user139@gmail.com', NULL, 3, NULL, NULL, 1, NULL, NULL),
(145, 'User 140', '123456', '123456', NULL, 'user140@gmail.com', NULL, 3, NULL, NULL, 1, NULL, NULL),
(146, 'User 141', '123456', '123456', NULL, 'user141@gmail.com', NULL, 3, NULL, NULL, 1, NULL, NULL),
(147, 'User 142', '123456', '123456', NULL, 'user142@gmail.com', NULL, 3, NULL, NULL, 1, NULL, NULL),
(148, 'User 143', '123456', '123456', NULL, 'user143@gmail.com', NULL, 3, NULL, NULL, 1, NULL, NULL),
(149, 'User 144', '123456', '123456', NULL, 'user144@gmail.com', NULL, 3, NULL, NULL, 1, NULL, NULL),
(150, 'User 145', '123456', '123456', NULL, 'user145@gmail.com', NULL, 3, NULL, NULL, 1, NULL, NULL),
(151, 'User 146', '123456', '123456', NULL, 'user146@gmail.com', NULL, 3, NULL, NULL, 1, NULL, NULL),
(152, 'User 147', '123456', '123456', NULL, 'user147@gmail.com', NULL, 3, NULL, NULL, 1, NULL, NULL),
(153, 'User 148', '123456', '123456', NULL, 'user148@gmail.com', NULL, 3, NULL, NULL, 1, NULL, NULL),
(154, 'User 149', '123456', '123456', NULL, 'user149@gmail.com', NULL, 3, NULL, NULL, 1, NULL, NULL),
(155, 'User 150', '123456', '123456', NULL, 'user150@gmail.com', NULL, 3, NULL, NULL, 1, NULL, NULL),
(156, 'User 151', '123456', '123456', NULL, 'user151@gmail.com', NULL, 3, NULL, NULL, 1, NULL, NULL),
(157, 'User 152', '123456', '123456', NULL, 'user152@gmail.com', NULL, 3, NULL, NULL, 1, NULL, NULL),
(158, 'User 153', '123456', '123456', NULL, 'user153@gmail.com', NULL, 3, NULL, NULL, 1, NULL, NULL),
(159, 'User 154', '123456', '123456', NULL, 'user154@gmail.com', NULL, 3, NULL, NULL, 1, NULL, NULL),
(160, 'User 155', '123456', '123456', NULL, 'user155@gmail.com', NULL, 3, NULL, NULL, 1, NULL, NULL),
(161, 'User 156', '123456', '123456', NULL, 'user156@gmail.com', NULL, 3, NULL, NULL, 1, NULL, NULL),
(162, 'User 157', '123456', '123456', NULL, 'user157@gmail.com', NULL, 3, NULL, NULL, 1, NULL, NULL),
(163, 'User 158', '123456', '123456', NULL, 'user158@gmail.com', NULL, 3, NULL, NULL, 1, NULL, NULL),
(164, 'User 159', '123456', '123456', NULL, 'user159@gmail.com', NULL, 3, NULL, NULL, 1, NULL, NULL),
(165, 'User 160', '123456', '123456', NULL, 'user160@gmail.com', NULL, 3, NULL, NULL, 1, NULL, NULL),
(166, 'User 161', '123456', '123456', NULL, 'user161@gmail.com', NULL, 3, NULL, NULL, 1, NULL, NULL),
(167, 'User 162', '123456', '123456', NULL, 'user162@gmail.com', NULL, 3, NULL, NULL, 1, NULL, NULL),
(168, 'User 163', '123456', '123456', NULL, 'user163@gmail.com', NULL, 3, NULL, NULL, 1, NULL, NULL),
(169, 'User 164', '123456', '123456', NULL, 'user164@gmail.com', NULL, 3, NULL, NULL, 1, NULL, NULL),
(170, 'User 165', '123456', '123456', NULL, 'user165@gmail.com', NULL, 3, NULL, NULL, 1, NULL, NULL),
(171, 'User 166', '123456', '123456', NULL, 'user166@gmail.com', NULL, 3, NULL, NULL, 1, NULL, NULL),
(172, 'User 167', '123456', '123456', NULL, 'user167@gmail.com', NULL, 3, NULL, NULL, 1, NULL, NULL),
(173, 'User 168', '123456', '123456', NULL, 'user168@gmail.com', NULL, 3, NULL, NULL, 1, NULL, NULL),
(174, 'User 169', '123456', '123456', NULL, 'user169@gmail.com', NULL, 3, NULL, NULL, 1, NULL, NULL),
(175, 'User 170', '123456', '123456', NULL, 'user170@gmail.com', NULL, 3, NULL, NULL, 1, NULL, NULL),
(176, 'User 171', '123456', '123456', NULL, 'user171@gmail.com', NULL, 3, NULL, NULL, 1, NULL, NULL),
(177, 'User 172', '123456', '123456', NULL, 'user172@gmail.com', NULL, 3, NULL, NULL, 1, NULL, NULL),
(178, 'User 173', '123456', '123456', NULL, 'user173@gmail.com', NULL, 3, NULL, NULL, 1, NULL, NULL),
(179, 'User 174', '123456', '123456', NULL, 'user174@gmail.com', NULL, 3, NULL, NULL, 1, NULL, NULL),
(180, 'User 175', '123456', '123456', NULL, 'user175@gmail.com', NULL, 3, NULL, NULL, 1, NULL, NULL),
(181, 'User 176', '123456', '123456', NULL, 'user176@gmail.com', NULL, 3, NULL, NULL, 1, NULL, NULL),
(182, 'User 177', '123456', '123456', NULL, 'user177@gmail.com', NULL, 3, NULL, NULL, 1, NULL, NULL),
(183, 'User 178', '123456', '123456', NULL, 'user178@gmail.com', NULL, 3, NULL, NULL, 1, NULL, NULL),
(184, 'User 179', '123456', '123456', NULL, 'user179@gmail.com', NULL, 3, NULL, NULL, 1, NULL, NULL),
(185, 'User 180', '123456', '123456', NULL, 'user180@gmail.com', NULL, 3, NULL, NULL, 1, NULL, NULL),
(186, 'User 181', '123456', '123456', NULL, 'user181@gmail.com', NULL, 3, NULL, NULL, 1, NULL, NULL),
(187, 'User 182', '123456', '123456', NULL, 'user182@gmail.com', NULL, 3, NULL, NULL, 1, NULL, NULL),
(188, 'User 183', '123456', '123456', NULL, 'user183@gmail.com', NULL, 3, NULL, NULL, 1, NULL, NULL),
(189, 'User 184', '123456', '123456', NULL, 'user184@gmail.com', NULL, 3, NULL, NULL, 1, NULL, NULL),
(190, 'User 185', '123456', '123456', NULL, 'user185@gmail.com', NULL, 3, NULL, NULL, 1, NULL, NULL),
(191, 'User 186', '123456', '123456', NULL, 'user186@gmail.com', NULL, 3, NULL, NULL, 1, NULL, NULL),
(192, 'User 187', '123456', '123456', NULL, 'user187@gmail.com', NULL, 3, NULL, NULL, 1, NULL, NULL),
(193, 'User 188', '123456', '123456', NULL, 'user188@gmail.com', NULL, 3, NULL, NULL, 1, NULL, NULL),
(194, 'User 189', '123456', '123456', NULL, 'user189@gmail.com', NULL, 3, NULL, NULL, 1, NULL, NULL),
(195, 'User 190', '123456', '123456', NULL, 'user190@gmail.com', NULL, 3, NULL, NULL, 1, NULL, NULL),
(196, 'User 191', '123456', '123456', NULL, 'user191@gmail.com', NULL, 3, NULL, NULL, 1, NULL, NULL),
(197, 'User 192', '123456', '123456', NULL, 'user192@gmail.com', NULL, 3, NULL, NULL, 1, NULL, NULL),
(198, 'User 193', '123456', '123456', NULL, 'user193@gmail.com', NULL, 3, NULL, NULL, 1, NULL, NULL),
(199, 'User 194', '123456', '123456', NULL, 'user194@gmail.com', NULL, 3, NULL, NULL, 1, NULL, NULL),
(200, 'User 195', '123456', '123456', NULL, 'user195@gmail.com', NULL, 3, NULL, NULL, 1, NULL, NULL),
(201, 'User 196', '123456', '123456', NULL, 'user196@gmail.com', NULL, 3, NULL, NULL, 1, NULL, NULL),
(202, 'User 197', '123456', '123456', NULL, 'user197@gmail.com', NULL, 3, NULL, NULL, 1, NULL, NULL),
(203, 'User 198', '123456', '123456', NULL, 'user198@gmail.com', NULL, 3, NULL, NULL, 1, NULL, NULL),
(204, 'User 199', '123456', '123456', NULL, 'user199@gmail.com', NULL, 3, NULL, NULL, 1, NULL, NULL),
(205, 'User 200', '123456', '123456', NULL, 'user200@gmail.com', NULL, 3, NULL, NULL, 1, NULL, NULL),
(206, 'tranvansy', 'yN0f6rt-ZhaAB3KR7IJtXCSMK2vD0Jt9', '$2y$13$qXuMwqWJ9TCjidXKyL9D4uSpHKtW1adNEGkPi4Ejn9bvyfYYPv.BG', NULL, 'tranvansy@gmail.com', NULL, 3, '127 Đồng Kè, Liên Chiểu, Đà Nẵng', NULL, 10, 1509604680, 1509604680),
(207, 'user01', 'JhoUJRci0r_CfY6j7EA6E3lFULlSZsfL', '$2y$13$0MM8XthTvk9igymCOejFkeNdT77LuT42SkNwdRlSyx.cew.NGnDQ6', NULL, 'user01@gmail.com', 'upload/restaurant59384.jpg', 3, '127 Đồng Kè, Liên Chiểu, Đà Nẵng', NULL, 10, 1509605870, 1509605870),
(208, 'user02', 'wSj51kWERRIh33nWa2UwR-X59s1O4h6Y', '$2y$13$kQ161QvqvbuabCgHRdg8kOYogcqvfkVEmOaFGD6Dn3cb7T5N.OSj6', NULL, 'user02@gmail.com', NULL, 3, '127 Đồng Kè, Liên Chiểu, Đà Nẵng', NULL, 10, 1509606414, 1509606414),
(209, 'user03', 'JIfeVlDIMTBtqlQsSDKNYevd7i-yjRxj', '$2y$13$Oos08roNXtFjyRGEWB129ees6AAi.phWU9szwVgK5oFaQU6yV566e', NULL, 'user03@gmail.com', NULL, 3, '127 Trần Phú, Hải Châu, Đà Nẵng', NULL, 10, 1510202838, 1510202838),
(210, 'user04', 'Qe_OIT0LUyqUPBGiAmbAZ-2gBiRxE4vq', '$2y$13$D9a6D4SFAHcL8uvns0.plecXV8RkMO9TMh9Tq5HOkpTWt4Cfxoxt2', NULL, 'user04@gmail.com', NULL, 3, '127 Đống Đa, Ngũ Hành Sơn, Đà Nẵng', NULL, 10, 1510204213, 1510204213),
(211, 'user05', 'JehRGGc48AO1CSorBBYx6lz5flr-SI41', '$2y$13$vgoC22RMrQ44GhBkQLKHyOI5RDWmx5pU2PnspWzkZOb3dkghTyip2', NULL, 'user05@gmail.com', NULL, 3, '29 Hồ Xuân Hương, Sơn Trà, Đà Nẵng', NULL, 10, 1510204351, 1510204351),
(212, 'user06', 'WDFgG9kOGwLYn4GNCAKy2JcsW4modgKR', '$2y$13$XnlKqOfhMSnFr3dfuDRs5u2cqTLQy2m9iSSykT25nuUlXXUcqh/3y', NULL, 'user06@gmail.com', NULL, 3, '490A Điện Biên Phủ, Q. Bình Thạnh, TP. HCM ', NULL, 10, 1510230394, 1510230394),
(213, 'Mins', 'ZrTo02prEvwVYmLY0zk3jW3KKYvQd5ic', '$2y$13$zPI5EVe0UANyvx0hfkVuZuLjVxzU6qpkp9lHAkkDBW9O8K5YLJSb2', NULL, 'mins@gmail.com', NULL, 3, '78 Xô Viết Nghệ Tĩnh, Sơn Trà, Đà Nẵng', NULL, 10, 1510283065, 1510283065),
(214, 'Man United', 'zOr-J6niXqsVnvzGGjvzJqHLxJlC_Kd2', '$2y$13$wo.D2sqDzi0wwra4IrHaQum2I.GhlRtRmq6Y6VA/sM0DVImvrVd1q', NULL, 'man@gmail.com', NULL, 3, '78 Nguyễn Lương Bằng, Liên Chiểu, Đà Nẵng', NULL, 10, 1510285216, 1510285216),
(215, 'Đà Nẵng', 'bZn5-K2hRHxBWzNj09hOgEdGSu7W7fxl', '$2y$13$BFw0ZCdaklX/OyZZRBsG3.zfIkdGAJHisPeHHYMFC0/hgDHD3SCfe', NULL, 'danang@gmail.com', NULL, 3, '76 Ngô Quyền, Sơn Trà, Đà Nẵng', NULL, 10, 1510290404, 1510290404),
(216, 'Hồ Chí Minh', '9XxS3IaL8QPuG6RoBTx60iETh9KsZ39w', '$2y$13$tH.3JQu6ZJ7UE1C8JTN0Ge3H2dssoRMuBC/qosM.1cVHoRN3Cv2PG', NULL, 'hcm@gmail.com', NULL, 3, ' Lô 20 Mỹ Đa Tây 2, Đống Đa, Hồ Chí Minh', NULL, 10, 1510290481, 1510290481),
(217, 'Hà Nội', 'vu6eri6xxZQ89fuvf6T1Q-fknC1lsoDx', '$2y$13$GqBgifByeoa2MrbF1dI2VeZ5XuNw7.e2Vu.JGWMZvnDns4n7GdffS', NULL, 'hanoi@gmail.com', NULL, 3, '84 Hoàng Hoa Thám, Ba Đình, Hà Nội', NULL, 10, 1510291091, 1510291091),
(218, 'No Address', 'FtYIlJe4kUpDDyGHrMLEvlKon0IYKDb0', '$2y$13$0KqEoGPCD7kwQjRu26WJTeQ6TzdC/t8yeRuNgjdtFZYobXRoCCptW', NULL, 'noadd@gmail.com', NULL, 3, '', NULL, 10, 1510291216, 1510291216),
(219, 'Restaurant', 'Pn22J3oeqr9zhVN1caH2knPFA2CZapYr', '$2y$13$Gy/qBFQfbCxLuo54vBxYIeX5KWOfuHNkuEDeN9IvFYhRaP7fNVV8e', NULL, 'aaa@gmail.com', NULL, 3, NULL, NULL, 10, 1510902570, 1510902570),
(220, 'da nang', 'EUTzjfsp6Ue7vGO7Dh55dv5-d1Tca1AE', '$2y$13$VVIxgezbOel7Q12KO1ewZ.U8leUPvH3AP7uzdMLNydo4zDnx6ilce', NULL, 'danang1@gmail.com', NULL, 3, '12 Âu Cơ, Quận Liên CHiểu, Đà Nẵng', NULL, 10, 1511595266, 1511595266),
(221, 'hanoi', 'bneXhF9mcj9mA_AvASqGhaU5Pt9j0HFs', '$2y$13$t5FCYTrtJX7EOufR15359ug.ZjKoTdfSSknKPPkBLQYBG23whSdjO', NULL, 'hanoi1@gmail.com', NULL, 3, NULL, NULL, 10, 1511595488, 1511595488),
(222, 'gfkgjfkg', 'VnectqW7gfqG7mY-5Rf1hQqh331lqt5n', '$2y$13$oYGKocD7aeWGoD/y8iJVv.SnFafwOyjfUuIi0Lgcr5.c8reqgz8Xa', NULL, 'tranvasnsy@gmail.com', NULL, 3, '127 Đồng Kè, Liên Chiểu, Đà Nẵng', NULL, 10, 1511620926, 1511620926),
(223, 'user10', 'UjL6b2-k7RdVvYhqvF6SV37uOwTWnL6g', '$2y$13$npuUYJUZAMVrMf04v9qmlemRV7DYKHAGJo71iMi8Dps3Hikq.dueu', NULL, 'user10@gmail.com', NULL, 3, '12 Trần Phú, Quận 3, TP Hồ Chí Minh', NULL, 10, 1512013012, 1512013012),
(224, 'Test', 'TY79tC7VZC8dncsxI8heRzCdaG4Wix1Z', '$2y$13$j1ymIxqBkZNxflpl4tIJbu9V1odXftqYPdkY7MfBUObx4U/3Y3Gxq', NULL, 'test@gmail.com', NULL, 3, 'fgfdgfg', NULL, 10, 1512051327, 1512051327),
(225, 'TP.DN', 'WvHZ3vqvxW-_h6mwAOW19iBnnSfIEjvY', '$2y$13$COsapEiFihRcliGycfdcj.kg3tL772gm9nyLXi57aMDxRN.saEBTi', NULL, 'tpdn@gmail.com', NULL, 3, '67 Nguyễn Du, Hải Châu, Đà Nẵng', NULL, 10, 1512051703, 1512051703),
(226, 'user07', 'Y_TaXe2AtpClphjU8Wb6c8fklLN_OVHD', '$2y$13$a7A0KXQ9o7gsUaLgfhfbs.BRHT0jsSgFx2rYHQNbGFxUSHXBqmubO', NULL, 'user07@gmail.com', NULL, 3, '68 Trần Phú, Quận 11, Hồ Chí Minh', NULL, 10, 1512082464, 1512082464),
(227, 'user08', 'dLpoe_ZJgQ9tBf5yp-n0CDbezmGi52DK', '$2y$13$5hT63tzHZWw4rSguLdDsX.LfI4M12NpAQS4V3q68TuRU4pan6XpkS', NULL, 'user08@gmail.com', NULL, 3, '56 Long Quân, Tây Hồ, Hà Nội', NULL, 10, 1512084594, 1512084594),
(228, 'user11', 'AddR3kuC4W-P_HJ2sOeBCAVV8NJ1jXgY', '$2y$13$AoYpdTlLl7acN/IIz5wyyeni1swfA8aw2Nylgmcw3EE7TkABoijlG', NULL, 'user11@gmail.com', NULL, 3, '86 Trần phú, Nguyễn Văn Linh, Đà Nẵng', NULL, 10, 1512089396, 1512089396),
(229, 'user12', 'u3VJXJXE2RKFM-EA_DFgx68rLvF8oS0G', '$2y$13$aBlbbmk1oG6MbG4ixvn8gOZaPyH4.cwO/XkVzjq10ectibGlRCEJa', NULL, 'user12@gmail.com', NULL, 3, '127 Đống Đa, Ngũ Hành Sơn, Đà Nẵng', NULL, 10, 1512101454, 1512101454),
(230, 'user13', 'pOdWwIHjGE63UoHCbLd8Lt7z1VQTcINd', '$2y$13$QJbfG2eyaZcOLgEFpejLMehnDDZE7qRwhCx.ZeOgqYr0YNUY3KqIi', NULL, 'user13@gmail.com', NULL, 3, '127 Đống Đa, Ngũ Hành Sơn, Đà Nẵng', NULL, 10, 1512267907, 1512267907);

-- --------------------------------------------------------

--
-- Table structure for table `vote`
--

CREATE TABLE `vote` (
  `user_id` bigint(20) NOT NULL,
  `model_id` bigint(20) NOT NULL,
  `model` varchar(32) COLLATE utf8_unicode_ci NOT NULL,
  `type` smallint(1) NOT NULL,
  `ip` varchar(15) COLLATE utf8_unicode_ci DEFAULT NULL,
  `created_at` datetime DEFAULT NULL,
  `updated_at` datetime DEFAULT NULL
) ENGINE=InnoDB DEFAULT CHARSET=utf8 COLLATE=utf8_unicode_ci;

--
-- Indexes for dumped tables
--

--
-- Indexes for table `auth_assignment`
--
ALTER TABLE `auth_assignment`
  ADD PRIMARY KEY (`item_name`,`user_id`);

--
-- Indexes for table `auth_item`
--
ALTER TABLE `auth_item`
  ADD PRIMARY KEY (`name`),
  ADD KEY `rule_name` (`rule_name`),
  ADD KEY `idx-auth_item-type` (`type`);

--
-- Indexes for table `auth_item_child`
--
ALTER TABLE `auth_item_child`
  ADD PRIMARY KEY (`parent`,`child`),
  ADD KEY `child` (`child`);

--
-- Indexes for table `auth_rule`
--
ALTER TABLE `auth_rule`
  ADD PRIMARY KEY (`name`);

--
-- Indexes for table `city`
--
ALTER TABLE `city`
  ADD PRIMARY KEY (`id`);

--
-- Indexes for table `comment`
--
ALTER TABLE `comment`
  ADD PRIMARY KEY (`id`),
  ADD KEY `fk-006` (`user_id`),
  ADD KEY `fk-007` (`restaurant_id`);

--
-- Indexes for table `contact`
--
ALTER TABLE `contact`
  ADD PRIMARY KEY (`id`);

--
-- Indexes for table `district`
--
ALTER TABLE `district`
  ADD PRIMARY KEY (`id`),
  ADD UNIQUE KEY `name` (`name`),
  ADD KEY `fk-010` (`city_id`);

--
-- Indexes for table `food`
--
ALTER TABLE `food`
  ADD PRIMARY KEY (`id`),
  ADD KEY `fk-008` (`restaurant_id`);

--
-- Indexes for table `migration`
--
ALTER TABLE `migration`
  ADD PRIMARY KEY (`version`);

--
-- Indexes for table `orders`
--
ALTER TABLE `orders`
  ADD PRIMARY KEY (`id`),
  ADD KEY `key_x` (`restaurant_id`),
  ADD KEY `pkod` (`user_id`);

--
-- Indexes for table `rating`
--
ALTER TABLE `rating`
  ADD PRIMARY KEY (`id`),
  ADD KEY `fk-004` (`user_id`),
  ADD KEY `fk-005` (`restaurant_id`);

--
-- Indexes for table `restaurant`
--
ALTER TABLE `restaurant`
  ADD PRIMARY KEY (`id`),
  ADD KEY `fk-002` (`district_id`),
  ADD KEY `fk-003` (`user_id`);

--
-- Indexes for table `restaurant_image`
--
ALTER TABLE `restaurant_image`
  ADD PRIMARY KEY (`id`),
  ADD KEY `fk-009` (`restaurant_id`);

--
-- Indexes for table `restaurant_user`
--
ALTER TABLE `restaurant_user`
  ADD PRIMARY KEY (`id`),
  ADD KEY `fk-0013` (`user_id`),
  ADD KEY `fk-0014` (`restaurant_id`),
  ADD KEY `fk-0015` (`district_id`),
  ADD KEY `fk_ccc` (`city_id`);

--
-- Indexes for table `slider`
--
ALTER TABLE `slider`
  ADD PRIMARY KEY (`id`);

--
-- Indexes for table `user`
--
ALTER TABLE `user`
  ADD PRIMARY KEY (`id`),
  ADD UNIQUE KEY `username` (`username`),
  ADD UNIQUE KEY `email` (`email`),
  ADD UNIQUE KEY `password_reset_token` (`password_reset_token`);

--
-- Indexes for table `vote`
--
ALTER TABLE `vote`
  ADD PRIMARY KEY (`user_id`,`model_id`,`model`,`type`);

--
-- AUTO_INCREMENT for dumped tables
--

--
-- AUTO_INCREMENT for table `city`
--
ALTER TABLE `city`
  MODIFY `id` int(11) NOT NULL AUTO_INCREMENT, AUTO_INCREMENT=7;

--
-- AUTO_INCREMENT for table `comment`
--
ALTER TABLE `comment`
  MODIFY `id` int(11) NOT NULL AUTO_INCREMENT, AUTO_INCREMENT=3551;

--
-- AUTO_INCREMENT for table `contact`
--
ALTER TABLE `contact`
  MODIFY `id` int(11) NOT NULL AUTO_INCREMENT, AUTO_INCREMENT=12;

--
-- AUTO_INCREMENT for table `district`
--
ALTER TABLE `district`
  MODIFY `id` int(11) NOT NULL AUTO_INCREMENT, AUTO_INCREMENT=51;

--
-- AUTO_INCREMENT for table `food`
--
ALTER TABLE `food`
  MODIFY `id` int(11) NOT NULL AUTO_INCREMENT, AUTO_INCREMENT=45;

--
-- AUTO_INCREMENT for table `orders`
--
ALTER TABLE `orders`
  MODIFY `id` int(11) NOT NULL AUTO_INCREMENT, AUTO_INCREMENT=31;

--
-- AUTO_INCREMENT for table `rating`
--
ALTER TABLE `rating`
  MODIFY `id` int(11) NOT NULL AUTO_INCREMENT, AUTO_INCREMENT=3508;

--
-- AUTO_INCREMENT for table `restaurant`
--
ALTER TABLE `restaurant`
  MODIFY `id` int(11) NOT NULL AUTO_INCREMENT, AUTO_INCREMENT=128;

--
-- AUTO_INCREMENT for table `restaurant_image`
--
ALTER TABLE `restaurant_image`
  MODIFY `id` int(11) NOT NULL AUTO_INCREMENT, AUTO_INCREMENT=5;

--
-- AUTO_INCREMENT for table `restaurant_user`
--
ALTER TABLE `restaurant_user`
  MODIFY `id` int(11) NOT NULL AUTO_INCREMENT;

--
-- AUTO_INCREMENT for table `slider`
--
ALTER TABLE `slider`
  MODIFY `id` int(11) NOT NULL AUTO_INCREMENT, AUTO_INCREMENT=4;

--
-- AUTO_INCREMENT for table `user`
--
ALTER TABLE `user`
  MODIFY `id` int(11) NOT NULL AUTO_INCREMENT, AUTO_INCREMENT=231;

--
-- Constraints for dumped tables
--

--
-- Constraints for table `auth_assignment`
--
ALTER TABLE `auth_assignment`
  ADD CONSTRAINT `auth_assignment_ibfk_1` FOREIGN KEY (`item_name`) REFERENCES `auth_item` (`name`) ON DELETE CASCADE ON UPDATE CASCADE;

--
-- Constraints for table `auth_item`
--
ALTER TABLE `auth_item`
  ADD CONSTRAINT `auth_item_ibfk_1` FOREIGN KEY (`rule_name`) REFERENCES `auth_rule` (`name`) ON DELETE SET NULL ON UPDATE CASCADE;

--
-- Constraints for table `auth_item_child`
--
ALTER TABLE `auth_item_child`
  ADD CONSTRAINT `auth_item_child_ibfk_1` FOREIGN KEY (`parent`) REFERENCES `auth_item` (`name`) ON DELETE CASCADE ON UPDATE CASCADE,
  ADD CONSTRAINT `auth_item_child_ibfk_2` FOREIGN KEY (`child`) REFERENCES `auth_item` (`name`) ON DELETE CASCADE ON UPDATE CASCADE;

--
-- Constraints for table `comment`
--
ALTER TABLE `comment`
  ADD CONSTRAINT `fk-006` FOREIGN KEY (`user_id`) REFERENCES `user` (`id`) ON DELETE CASCADE,
  ADD CONSTRAINT `fk-007` FOREIGN KEY (`restaurant_id`) REFERENCES `restaurant` (`id`) ON DELETE CASCADE;

--
-- Constraints for table `district`
--
ALTER TABLE `district`
  ADD CONSTRAINT `fk-010` FOREIGN KEY (`city_id`) REFERENCES `city` (`id`) ON DELETE CASCADE;

--
-- Constraints for table `food`
--
ALTER TABLE `food`
  ADD CONSTRAINT `fk-008` FOREIGN KEY (`restaurant_id`) REFERENCES `restaurant` (`id`) ON DELETE CASCADE;

--
-- Constraints for table `orders`
--
ALTER TABLE `orders`
  ADD CONSTRAINT `key_x` FOREIGN KEY (`restaurant_id`) REFERENCES `restaurant` (`id`),
  ADD CONSTRAINT `pkod` FOREIGN KEY (`user_id`) REFERENCES `user` (`id`);

--
-- Constraints for table `rating`
--
ALTER TABLE `rating`
  ADD CONSTRAINT `fk-004` FOREIGN KEY (`user_id`) REFERENCES `user` (`id`) ON DELETE CASCADE,
  ADD CONSTRAINT `fk-005` FOREIGN KEY (`restaurant_id`) REFERENCES `restaurant` (`id`) ON DELETE CASCADE;

--
-- Constraints for table `restaurant`
--
ALTER TABLE `restaurant`
  ADD CONSTRAINT `fk-002` FOREIGN KEY (`district_id`) REFERENCES `district` (`id`) ON DELETE CASCADE,
  ADD CONSTRAINT `fk-003` FOREIGN KEY (`user_id`) REFERENCES `user` (`id`) ON DELETE CASCADE;

--
-- Constraints for table `restaurant_image`
--
ALTER TABLE `restaurant_image`
  ADD CONSTRAINT `fk-009` FOREIGN KEY (`restaurant_id`) REFERENCES `restaurant` (`id`) ON DELETE CASCADE;

--
-- Constraints for table `restaurant_user`
--
ALTER TABLE `restaurant_user`
  ADD CONSTRAINT `fk-0013` FOREIGN KEY (`user_id`) REFERENCES `user` (`id`) ON DELETE CASCADE,
  ADD CONSTRAINT `fk-0014` FOREIGN KEY (`restaurant_id`) REFERENCES `restaurant` (`id`) ON DELETE CASCADE,
  ADD CONSTRAINT `fk-0015` FOREIGN KEY (`district_id`) REFERENCES `district` (`id`) ON DELETE CASCADE,
  ADD CONSTRAINT `fk_ccc` FOREIGN KEY (`city_id`) REFERENCES `city` (`id`);
COMMIT;

/*!40101 SET CHARACTER_SET_CLIENT=@OLD_CHARACTER_SET_CLIENT */;
/*!40101 SET CHARACTER_SET_RESULTS=@OLD_CHARACTER_SET_RESULTS */;
/*!40101 SET COLLATION_CONNECTION=@OLD_COLLATION_CONNECTION */;
